Passport,Afghanistan,Albania,Algeria,Andorra,Angola,Antigua and Barbuda,Argentina,Armenia,Australia,Austria,Azerbaijan,Bahamas,Bahrain,Bangladesh,Barbados,Belarus,Belgium,Belize,Benin,Bhutan,Bolivia,Bosnia and Herzegovina,Botswana,Brazil,Brunei,Bulgaria,Burkina Faso,Burundi,Cambodia,Cameroon,Canada,Cape Verde,Central African Republic,Chad,Chile,China,Colombia,Comoros,Congo,Costa Rica,Croatia,Cuba,Cyprus,Czech Republic,DR Congo,Denmark,Djibouti,Dominica,Dominican Republic,Ecuador,Egypt,El Salvador,Equatorial Guinea,Eritrea,Estonia,Ethiopia,Fiji,Finland,France,Gabon,Gambia,Georgia,Germany,Ghana,Greece,Grenada,Guatemala,Guinea,Guinea-Bissau,Guyana,Haiti,Honduras,Hong Kong,Hungary,Iceland,India,Indonesia,Iran,Iraq,Ireland,Israel,Italy,Ivory Coast,Jamaica,Japan,Jordan,Kazakhstan,Kenya,Kiribati,Kosovo,Kuwait,Kyrgyzstan,Laos,Latvia,Lebanon,Lesotho,Liberia,Libya,Liechtenstein,Lithuania,Luxembourg,Macao,Madagascar,Malawi,Malaysia,Maldives,Mali,Malta,Marshall Islands,Mauritania,Mauritius,Mexico,Micronesia,Moldova,Monaco,Mongolia,Montenegro,Morocco,Mozambique,Myanmar,Namibia,Nauru,Nepal,Netherlands,New Zealand,Nicaragua,Niger,Nigeria,North Korea,North Macedonia,Norway,Oman,Pakistan,Palau,Palestine,Panama,Papua New Guinea,Paraguay,Peru,Philippines,Poland,Portugal,Qatar,Romania,Russia,Rwanda,Saint Kitts and Nevis,Saint Lucia,Saint Vincent and the Grenadines,Samoa,San Marino,Sao Tome and Principe,Saudi Arabia,Senegal,Serbia,Seychelles,Sierra Leone,Singapore,Slovakia,Slovenia,Solomon Islands,Somalia,South Africa,South Korea,South Sudan,Spain,Sri Lanka,Sudan,Suriname,Swaziland,Sweden,Switzerland,Syria,Taiwan,Tajikistan,Tanzania,Thailand,Timor-Leste,Togo,Tonga,Trinidad and Tobago,Tunisia,Turkey,Turkmenistan,Tuvalu,Uganda,Ukraine,United Arab Emirates,United Kingdom,United States,Uruguay,Uzbekistan,Vanuatu,Vatican,Venezuela,Vietnam,Yemen,Zambia,Zimbabwe
Afghanistan,-1,0,0,0,0,0,0,0,0,0,0,0,0,2,0,0,0,0,0,0,2,0,0,0,0,0,0,0,2,0,0,2,0,0,0,0,0,2,0,0,0,0,0,0,0,0,2,3,0,0,0,0,0,0,0,2,0,0,0,2,0,0,0,0,0,0,0,2,2,0,3,0,0,0,0,0,0,0,0,0,0,0,1,0,0,0,0,0,0,0,0,0,0,0,0,2,0,0,0,0,0,2,2,2,0,2,0,0,0,2,0,0,3,0,0,0,0,0,2,0,0,0,0,0,0,0,0,2,0,0,0,0,0,2,0,0,0,0,0,0,0,0,2,0,0,2,0,0,3,2,0,0,0,2,0,2,0,0,0,0,0,2,0,0,0,0,0,0,2,0,0,0,0,0,0,0,0,2,2,0,0,0,2,0,2,2,0,0,0,0,0,0,0,0,0,0,0,0,0
Albania,0,-1,0,3,0,3,0,3,0,3,2,0,0,2,3,3,3,0,0,0,2,3,0,3,0,3,0,0,2,0,0,2,0,0,3,0,3,2,0,0,3,2,3,3,0,3,2,3,3,3,2,3,0,0,3,2,0,3,3,2,3,3,3,0,3,0,0,2,2,0,3,0,3,3,3,1,3,2,0,0,3,3,1,2,0,0,0,2,0,3,0,2,2,3,0,2,0,0,3,3,3,3,2,2,3,2,0,3,0,2,2,0,3,3,3,0,3,0,2,2,0,0,2,3,0,0,0,2,0,3,3,2,0,2,3,0,0,0,0,0,3,3,2,3,0,2,0,0,3,2,3,0,0,2,3,2,0,3,3,3,0,2,0,3,0,3,1,0,2,0,3,3,0,0,0,2,0,2,2,0,3,0,3,0,2,2,3,0,0,0,0,2,0,3,0,0,0,2,2
Algeria,0,0,-1,0,2,0,0,0,0,0,2,0,0,0,0,0,0,0,3,0,2,0,0,0,0,0,0,0,2,0,0,2,0,0,0,0,0,2,0,0,0,2,0,0,0,0,2,3,0,3,0,0,0,0,0,2,0,0,0,2,0,0,0,2,0,0,0,3,2,0,3,0,3,0,0,0,3,2,0,0,0,0,1,0,0,2,0,2,0,0,0,0,0,0,2,2,0,0,0,0,0,2,2,2,3,2,3,0,0,3,2,0,3,0,0,0,0,3,2,2,0,0,2,0,0,2,0,2,0,0,0,0,0,2,3,0,0,0,0,0,0,0,2,0,0,2,0,0,3,2,0,0,0,2,0,2,0,0,0,0,0,2,0,0,0,0,1,0,2,0,0,0,3,0,2,2,0,2,2,0,0,3,2,0,2,2,0,0,0,0,0,2,0,0,0,0,2,0,2
Andorra,0,3,0,-1,0,3,3,3,1,3,2,3,2,2,0,3,3,3,0,0,3,3,0,3,0,3,0,0,2,0,1,3,0,0,3,0,3,2,0,3,3,2,3,3,0,3,2,3,3,3,2,3,0,0,3,2,0,3,3,2,3,3,3,0,3,0,3,2,2,0,3,3,3,3,3,1,3,2,0,3,3,3,1,2,3,2,0,2,0,3,2,3,2,3,2,2,0,0,3,3,3,3,2,2,3,2,0,3,2,2,2,3,3,3,3,0,3,3,2,0,0,0,2,3,1,3,0,2,0,3,3,2,0,2,3,3,2,3,3,3,3,3,3,3,0,2,0,3,3,2,3,3,2,2,3,2,0,3,3,3,2,2,3,3,0,3,1,0,2,3,3,3,0,3,2,2,3,2,2,0,0,3,3,0,2,2,3,3,3,1,3,3,3,3,3,2,0,2,2
Angola,0,0,0,0,-1,0,0,0,0,0,0,0,0,2,0,0,0,0,3,0,2,0,3,0,0,0,0,0,2,0,0,3,0,0,0,0,0,2,0,0,0,2,0,0,0,0,2,3,0,0,0,0,0,0,0,2,0,0,0,2,0,0,0,2,0,0,0,2,2,0,3,0,0,0,0,1,3,2,0,0,0,0,1,0,0,0,0,2,0,0,0,0,2,0,0,2,0,0,0,0,0,2,2,2,0,2,0,0,0,2,3,0,3,0,0,0,0,0,3,0,3,0,2,0,0,2,0,2,0,0,0,0,2,2,0,3,0,0,0,3,0,0,2,0,0,3,0,0,3,2,0,3,0,2,0,2,0,3,0,0,0,2,3,0,0,0,1,0,2,0,0,0,0,0,0,2,0,2,2,0,0,3,2,0,2,3,0,0,0,0,0,2,0,0,0,0,0,3,3
Antigua and Barbuda,0,3,0,3,0,-1,0,2,0,3,0,3,0,2,3,3,3,3,0,0,2,3,3,3,0,3,0,0,2,0,0,2,0,0,3,0,3,2,0,3,3,3,3,3,0,3,2,3,3,3,2,3,0,0,3,2,3,3,3,2,3,3,3,0,3,3,3,2,2,3,3,3,3,3,3,1,3,2,0,3,0,3,1,3,0,2,0,2,3,3,0,0,2,3,2,3,0,0,3,3,3,2,2,3,3,2,0,3,0,2,3,0,3,3,3,0,3,0,2,0,0,0,2,3,0,3,0,2,0,3,3,0,0,2,3,3,0,0,3,3,3,3,3,3,3,2,3,3,3,2,3,0,0,2,3,2,2,3,3,3,2,2,3,3,0,3,1,0,3,3,3,3,0,0,0,3,0,2,2,0,3,3,2,0,2,3,3,0,3,0,0,2,3,3,3,0,0,3,3
Argentina,0,3,0,3,2,3,-1,3,0,3,2,3,2,2,3,3,3,3,0,0,3,3,3,3,0,3,2,0,2,0,0,2,0,0,3,0,3,2,0,3,3,2,3,3,0,3,2,3,3,3,2,3,0,0,3,2,3,3,3,2,0,3,3,0,3,3,3,2,2,3,3,3,3,3,3,1,3,2,0,3,3,3,1,3,3,2,3,2,0,3,0,3,2,3,2,2,0,0,3,3,3,2,2,2,3,2,0,3,2,2,3,3,3,3,3,3,3,3,2,2,0,0,2,3,1,3,0,2,0,3,3,2,2,2,3,3,2,3,3,3,3,3,3,3,3,2,3,3,3,2,3,0,0,2,3,2,0,3,3,3,2,2,3,3,0,3,1,0,3,3,3,3,0,0,2,2,3,2,2,0,3,3,3,0,2,2,3,3,3,0,3,3,3,3,3,2,0,2,2
Armenia,0,3,0,0,0,3,3,-1,0,0,0,3,0,2,3,3,0,0,0,0,2,0,0,3,0,0,0,0,2,0,0,2,0,0,0,0,0,2,0,0,0,2,0,0,0,0,2,3,0,3,0,0,0,0,0,2,0,0,0,2,0,3,0,0,0,0,0,2,2,0,3,0,3,0,0,1,3,3,0,0,0,0,1,2,0,2,3,0,0,0,0,3,2,0,2,2,0,0,0,0,0,3,2,2,3,2,0,0,0,2,2,0,3,3,0,0,3,0,2,0,3,0,2,0,0,0,0,2,0,0,0,0,0,2,3,3,0,0,0,0,0,0,2,0,3,2,0,0,3,2,0,0,0,2,0,2,2,0,0,0,0,2,0,0,0,0,1,0,2,0,0,0,0,0,3,2,0,2,2,0,0,0,2,0,2,2,3,0,0,0,3,3,0,0,0,2,0,0,2
Australia,0,3,0,3,2,3,3,3,-1,3,2,3,2,2,3,3,3,3,0,0,3,3,3,3,2,3,2,0,2,0,1,2,0,0,3,0,3,2,0,3,3,2,3,3,0,3,2,3,3,3,2,3,0,0,3,2,3,3,3,2,3,3,3,0,3,3,3,2,2,3,3,3,3,3,3,1,3,2,0,3,3,3,1,3,3,2,3,2,3,3,2,3,2,3,2,3,0,0,3,3,3,3,2,2,3,2,0,3,2,2,3,3,3,3,3,0,3,3,2,2,3,0,2,3,3,3,0,2,0,3,3,2,0,2,3,3,2,2,3,3,3,3,3,3,0,2,3,3,3,2,3,0,2,2,3,2,2,3,3,3,2,2,3,3,0,3,3,0,2,3,3,3,0,3,2,2,3,2,2,2,2,3,2,0,2,2,0,3,3,1,3,3,3,3,3,2,0,2,2
Austria,0,3,0,3,2,3,3,3,1,-1,2,3,2,2,3,3,3,3,0,0,3,3,3,3,3,3,2,0,2,0,1,3,0,0,3,0,3,2,0,3,3,2,3,3,0,3,2,3,3,3,2,3,0,0,3,2,3,3,3,2,3,3,3,0,3,3,3,2,2,3,3,3,3,3,3,1,3,2,0,3,3,3,1,3,3,2,3,2,3,3,2,3,2,3,2,3,0,0,3,3,3,3,2,2,3,2,0,3,3,2,3,3,3,3,3,0,3,3,2,2,3,0,2,3,1,3,0,2,0,3,3,2,2,3,3,3,2,3,3,3,3,3,3,3,0,2,3,3,3,3,3,3,2,3,3,2,2,3,3,3,3,2,3,3,0,3,3,0,2,3,3,3,0,3,2,2,3,3,2,3,3,3,2,0,3,2,3,3,3,1,3,3,3,3,3,2,0,2,2
Azerbaijan,0,3,0,0,0,3,0,0,0,0,-1,3,0,2,3,3,0,0,0,0,2,3,0,0,0,0,0,0,2,0,0,2,0,0,0,0,3,2,0,0,0,2,0,0,0,0,2,3,0,3,0,0,0,0,0,2,0,0,0,2,0,3,0,0,0,0,0,2,2,0,3,0,0,0,0,1,3,3,0,0,0,0,1,2,0,2,3,0,0,0,0,3,2,0,2,2,0,0,0,0,0,2,2,2,3,2,0,0,2,2,2,0,3,3,0,0,3,0,2,0,3,0,2,0,0,2,0,2,0,3,0,2,2,2,3,0,0,0,0,0,0,0,3,0,3,2,0,0,3,2,0,0,0,2,3,2,2,0,0,0,0,2,0,0,0,0,1,0,2,0,0,0,0,0,3,0,0,2,2,0,0,0,3,0,2,2,3,0,0,0,0,3,3,0,0,2,0,0,2
Bahamas,0,3,0,3,0,3,0,2,0,3,2,-1,0,2,3,0,3,3,0,0,2,3,3,3,0,3,0,0,2,0,1,2,0,0,3,3,3,2,0,3,3,2,3,3,0,3,2,3,3,3,2,3,0,0,3,2,3,3,3,2,3,3,3,0,3,3,3,2,2,3,3,3,3,3,3,1,3,2,0,3,3,3,1,3,3,2,0,3,3,3,0,0,2,3,2,3,0,0,3,3,3,2,2,3,3,2,0,3,0,2,3,3,3,3,3,0,3,0,2,0,0,0,2,3,0,3,0,2,0,3,3,0,2,2,3,3,0,0,3,3,3,3,3,3,0,2,3,3,3,2,3,0,0,2,3,2,2,3,3,3,2,2,3,3,0,3,1,0,3,3,3,3,0,0,0,3,0,2,2,2,3,0,2,0,2,3,0,3,3,3,3,2,3,3,0,0,0,3,3
Bahrain,0,3,0,0,0,0,0,2,0,0,2,3,-1,2,3,3,0,0,0,0,2,3,3,0,2,0,0,0,2,0,0,2,0,0,0,0,0,2,0,0,0,2,0,0,0,0,2,3,3,3,3,3,0,0,0,2,0,0,0,2,0,3,0,0,0,0,3,2,2,0,3,3,3,0,0,0,3,2,0,0,0,0,1,0,0,3,3,2,0,3,3,3,2,0,3,2,0,0,0,0,0,2,2,2,3,2,0,0,0,2,3,0,3,0,0,0,0,3,2,0,0,0,2,0,1,3,0,2,0,0,0,3,2,2,3,0,0,0,0,3,0,0,3,0,0,2,3,0,3,2,0,0,3,2,3,2,2,3,0,0,0,2,0,3,0,0,1,0,2,0,0,0,3,2,2,2,3,2,2,0,0,3,3,0,2,2,0,3,0,0,0,2,3,0,0,0,2,0,2
Bangladesh,0,0,0,0,0,0,0,0,0,0,0,3,0,-1,3,0,0,0,0,3,2,0,0,0,0,0,0,0,2,0,0,2,0,0,0,0,0,2,0,0,0,0,0,0,0,0,2,3,0,0,0,0,0,0,0,2,3,0,0,2,3,0,0,0,0,3,0,2,2,0,3,0,0,0,0,0,3,0,0,0,0,0,1,3,0,0,0,2,0,0,0,0,0,0,0,3,0,0,0,0,0,0,2,2,2,2,0,0,0,2,0,0,3,0,0,0,0,0,2,2,0,0,2,0,0,0,0,2,0,0,0,0,0,0,0,0,0,0,0,0,0,0,2,0,0,2,3,0,3,2,0,0,0,2,0,2,2,0,0,0,0,2,0,0,0,0,1,0,2,0,0,0,0,0,0,0,0,2,2,0,3,0,2,0,2,2,0,0,0,0,0,2,3,0,0,0,0,0,0
Barbados,0,3,0,3,0,3,3,2,0,3,2,3,0,3,-1,3,3,3,0,0,2,3,3,3,0,3,0,0,2,0,1,2,0,0,3,3,3,2,0,3,3,3,3,3,0,3,2,3,3,3,0,3,3,0,3,2,3,3,3,2,3,3,3,3,3,3,3,2,2,3,3,3,3,3,3,1,3,2,0,3,3,3,1,3,3,2,0,3,3,3,0,0,2,3,2,3,0,0,3,3,3,2,2,3,3,2,0,3,2,2,3,3,3,3,3,0,3,0,2,0,0,0,2,3,0,3,0,2,0,3,3,0,2,2,3,3,0,0,3,3,3,3,2,3,0,2,3,3,3,2,3,0,0,2,3,2,2,3,3,3,2,2,3,3,0,3,1,0,3,3,3,3,0,0,0,3,0,2,2,2,3,3,2,0,2,3,0,3,3,0,3,2,3,3,3,0,0,3,3
Belarus,0,3,0,0,0,3,3,3,0,0,3,0,0,2,3,-1,0,0,0,0,2,0,0,3,0,0,0,0,2,0,0,2,0,0,0,3,0,2,0,0,0,3,0,0,0,0,2,3,0,3,0,0,0,0,0,2,0,0,0,2,3,3,0,0,0,0,0,2,2,0,3,0,3,0,0,0,3,2,0,0,3,0,1,2,0,2,3,2,0,0,0,3,2,0,2,2,0,0,0,0,0,3,2,2,3,2,0,0,0,2,2,0,3,3,0,3,3,0,2,2,3,0,2,0,0,3,0,2,0,0,0,2,0,2,3,3,0,0,3,0,0,0,3,0,3,2,3,0,3,2,0,0,0,2,3,2,2,0,0,0,0,2,0,0,0,0,1,0,2,0,0,0,0,0,3,2,0,2,2,0,0,0,3,0,2,2,3,0,0,0,0,3,3,0,3,3,0,2,2
Belgium,0,3,0,3,2,3,3,3,1,3,2,3,2,2,3,3,-1,3,0,0,3,3,3,3,3,3,2,0,2,0,1,3,0,0,3,0,3,2,0,3,3,2,3,3,0,3,2,3,3,3,2,3,0,0,3,2,3,3,3,2,3,3,3,0,3,3,3,2,2,3,3,3,3,3,3,1,3,2,0,3,3,3,1,3,3,2,3,2,3,3,2,3,2,3,2,3,0,0,3,3,3,3,2,2,3,2,0,3,3,2,3,3,3,3,3,0,3,3,2,2,3,0,2,3,1,3,0,2,0,3,3,2,0,3,3,3,2,3,3,3,3,3,3,3,0,2,3,3,3,3,3,3,2,3,3,2,2,3,3,3,3,2,3,3,0,3,3,0,2,3,3,3,0,3,2,2,3,3,2,3,3,3,2,0,3,2,3,3,3,1,3,3,3,3,3,2,0,2,2
Belize,0,0,0,0,0,3,0,2,0,0,0,3,0,2,3,0,0,-1,0,0,2,0,3,3,0,0,0,0,2,0,0,2,0,0,3,0,3,2,0,3,0,2,0,0,0,0,2,3,3,3,0,3,0,0,0,2,3,0,0,2,3,3,0,0,0,3,3,2,2,3,3,3,3,0,0,1,3,2,0,3,3,0,1,3,0,0,0,3,3,3,0,0,2,0,2,3,0,0,0,0,0,2,2,3,3,2,0,0,2,2,3,3,3,0,0,0,0,0,2,0,0,0,2,0,0,3,0,2,0,0,0,0,0,2,3,3,0,0,3,3,0,0,2,0,0,2,3,3,3,2,0,0,0,2,0,2,2,3,0,0,2,2,3,0,0,0,1,0,3,3,0,0,0,3,0,3,0,2,2,0,3,0,3,0,2,3,0,0,3,0,3,2,3,0,3,0,0,3,3
Benin,0,0,0,0,0,0,0,0,0,0,0,0,0,2,0,0,0,0,-1,0,2,0,0,0,0,0,3,0,2,0,0,3,3,2,0,0,0,2,2,0,0,2,0,0,0,0,2,3,0,3,0,0,0,0,0,2,0,0,0,2,3,0,0,3,0,0,0,3,3,0,3,0,3,0,0,0,3,2,0,0,0,0,3,0,0,0,0,2,0,0,0,0,2,0,0,2,3,0,0,0,0,2,2,2,3,2,3,0,0,2,3,0,3,0,0,0,0,0,2,0,2,0,2,0,0,2,3,3,0,0,0,0,0,2,0,0,0,0,0,3,0,0,2,0,0,3,0,2,3,2,0,0,0,3,0,2,3,3,0,0,0,2,3,0,0,0,1,0,2,0,0,0,0,0,0,2,0,2,3,0,0,3,2,0,2,2,0,0,0,0,0,0,0,0,0,0,0,0,0
Bhutan,0,0,0,0,0,0,0,2,0,0,0,0,0,3,0,0,0,0,0,-1,2,0,0,0,0,0,0,0,2,0,0,2,0,0,0,0,3,2,0,0,0,2,0,0,0,0,2,3,0,3,2,0,0,0,0,2,0,0,0,2,3,0,0,0,0,0,0,2,2,0,3,0,3,0,0,3,3,2,0,0,0,0,1,0,0,2,0,2,0,0,2,0,2,0,2,2,0,0,0,0,0,2,2,2,2,2,0,0,0,2,2,0,3,0,0,0,0,0,2,2,0,0,2,0,0,2,0,2,0,0,0,0,0,2,3,3,0,0,0,3,0,0,2,0,0,2,0,2,3,2,0,0,0,2,0,2,0,3,0,0,0,2,0,0,0,0,1,0,2,0,0,0,0,0,0,2,2,2,2,0,0,0,2,0,2,2,0,0,0,0,0,0,0,0,0,0,0,2,2
Bolivia,0,0,0,0,0,0,3,2,0,0,2,3,2,2,0,0,0,3,0,0,-1,0,0,3,0,0,0,0,2,0,0,2,0,0,3,0,3,2,0,3,0,2,0,0,0,0,2,3,3,3,2,0,0,0,0,2,0,0,0,2,3,0,0,0,0,0,0,2,2,2,3,0,3,0,0,1,3,3,0,3,0,0,1,3,0,2,0,2,0,0,0,0,2,0,0,2,0,0,0,0,0,2,2,2,3,2,0,0,0,2,2,0,3,0,0,0,0,0,2,2,0,0,2,0,0,2,0,2,0,0,0,2,0,2,3,3,0,3,3,3,0,0,3,0,3,2,3,2,3,2,0,0,0,2,3,2,2,3,0,0,0,2,3,0,0,0,1,0,2,0,0,0,0,0,0,2,0,2,2,0,0,0,3,0,2,2,0,0,0,0,3,2,0,0,3,0,0,2,0
Bosnia and Herzegovina,0,3,0,3,0,0,0,2,0,3,2,3,0,2,0,3,3,0,0,0,2,-1,0,3,0,3,0,0,2,0,0,2,0,0,3,3,3,2,0,0,3,3,3,3,0,3,2,3,3,3,0,0,0,0,3,2,0,3,3,2,3,3,3,0,3,0,0,2,2,0,3,0,3,3,3,1,3,2,0,0,0,3,1,2,0,2,0,2,0,0,0,3,2,3,0,2,0,0,3,3,3,3,2,2,3,2,0,3,0,2,2,0,3,3,3,0,3,0,2,2,0,0,2,3,0,0,0,2,0,3,3,2,0,2,3,3,0,0,0,0,3,3,2,3,3,2,0,3,3,2,3,0,0,2,3,2,0,3,3,3,0,2,0,3,0,3,1,0,2,3,3,3,0,0,0,2,0,2,2,0,3,3,3,0,2,2,3,0,0,0,0,3,0,3,0,2,0,2,2
Botswana,0,0,0,0,3,3,0,0,0,0,0,3,0,3,3,0,0,3,3,0,2,0,-1,0,0,0,0,0,2,0,0,2,0,0,0,0,0,2,0,0,0,2,0,0,0,0,2,3,3,3,0,0,0,0,0,2,3,0,0,2,3,3,0,2,0,3,0,2,2,3,3,0,3,0,0,1,3,2,0,3,3,0,1,3,0,0,0,3,0,3,0,0,2,0,0,3,0,0,0,0,0,2,2,3,3,2,0,0,0,2,3,0,3,0,0,0,0,0,3,0,3,0,2,0,0,0,0,2,0,3,0,0,2,2,0,3,0,0,0,3,0,0,2,0,3,2,3,3,3,2,0,0,0,2,0,2,2,3,0,0,0,2,3,3,2,0,1,0,2,3,0,0,0,0,0,3,0,2,2,0,3,0,2,0,2,2,0,0,3,0,0,0,3,0,0,0,0,3,3
Brazil,0,3,0,3,2,3,3,3,0,3,2,3,2,0,3,3,3,3,0,0,3,3,3,-1,0,3,2,0,2,0,0,2,0,0,3,0,3,2,0,3,3,2,3,3,0,3,2,3,3,3,2,3,0,0,3,2,3,3,3,2,0,3,3,0,3,3,3,2,2,3,3,3,3,3,3,1,3,2,0,3,3,3,1,3,0,2,3,2,0,3,0,3,2,3,2,2,0,0,3,3,3,3,2,2,3,2,0,3,2,2,3,3,3,3,3,3,3,3,2,2,3,0,2,3,1,3,0,2,0,3,3,2,0,2,3,3,2,3,3,3,3,3,3,3,3,2,3,3,3,2,3,3,0,2,3,2,2,3,3,3,2,2,3,3,0,3,1,0,3,3,3,3,0,0,2,2,3,2,2,2,3,3,3,0,2,2,3,3,3,0,3,3,3,3,3,2,0,2,2
Brunei,0,3,0,3,0,3,0,2,1,3,2,3,2,2,3,0,3,3,0,0,2,3,3,0,-1,3,0,0,3,0,1,2,0,0,0,3,3,2,0,3,3,2,3,3,0,3,2,3,3,3,2,3,0,0,3,2,3,3,3,2,3,3,3,0,3,3,3,2,2,0,3,3,3,3,3,1,3,2,0,3,0,3,1,3,3,2,0,3,0,3,2,3,3,3,0,3,0,0,3,3,3,3,2,2,3,2,0,3,2,2,3,0,3,3,3,0,3,0,2,3,0,0,2,3,1,3,0,2,0,3,3,2,2,2,3,3,2,0,3,3,3,3,3,3,3,2,3,3,3,2,3,0,2,2,0,2,2,3,3,3,2,2,0,3,0,3,1,0,2,3,3,3,0,3,2,3,3,2,2,2,3,3,3,0,2,2,3,3,3,1,0,3,3,3,0,3,0,2,2
Bulgaria,0,3,0,3,2,3,3,3,1,3,2,3,2,2,3,3,3,3,0,0,2,3,3,3,3,-1,0,0,2,0,1,3,0,0,3,0,3,2,0,3,3,2,3,3,0,3,2,3,3,3,2,3,0,0,3,2,3,3,3,2,3,3,3,0,3,3,3,2,2,0,3,3,3,3,3,1,3,2,0,3,3,3,1,2,3,2,3,2,3,3,2,2,2,3,2,2,0,0,3,3,3,3,2,2,3,2,0,3,3,2,3,3,3,3,3,0,3,3,2,2,2,0,2,3,1,3,0,2,0,3,3,2,0,3,3,3,2,3,3,3,3,3,3,3,0,2,3,3,3,3,3,3,2,3,3,2,2,3,3,3,3,2,0,3,0,3,3,0,2,0,3,3,0,3,2,2,2,3,2,3,3,3,3,0,3,2,3,3,3,0,3,3,3,3,3,2,0,2,2
Burkina Faso,0,0,0,0,0,0,0,0,0,0,0,0,0,3,3,0,0,0,3,0,2,0,0,0,0,0,-1,0,2,0,0,3,3,3,0,0,0,2,2,0,0,2,0,0,0,0,2,3,0,3,0,0,0,0,0,2,0,0,0,2,3,0,0,3,0,0,0,3,3,0,3,0,3,0,0,0,3,2,0,0,0,0,3,0,0,0,0,2,0,0,0,0,2,0,0,2,3,0,0,0,0,2,2,2,0,2,3,0,0,2,2,0,3,0,0,0,0,0,2,0,2,0,2,0,0,2,3,3,0,0,0,0,0,2,0,0,0,0,0,3,0,0,2,0,0,2,0,2,3,2,0,0,0,3,0,2,3,3,0,0,0,2,0,0,0,0,1,0,2,0,0,0,0,2,0,2,0,2,3,0,0,3,2,0,2,2,0,0,0,0,0,0,0,0,0,0,0,0,0
Burundi,0,0,0,0,0,0,0,0,0,0,0,0,0,2,3,0,0,0,3,0,2,0,0,0,0,0,0,-1,2,0,0,2,3,0,0,0,0,2,0,0,0,2,0,0,3,0,2,3,0,3,0,0,0,0,0,2,0,0,0,2,0,0,0,2,0,0,0,2,2,0,3,0,0,0,0,1,3,2,0,0,0,0,1,0,0,0,0,3,0,0,0,0,0,0,0,2,0,0,0,0,0,2,2,2,0,2,0,0,0,2,3,0,3,0,0,0,0,0,2,0,2,0,2,0,0,2,0,2,0,0,0,0,0,2,0,0,0,0,0,3,0,0,2,0,0,3,0,2,3,2,0,0,0,2,3,2,0,3,0,0,0,2,0,0,0,0,1,0,2,0,0,0,0,0,0,2,0,2,2,0,0,0,2,0,2,3,0,0,0,0,0,0,0,0,0,0,0,2,2
Cambodia,0,0,0,0,0,0,0,2,0,0,0,0,0,2,0,0,0,0,0,0,2,0,0,0,3,0,0,0,-1,0,0,2,0,0,0,0,0,2,0,0,0,2,0,0,0,0,2,3,0,3,2,0,0,0,0,2,0,0,0,2,3,0,0,0,0,0,0,2,2,0,3,0,0,0,0,1,3,2,0,0,0,0,1,0,0,0,0,2,0,0,2,0,3,0,0,2,0,0,0,0,0,2,2,2,3,2,0,0,2,2,2,0,3,0,0,0,0,0,2,3,2,0,2,0,0,2,0,2,0,0,0,0,0,2,3,3,0,0,0,3,0,0,2,0,0,2,0,2,3,2,0,0,0,2,0,2,2,3,0,0,0,2,0,0,0,0,3,0,2,0,0,0,0,0,0,2,3,2,2,0,0,0,2,0,2,2,0,0,0,0,0,2,0,0,0,3,0,2,0
Cameroon,0,0,0,0,0,0,0,0,0,0,0,0,0,2,3,0,0,0,3,0,2,0,0,0,0,0,0,0,2,-1,0,2,3,3,0,0,0,2,3,0,0,0,0,0,0,0,2,3,0,0,0,0,0,0,0,2,0,0,0,2,0,0,0,2,0,3,0,2,2,0,3,0,0,0,0,1,0,2,0,0,0,0,1,0,0,0,0,2,0,0,0,0,0,0,0,3,0,0,0,0,0,2,2,2,0,2,3,0,0,2,2,0,3,0,0,0,0,0,2,2,2,0,0,0,0,0,0,3,0,0,0,0,0,2,0,0,0,0,0,3,0,0,2,0,0,2,0,2,3,2,0,0,0,2,0,2,2,3,0,0,0,2,0,0,0,0,0,0,2,0,0,0,0,0,0,2,0,2,2,0,0,0,2,0,2,2,0,0,0,0,0,2,3,0,0,0,0,0,0
Canada,0,3,0,3,2,3,3,2,1,3,2,3,2,2,3,3,3,3,0,0,3,3,3,3,3,3,2,0,2,0,-1,2,0,0,3,0,3,2,0,3,3,2,3,3,0,3,2,3,3,3,2,3,0,0,3,2,3,3,3,2,3,3,3,0,3,3,3,2,2,3,3,3,3,3,3,1,3,0,0,3,3,3,1,3,3,2,3,2,3,3,2,3,2,3,2,3,0,0,3,3,3,3,2,2,3,2,0,3,2,2,3,3,3,3,3,3,3,3,2,2,3,0,2,3,1,3,0,2,0,3,3,2,0,2,3,3,2,2,3,3,3,3,3,3,0,2,3,3,3,2,3,3,2,3,3,2,2,3,3,3,2,2,3,3,0,3,3,0,2,3,3,3,0,3,2,2,3,2,2,2,3,3,2,0,2,2,3,3,3,3,3,3,3,3,0,2,0,2,2
Cape Verde,0,0,0,0,2,0,0,0,0,0,0,3,0,2,0,0,0,0,3,0,2,0,0,0,0,0,3,0,2,0,0,-1,0,0,0,0,0,2,0,0,0,2,0,0,0,0,2,3,0,3,0,0,0,0,0,2,0,0,0,2,3,0,0,3,0,0,0,3,3,0,3,0,3,0,0,1,3,2,0,0,0,0,3,0,0,2,0,2,0,0,0,0,2,0,0,2,3,0,0,0,0,3,2,2,3,2,3,0,2,2,3,0,3,0,0,0,0,0,2,0,2,0,2,0,0,2,3,3,0,0,0,0,0,2,3,3,0,0,0,3,0,0,2,0,0,2,0,2,3,2,0,3,0,3,0,2,3,3,0,0,0,2,3,0,0,0,1,0,2,0,0,0,0,0,0,2,0,2,3,0,0,3,2,0,2,2,0,0,0,0,0,2,0,0,0,0,0,2,2
Central African Republic,0,0,0,0,0,0,0,0,0,0,0,0,0,2,0,0,0,0,3,0,2,0,0,0,0,0,3,0,2,3,0,2,-1,3,0,0,0,2,3,0,0,2,0,0,0,0,2,3,0,3,0,0,0,0,0,2,0,0,0,2,0,0,0,2,0,0,0,2,2,0,3,0,0,0,0,0,0,2,0,0,3,0,3,0,0,0,0,2,0,0,0,0,2,0,0,2,0,0,0,0,0,2,2,2,0,2,0,0,0,2,2,0,3,0,0,0,0,0,2,0,2,0,2,0,0,2,0,2,0,0,0,0,0,2,3,0,0,0,0,3,0,0,2,0,0,3,0,0,3,2,0,0,0,3,0,2,0,3,0,0,0,2,0,0,0,0,1,0,2,0,0,0,0,0,0,2,0,2,2,0,0,0,2,0,2,2,0,0,0,0,0,0,0,0,0,0,0,0,0
Chad,0,0,0,0,0,0,0,0,0,0,0,0,0,2,0,0,0,0,3,0,2,0,0,0,0,0,2,0,2,3,0,2,3,-1,0,0,0,2,3,0,0,2,0,0,0,0,2,3,0,3,0,0,0,0,0,2,0,0,0,2,0,0,0,2,0,0,0,2,2,0,3,0,3,0,0,0,3,2,0,0,0,0,3,0,0,0,0,2,0,0,0,0,2,0,0,2,0,0,0,0,0,2,2,2,3,2,3,0,0,2,3,0,3,0,0,0,0,0,2,0,2,0,2,0,0,2,3,3,0,0,0,0,0,2,0,0,0,0,0,3,0,0,2,0,0,3,0,0,3,2,0,0,0,3,0,2,0,3,0,0,0,2,0,0,0,0,1,0,2,0,0,0,0,0,0,0,0,2,2,0,0,0,2,0,2,2,0,0,0,0,0,0,0,0,0,0,0,0,0
Chile,0,3,0,3,2,3,3,2,0,3,2,3,2,2,3,3,3,3,0,0,3,3,3,3,0,3,0,0,2,0,1,2,0,0,-1,0,3,2,0,3,3,2,3,3,0,3,2,3,3,3,2,3,0,0,3,2,3,3,3,2,0,3,3,0,3,3,3,2,2,3,3,3,3,3,3,1,3,2,0,3,3,3,1,3,3,2,3,2,0,3,0,3,2,3,2,2,0,0,3,3,3,3,2,2,3,2,0,3,2,2,3,3,3,3,3,3,3,3,2,2,2,0,2,3,1,3,0,2,0,3,3,2,0,2,3,3,2,3,3,3,3,3,3,3,3,2,3,3,3,2,3,0,0,2,3,2,0,3,3,3,2,2,3,3,0,3,1,0,2,3,3,3,0,3,2,2,3,2,2,0,3,3,3,0,2,2,3,3,3,1,3,3,3,3,0,3,0,2,2
China,0,3,0,0,2,3,0,2,0,0,2,3,2,2,3,3,0,0,0,0,2,3,0,0,2,0,0,0,2,0,0,2,0,0,0,-1,0,2,0,0,0,0,0,0,0,0,2,3,0,3,3,0,3,0,0,2,3,0,0,2,0,0,0,0,0,3,0,2,2,0,3,0,0,0,0,1,3,3,0,0,0,0,1,3,0,2,0,2,0,0,0,0,2,0,2,2,0,0,0,0,0,2,2,2,2,2,0,0,0,2,3,0,3,0,0,0,0,3,2,2,0,0,2,0,0,0,0,2,0,0,0,0,0,2,3,0,0,0,0,0,0,0,3,0,0,2,3,3,0,2,0,2,2,3,3,2,2,0,0,0,0,2,0,0,0,0,3,0,2,0,0,0,0,0,0,2,2,2,2,2,0,3,2,0,2,2,0,3,0,0,0,2,3,0,0,2,0,0,0
Colombia,0,3,0,3,0,3,3,2,0,3,2,3,2,2,3,0,3,3,0,0,3,3,0,3,0,3,2,0,2,0,0,2,0,0,3,0,-1,2,0,0,3,2,3,3,0,3,2,3,3,3,2,3,0,0,3,2,3,3,3,2,0,3,3,0,3,0,3,2,2,3,0,3,3,3,3,1,0,0,0,0,3,3,1,3,0,0,3,2,0,3,0,0,2,3,0,2,0,0,3,3,3,2,2,2,0,2,0,3,2,2,2,3,3,3,3,0,3,0,2,2,0,0,2,3,0,2,0,2,0,3,3,2,0,2,3,3,0,3,3,3,3,3,3,3,3,2,3,0,3,2,3,0,0,2,3,2,0,3,3,3,0,2,0,3,0,3,1,0,2,0,3,3,0,2,0,2,0,2,2,0,3,0,3,0,2,2,0,0,0,0,3,2,0,3,3,2,0,2,0
Comoros,0,0,0,0,0,0,0,0,0,0,0,0,0,2,0,0,0,0,3,0,2,0,0,0,0,0,2,0,2,0,0,2,0,0,0,0,0,-1,0,0,0,2,0,0,0,0,2,3,0,3,0,0,0,0,0,2,0,0,0,2,0,0,0,2,0,0,0,2,2,0,3,0,3,0,0,1,3,2,0,0,0,0,1,0,0,0,0,2,0,0,0,0,2,0,2,2,0,0,0,0,0,2,2,3,3,2,0,0,0,2,2,0,3,0,0,0,0,0,2,0,2,0,2,0,0,2,0,2,0,0,0,0,0,2,0,3,0,0,0,3,0,0,2,0,0,2,0,2,3,2,0,0,0,2,0,2,0,3,0,0,0,2,0,0,0,0,1,0,2,0,0,0,0,0,0,2,0,2,2,0,0,3,2,0,2,3,0,0,0,0,0,0,0,0,0,0,0,2,2
Congo,0,0,0,0,0,0,0,0,0,0,0,0,0,2,0,0,0,0,3,0,2,0,0,0,0,0,0,0,2,3,0,2,3,3,0,0,0,2,-1,0,0,2,0,0,3,0,2,3,0,3,0,0,0,0,0,2,0,0,0,2,0,0,0,2,0,0,0,2,2,0,3,0,0,0,0,0,0,2,0,0,0,0,3,0,0,0,0,2,0,0,0,0,0,0,0,2,0,0,0,0,0,2,2,2,0,2,0,0,0,2,3,0,3,0,0,0,0,0,2,0,0,0,2,0,0,0,0,2,0,0,0,0,0,2,0,0,0,0,0,3,0,0,2,0,0,2,0,0,3,2,0,0,0,2,0,2,0,3,0,0,0,2,0,0,0,0,0,0,2,0,0,0,0,0,0,2,0,2,2,0,0,0,2,0,2,2,0,0,0,0,0,0,0,0,0,0,0,2,0
Costa Rica,0,3,0,3,0,0,3,2,0,3,2,3,0,2,3,0,3,3,0,0,3,3,3,3,3,3,0,0,2,0,0,2,0,0,3,0,3,2,0,-1,3,2,3,3,0,3,2,3,3,3,2,3,0,0,3,2,0,3,3,2,0,3,3,0,3,3,3,2,2,3,3,3,3,3,3,1,3,2,0,3,3,3,1,3,3,2,0,2,0,3,0,0,2,3,2,2,0,0,3,3,3,2,2,2,3,2,0,3,2,2,2,3,3,3,3,0,3,0,2,2,0,0,2,3,0,3,0,2,0,3,3,0,2,2,3,3,0,3,3,3,3,3,3,3,3,2,3,3,3,2,3,0,0,2,3,2,0,3,3,3,0,2,3,3,0,3,1,0,2,0,3,3,0,0,0,2,0,2,2,0,3,3,3,0,2,2,0,3,3,0,3,2,0,3,3,0,0,2,2
Croatia,0,3,0,3,2,3,3,3,1,3,2,3,2,2,3,3,3,3,0,0,3,3,3,3,3,3,0,0,2,0,1,3,0,0,3,0,3,2,0,3,-1,2,3,3,0,3,2,3,3,3,2,3,0,0,3,2,0,3,3,2,3,3,3,0,3,3,3,2,2,0,3,3,3,3,3,1,3,2,0,3,3,3,1,2,3,2,3,2,3,3,2,3,2,3,2,2,0,0,3,3,3,3,2,2,3,2,0,3,3,2,3,3,3,3,3,2,3,3,2,2,0,0,2,3,1,3,0,2,0,3,3,2,0,3,3,3,2,3,3,3,3,3,3,3,0,2,3,3,3,3,3,3,2,3,3,2,2,3,3,3,3,2,0,3,0,3,3,0,2,3,3,3,0,3,2,2,0,3,2,3,3,3,2,0,3,2,3,3,3,0,3,3,3,3,3,2,0,2,2
Cuba,0,0,0,0,2,3,0,2,0,0,2,0,0,2,3,3,0,0,0,0,2,0,3,0,0,0,2,0,2,0,0,2,0,0,0,0,0,2,0,0,0,-1,0,0,0,0,2,3,0,0,2,0,0,0,0,2,0,0,0,2,3,0,0,0,0,3,0,3,2,3,0,0,0,0,0,1,3,2,0,0,0,0,1,0,0,0,0,2,0,0,0,3,2,0,0,2,0,0,0,0,0,2,2,2,3,2,0,0,2,2,2,0,3,0,0,3,3,0,2,0,3,0,2,0,0,0,0,2,0,3,0,0,0,2,3,0,0,0,0,0,0,0,3,0,3,2,3,3,3,2,0,0,0,2,3,2,0,3,0,0,0,2,0,0,0,0,1,0,2,0,0,0,0,0,2,2,0,2,2,0,3,0,0,0,2,2,0,0,0,0,0,2,3,0,0,2,0,2,2
Cyprus,0,3,0,3,2,3,3,3,1,3,2,3,2,2,3,3,3,3,0,0,2,3,3,3,3,3,0,0,2,0,1,3,0,0,3,0,3,2,0,3,3,2,-1,3,0,3,2,3,3,3,2,3,0,0,3,2,3,3,3,2,3,3,3,0,3,3,3,2,2,0,3,3,3,3,3,1,3,2,0,3,3,3,1,3,3,2,3,3,3,3,2,2,2,3,2,2,0,0,3,3,3,3,2,2,3,2,0,3,3,2,3,3,3,3,3,2,3,3,2,2,0,0,2,3,1,3,0,2,0,3,3,2,0,3,3,3,2,3,3,3,3,3,3,3,0,2,3,3,3,3,3,3,2,3,3,2,2,3,3,3,3,2,3,3,0,3,3,0,2,3,3,3,0,3,2,3,2,3,2,3,3,0,2,0,3,3,3,3,3,0,3,3,3,3,3,2,0,3,3
Czech Republic,0,3,0,3,2,3,3,3,1,3,2,3,2,2,3,3,3,3,0,0,3,3,3,3,3,3,2,0,2,0,1,3,0,0,3,0,3,2,0,3,3,2,3,-1,0,3,2,3,3,3,2,3,0,0,3,2,3,3,3,2,3,3,3,0,3,3,3,2,2,0,3,3,3,3,3,1,3,2,0,3,3,3,1,3,3,2,3,2,3,3,2,3,2,3,2,3,0,0,3,3,3,3,2,2,3,2,0,3,3,2,3,3,3,3,3,0,3,3,2,2,2,0,2,3,1,3,0,2,0,3,3,2,0,3,3,3,2,3,3,3,3,3,3,3,0,2,3,3,3,3,3,3,2,3,3,2,2,3,3,3,3,2,3,3,0,3,3,0,2,3,3,3,0,3,2,2,3,3,2,3,3,3,3,0,3,2,3,3,3,1,3,3,3,3,3,2,0,2,2
DR Congo,0,0,0,0,0,0,0,0,0,0,0,0,0,2,0,0,0,0,3,0,2,0,0,0,0,0,2,3,2,0,0,2,3,0,0,0,0,2,0,0,0,2,0,0,-1,0,2,3,0,0,0,0,0,0,0,2,0,0,0,2,0,0,0,2,0,0,0,2,2,0,3,0,0,0,0,0,0,2,0,0,0,0,1,0,0,0,0,2,0,0,0,0,2,0,0,2,0,0,0,0,0,2,2,2,0,2,0,0,0,2,3,0,3,0,0,0,0,0,2,0,0,0,2,0,0,0,0,2,0,0,0,0,0,2,0,0,0,0,0,3,0,0,2,0,0,3,0,0,3,2,0,0,0,3,0,2,0,3,0,0,0,2,0,0,0,0,0,0,2,0,0,0,0,0,0,2,0,2,2,0,0,0,2,0,2,2,0,0,0,0,0,0,0,0,0,0,0,2,3
Denmark,0,3,0,3,2,3,3,3,1,3,2,3,2,2,3,3,3,3,0,0,3,3,3,3,3,3,2,0,2,0,1,3,0,0,3,0,3,2,0,3,3,2,3,3,0,-1,2,3,3,3,2,3,0,0,3,2,3,3,3,2,3,3,3,0,3,3,3,2,2,3,3,3,3,3,3,1,3,2,0,3,3,3,1,3,3,2,3,2,3,3,2,3,2,3,2,3,0,0,3,3,3,3,2,2,3,2,0,3,3,2,3,3,3,3,3,2,3,3,2,2,3,0,2,3,1,3,0,2,0,3,3,2,0,3,3,3,2,3,3,3,3,3,3,3,0,2,3,3,3,3,3,3,2,3,3,2,2,3,3,3,3,2,3,3,0,3,3,0,2,3,3,3,0,3,2,2,3,3,2,3,3,3,3,0,3,2,3,3,3,1,3,3,3,3,3,3,0,2,2
Djibouti,0,0,0,0,0,0,0,0,0,0,2,0,0,2,0,0,0,0,3,0,2,0,0,0,0,0,2,0,2,0,0,2,0,0,0,0,0,2,0,0,0,2,0,0,0,0,-1,3,0,3,0,0,0,0,0,3,0,0,0,2,0,0,0,2,0,0,0,2,2,0,3,0,3,0,0,1,0,2,0,0,0,0,1,0,0,0,0,2,0,0,0,0,2,0,2,2,0,0,0,0,0,2,2,2,0,2,0,0,0,2,2,0,3,0,0,0,0,0,2,0,2,0,2,0,0,2,0,2,0,0,0,0,0,2,0,0,0,0,0,3,0,0,2,0,0,2,0,2,3,2,0,0,0,3,0,2,0,3,0,0,0,2,0,0,0,0,1,0,2,0,0,0,0,0,0,0,0,2,2,0,0,0,2,0,2,2,0,0,0,0,0,0,0,0,0,0,0,2,0
Dominica,0,0,0,3,0,3,0,2,0,3,0,3,0,2,3,3,3,3,0,0,2,3,3,3,0,3,0,0,2,0,0,2,0,0,0,0,3,2,0,3,3,3,3,3,0,3,2,-1,3,3,2,0,0,0,3,2,3,3,3,2,3,0,3,0,3,3,0,2,2,3,3,0,3,3,3,1,3,2,0,3,3,3,1,3,0,2,0,3,0,3,0,0,2,3,0,3,0,0,3,3,3,3,2,3,3,2,0,3,0,2,3,0,3,3,3,0,3,0,2,0,0,0,2,3,0,2,0,2,0,0,3,0,0,2,3,3,0,0,3,3,3,3,2,3,3,2,3,3,3,2,3,0,0,2,3,2,2,3,3,3,2,2,0,3,0,3,1,0,3,3,3,3,0,2,0,3,0,2,2,2,3,0,2,0,2,2,0,0,3,0,3,2,3,3,3,0,0,3,0
Dominican Republic,0,0,0,0,0,0,0,2,0,0,0,0,0,2,0,0,0,3,0,0,2,0,3,0,0,0,0,0,2,0,0,2,0,0,0,0,3,2,0,0,0,2,0,0,0,0,2,0,-1,3,2,3,0,0,0,2,0,0,0,2,3,3,0,0,0,3,3,2,2,3,0,3,3,0,0,1,3,2,0,0,3,0,1,0,3,2,0,2,0,0,0,0,2,0,2,2,0,0,0,0,0,2,2,2,3,2,0,0,0,2,2,0,3,0,0,0,0,0,2,0,0,0,2,0,0,2,0,2,0,0,0,0,0,2,3,0,0,3,3,3,0,0,3,0,0,2,0,0,0,2,0,0,0,2,0,2,0,3,0,0,2,2,0,3,0,0,1,0,2,0,0,0,0,3,0,2,0,2,2,0,3,0,2,0,2,2,0,0,0,0,0,2,0,0,0,0,0,2,2
Ecuador,0,0,0,0,0,0,3,2,0,0,2,3,2,2,0,3,0,3,0,0,3,0,0,3,0,0,0,0,2,0,0,2,0,0,3,3,3,2,0,0,0,2,0,0,0,0,2,3,3,-1,2,3,0,0,0,2,0,0,0,2,3,3,0,0,0,0,3,2,2,3,3,3,3,0,0,1,3,2,0,0,3,0,1,3,0,2,3,2,0,0,0,0,2,0,0,2,0,0,0,0,0,2,2,2,3,2,0,0,0,2,2,3,3,3,0,0,3,0,2,2,0,0,2,0,0,3,0,2,0,0,0,2,0,2,3,3,2,3,3,3,0,0,3,0,3,2,3,2,3,2,0,0,0,2,0,2,0,3,0,0,0,2,3,3,0,0,1,0,2,0,0,0,0,2,0,2,0,2,2,0,3,0,3,0,2,2,0,0,0,0,3,2,0,0,3,0,0,2,2
Egypt,0,0,0,0,0,0,0,0,0,0,0,0,0,0,0,0,0,0,3,0,2,0,0,0,0,0,2,0,2,0,0,2,0,0,0,0,0,2,0,0,0,2,0,0,0,0,2,3,0,3,-1,0,0,0,0,2,0,0,0,2,0,0,0,2,0,0,0,3,2,0,3,0,3,0,0,0,3,3,0,0,0,0,1,0,0,3,0,2,0,0,0,0,2,0,2,2,0,0,0,0,0,3,2,2,3,2,0,0,2,2,3,0,3,0,0,0,0,0,2,2,0,0,2,0,0,2,0,2,0,0,0,0,0,2,3,0,0,0,0,0,0,0,2,0,0,2,3,0,3,2,0,0,0,2,0,2,0,0,0,0,0,2,0,0,0,0,0,0,2,0,0,0,0,0,2,2,0,2,2,0,0,0,0,0,2,2,0,0,0,0,0,2,0,0,0,0,2,0,2
El Salvador,0,3,0,3,0,0,3,2,0,3,0,3,0,2,3,3,3,3,0,0,3,3,0,3,0,3,0,0,2,0,0,2,0,0,3,0,3,2,0,3,3,2,3,3,0,3,2,3,3,3,0,-1,0,0,3,2,0,3,3,2,0,3,3,0,3,0,3,2,2,0,3,3,3,3,3,1,3,2,0,3,3,3,1,3,3,2,0,2,0,3,0,0,2,3,0,2,0,0,3,3,3,2,2,2,3,2,0,3,0,2,2,0,3,3,3,0,3,0,2,0,0,0,2,3,0,3,0,2,0,3,3,0,0,2,3,3,0,3,0,3,3,3,2,3,3,2,3,2,3,2,3,0,0,2,0,2,0,3,3,3,0,2,0,3,0,3,1,0,2,0,3,3,0,0,0,2,0,2,2,0,3,0,3,0,2,2,0,3,3,0,3,2,0,3,0,0,0,2,2
Equatorial Guinea,0,0,0,0,0,0,0,0,0,0,0,0,0,2,0,0,0,0,3,0,2,0,0,0,0,0,0,0,2,3,0,2,3,3,0,0,0,2,3,0,0,2,0,0,0,0,2,3,0,3,0,0,-1,0,0,2,0,0,0,2,0,0,0,2,0,0,0,2,2,0,3,0,3,0,0,0,0,2,0,0,0,0,1,0,0,0,0,2,0,0,0,0,2,0,0,2,0,0,0,0,0,2,2,2,0,2,0,0,0,2,2,0,3,0,0,0,0,0,2,0,2,0,2,0,0,2,0,2,0,0,0,0,0,2,3,0,0,0,0,3,0,0,2,0,0,2,0,2,3,2,0,3,0,2,0,2,0,3,0,0,0,2,0,0,0,0,1,0,2,0,0,0,0,0,0,0,0,2,2,0,0,3,2,0,2,2,0,0,0,0,0,0,0,0,0,0,0,0,2
Eritrea,0,0,0,0,0,0,0,0,0,0,0,0,0,2,0,0,0,0,3,0,2,0,0,0,0,0,2,0,2,0,0,2,0,0,0,0,0,2,0,0,0,0,0,0,0,0,2,3,0,0,0,0,0,-1,0,2,0,0,0,2,0,0,0,2,0,0,0,2,2,0,3,0,0,0,0,1,0,2,0,0,0,0,1,0,0,0,0,0,0,0,0,0,2,0,0,2,0,0,0,0,0,2,2,2,0,2,0,0,0,2,2,0,3,0,0,0,0,0,2,2,2,0,2,0,0,0,0,2,0,0,0,0,0,2,0,0,0,0,0,3,0,0,2,0,0,2,0,0,3,2,0,0,0,2,0,2,0,3,0,0,0,2,0,0,0,0,1,0,2,0,0,0,0,0,0,0,0,2,2,0,0,0,2,0,2,3,0,0,0,0,0,0,0,0,0,0,0,2,0
Estonia,0,3,0,3,2,3,3,3,1,3,2,3,2,2,3,3,3,3,0,0,3,3,3,3,3,3,2,0,2,0,1,3,0,0,3,0,3,2,0,3,3,2,3,3,0,3,2,3,3,3,2,3,0,0,-1,2,3,3,3,2,0,3,3,0,3,3,3,2,2,0,3,3,3,3,3,1,3,2,0,3,3,3,1,3,3,2,3,2,3,3,2,3,2,3,2,2,0,0,3,3,3,3,2,2,3,2,0,3,3,2,3,3,3,3,3,2,3,3,2,2,0,0,2,3,1,3,0,2,0,3,3,2,0,3,3,3,2,3,3,3,3,3,3,3,0,2,3,3,3,3,3,3,2,3,3,2,2,3,3,3,3,2,0,3,0,3,3,0,2,3,3,3,0,3,2,2,3,3,2,3,3,3,3,0,3,2,3,3,3,1,3,3,3,3,3,2,0,2,2
Ethiopia,0,0,0,0,0,0,0,0,0,0,0,0,0,2,3,0,0,0,3,0,2,0,0,0,0,0,0,0,2,0,0,2,0,0,0,0,0,2,0,0,0,0,0,0,0,0,2,3,0,0,0,0,0,2,0,-1,0,0,0,2,0,0,0,2,0,0,0,2,2,0,3,0,0,0,0,0,0,2,0,0,0,0,1,0,0,0,0,3,0,0,0,0,2,0,0,2,0,0,0,0,0,2,2,2,0,2,0,0,0,2,2,0,3,0,0,0,0,0,2,0,0,0,0,0,0,2,0,2,0,0,0,0,0,2,0,0,0,0,0,3,0,0,2,0,0,2,0,2,3,2,0,0,0,2,0,2,0,3,0,0,0,2,0,0,0,0,1,0,2,0,0,0,0,0,0,0,2,2,2,0,0,0,2,0,2,2,0,0,0,0,0,0,0,0,0,0,0,0,2
Fiji,0,0,0,0,0,3,3,2,0,0,0,3,0,3,3,0,0,3,0,0,2,0,0,3,0,0,0,0,2,0,0,2,0,0,3,3,3,2,0,3,0,2,0,0,0,0,2,3,3,3,2,3,0,0,0,2,-1,0,0,2,3,0,0,0,0,0,3,2,2,0,3,0,3,0,0,1,3,2,0,3,3,0,1,3,0,2,0,3,3,3,0,0,2,0,0,3,0,0,0,0,0,2,2,3,3,2,0,0,2,2,3,0,3,0,0,0,0,0,2,2,0,2,2,0,0,3,0,2,0,0,0,0,0,2,3,3,2,0,3,3,0,0,2,0,3,2,3,3,3,2,0,0,0,2,0,2,2,3,0,0,2,2,0,3,0,0,1,0,2,0,0,0,0,0,0,2,2,2,2,2,0,3,2,0,2,3,0,0,0,0,0,2,3,0,0,2,0,3,3
Finland,0,3,0,3,2,3,3,3,1,3,2,3,2,2,3,3,3,3,0,0,3,3,3,3,3,3,2,0,2,0,1,3,0,0,3,0,3,2,0,3,3,2,3,3,0,3,2,3,3,3,2,3,0,0,3,2,3,-1,3,2,3,3,3,0,3,3,3,2,2,3,3,3,3,3,3,1,3,2,0,3,3,3,1,3,3,2,3,2,3,3,2,3,2,3,2,3,0,0,3,3,3,3,2,2,3,2,0,3,3,2,3,3,3,3,3,2,3,3,2,2,3,0,2,3,1,3,0,2,0,3,3,2,2,3,3,3,2,3,3,3,3,3,3,3,0,2,3,3,3,3,3,3,2,3,3,2,2,3,3,3,3,2,3,3,0,3,3,0,2,3,3,3,0,3,2,2,3,3,2,3,3,3,3,0,3,2,3,3,3,1,3,3,3,3,3,3,0,2,2
France,0,3,0,3,2,3,3,3,1,3,2,3,2,2,3,3,3,3,0,0,3,3,3,3,3,3,2,0,2,0,1,3,0,0,3,0,3,2,0,3,3,2,3,3,0,3,2,3,3,3,2,3,0,0,3,2,3,3,-1,2,2,3,3,0,3,3,3,2,2,3,3,3,3,3,3,1,3,2,0,3,3,3,1,3,3,2,3,2,3,3,2,3,2,3,2,3,0,0,3,3,3,3,2,2,3,2,0,3,3,2,3,3,3,3,3,0,3,3,2,2,3,0,2,3,1,3,0,2,0,3,3,2,0,3,3,3,2,3,3,3,3,3,3,3,0,2,3,3,3,3,3,3,2,3,3,2,2,3,3,3,3,2,3,3,0,3,3,0,2,3,3,3,0,3,2,2,3,3,2,3,3,3,3,0,3,2,3,3,3,1,3,3,3,3,3,3,0,2,2
Gabon,0,0,0,0,0,0,0,0,0,0,0,0,0,3,0,0,0,0,3,0,2,0,0,0,0,0,0,0,2,3,0,2,3,3,0,0,0,2,3,0,0,2,0,0,0,0,2,3,0,3,0,0,0,0,0,2,0,0,0,-1,0,0,0,2,0,0,0,2,2,0,3,0,3,0,0,1,3,2,0,0,0,0,1,0,0,0,0,2,0,0,0,0,2,0,0,2,0,0,0,0,0,2,2,2,3,2,0,0,0,2,3,0,3,0,0,0,0,3,2,0,2,0,2,0,0,2,0,2,0,0,0,0,0,2,0,3,0,0,0,3,0,0,2,0,0,2,0,2,3,2,0,3,0,2,0,2,0,3,0,0,0,2,3,0,0,0,0,0,2,0,0,0,0,0,0,2,0,2,2,0,0,3,2,0,2,2,0,0,0,0,0,2,0,0,0,0,0,0,0
Gambia,0,0,0,0,0,0,0,0,0,0,0,3,0,3,3,0,0,3,3,0,2,0,3,0,0,0,3,0,2,0,0,3,0,0,0,0,0,2,0,0,0,2,0,0,0,0,2,3,0,0,0,0,0,0,0,2,3,0,0,2,-1,0,0,3,0,3,0,3,3,0,3,0,0,0,0,1,3,2,0,0,0,0,3,3,0,0,0,3,0,0,0,0,2,0,0,3,3,0,0,0,0,2,2,3,3,2,3,0,0,3,3,0,3,0,0,0,0,0,2,0,2,0,2,0,0,2,3,3,0,0,0,0,0,2,0,0,0,0,0,3,0,0,2,0,0,2,3,2,3,2,0,0,0,3,0,2,3,3,0,0,0,2,0,0,0,0,1,0,2,3,0,0,0,0,0,3,0,2,3,0,3,3,2,0,2,3,0,0,0,0,0,0,3,0,0,0,0,0,0
Georgia,0,3,0,3,0,3,3,3,0,3,3,3,2,2,3,3,3,0,0,0,2,3,0,3,0,3,0,0,2,0,0,2,0,0,3,0,3,2,0,0,3,2,3,3,0,3,2,3,0,3,2,0,0,0,3,2,0,3,3,2,0,-1,3,0,3,0,0,2,2,0,3,0,0,3,3,1,3,3,0,0,3,3,1,2,0,2,3,2,0,0,2,3,2,3,2,2,0,0,3,3,3,2,2,2,3,2,0,3,2,2,3,0,3,3,3,0,3,0,2,2,0,0,2,3,0,2,0,2,0,0,3,2,0,2,3,3,0,0,0,0,3,3,3,3,0,2,0,3,3,2,3,0,0,2,3,2,2,0,3,3,0,2,0,0,0,3,1,0,2,0,3,3,0,0,3,0,2,2,2,0,0,0,3,3,2,2,3,0,0,0,3,3,0,3,0,2,0,2,2
Germany,0,3,0,3,2,3,3,3,1,3,2,3,2,2,3,3,3,3,0,0,3,3,3,3,3,3,2,0,2,0,1,3,0,0,3,0,3,2,0,3,3,2,3,3,0,3,2,3,3,3,2,3,0,0,3,2,3,3,3,2,3,3,-1,0,3,3,3,2,2,3,3,3,3,3,3,1,3,2,0,3,3,3,1,3,3,2,3,2,3,3,2,3,2,3,2,3,0,0,3,3,3,3,2,2,3,2,0,3,3,2,3,3,3,3,3,3,3,3,2,2,3,0,2,3,1,3,0,2,0,3,3,2,2,3,3,3,2,3,3,3,3,3,3,3,0,2,3,3,3,3,3,3,2,3,3,2,2,3,3,3,3,2,3,3,0,3,3,0,2,3,3,3,0,3,2,2,3,3,2,3,3,3,3,0,3,2,3,3,3,1,3,3,3,3,3,3,0,2,2
Ghana,0,0,0,0,0,0,0,0,0,0,0,0,0,3,3,0,0,3,3,0,2,0,0,0,0,0,3,0,2,0,0,3,0,0,0,0,0,2,0,0,0,0,0,0,0,0,2,3,0,0,0,0,0,0,0,2,3,0,0,2,3,0,0,-1,0,3,0,3,3,0,3,0,0,0,0,1,3,2,0,0,0,0,3,3,0,2,0,3,0,0,0,0,0,0,2,2,3,0,0,0,0,2,2,2,0,2,3,0,0,2,3,0,3,0,0,0,0,0,2,2,0,0,0,0,0,2,3,3,0,0,0,0,2,2,0,0,0,0,0,3,0,0,2,0,0,3,3,2,3,2,0,0,0,3,0,2,3,3,0,0,0,2,0,0,0,0,0,0,2,3,0,0,0,0,0,3,0,2,3,0,3,0,0,0,2,3,0,0,0,0,0,2,3,0,0,0,0,2,3
Greece,0,3,0,3,2,3,3,3,1,3,2,3,2,2,3,3,3,3,0,0,3,3,3,3,3,3,2,0,2,0,1,3,0,0,3,0,3,2,0,3,3,2,3,3,0,3,2,3,3,3,2,3,0,0,3,2,3,3,3,2,3,3,3,0,-1,3,3,2,2,3,3,3,3,3,3,1,3,2,0,3,3,3,1,3,3,2,3,2,3,3,2,3,2,3,2,2,0,0,3,3,3,3,2,2,3,2,0,3,3,2,3,3,3,3,3,2,3,3,2,2,0,0,2,3,1,3,0,2,0,3,3,2,0,3,3,3,2,3,3,3,3,3,3,3,0,2,3,3,3,3,3,3,2,3,3,2,2,3,3,3,3,2,3,3,0,3,3,0,2,3,3,3,0,3,2,2,3,3,2,3,3,3,3,0,3,2,3,3,3,1,3,3,3,3,3,2,0,2,2
Grenada,0,0,0,3,0,3,3,2,0,3,0,3,0,3,3,0,3,3,0,0,2,3,3,3,0,3,0,0,2,0,0,2,0,0,3,3,3,2,0,3,3,3,3,3,0,3,2,3,3,3,2,0,0,0,3,2,3,3,3,2,3,0,3,0,3,-1,0,2,2,3,3,0,3,3,3,1,3,2,0,3,3,3,1,3,0,2,0,3,3,3,0,0,2,3,0,3,0,0,3,3,3,3,2,3,3,2,0,3,0,2,3,0,3,3,3,0,3,0,2,0,0,0,2,3,0,2,0,2,0,0,3,0,0,2,3,3,0,0,3,3,3,3,2,3,3,2,3,3,3,2,3,0,0,2,3,2,2,3,3,3,2,2,0,3,0,3,1,0,3,3,3,3,0,0,0,3,0,2,2,0,3,0,2,0,2,3,0,0,3,0,3,2,3,3,3,0,0,3,3
Guatemala,0,3,0,3,0,0,3,2,0,3,2,3,0,2,3,0,3,3,0,0,2,3,0,3,0,3,0,0,2,0,0,2,0,0,3,0,3,2,0,3,3,2,3,3,0,3,2,3,3,3,0,3,0,0,3,2,0,3,3,2,0,0,3,0,3,0,-1,2,2,0,3,3,3,3,3,1,3,2,0,3,3,3,1,3,3,2,0,2,0,3,0,0,2,3,0,2,0,0,3,3,3,2,2,2,3,2,0,3,2,2,2,0,3,3,3,0,3,0,2,2,0,0,2,3,0,3,0,2,0,3,3,0,0,2,3,3,0,3,3,3,3,3,2,3,3,2,3,2,3,2,3,0,0,2,0,2,0,3,3,3,0,2,0,3,0,3,1,0,2,0,3,3,0,3,0,2,0,2,2,0,3,0,3,0,2,2,0,0,3,0,3,2,0,3,0,0,0,2,2
Guinea,0,0,0,0,0,0,0,0,0,0,0,0,0,3,0,0,0,0,3,0,2,0,0,0,0,0,3,0,2,0,0,3,0,0,0,0,0,2,0,0,0,0,0,0,0,0,2,3,0,0,2,0,0,0,0,2,0,0,0,2,3,0,0,3,0,0,0,-1,3,0,3,0,3,0,0,1,0,2,0,0,0,0,3,0,0,0,0,2,0,0,0,0,2,0,0,2,3,0,0,0,0,2,2,2,3,2,3,0,0,2,2,0,3,0,0,0,0,0,2,2,2,0,2,0,0,2,3,3,0,0,0,0,0,2,0,0,0,0,0,3,0,0,2,0,0,3,0,2,3,2,0,0,0,3,0,2,3,3,0,0,0,2,0,0,0,0,0,0,2,0,0,0,0,0,0,2,0,2,3,0,0,3,0,0,2,2,0,0,0,0,0,0,0,0,0,0,0,0,0
Guinea-Bissau,0,0,0,0,0,0,0,0,0,0,0,0,0,3,0,0,0,0,3,0,2,0,0,0,0,0,3,0,2,0,0,3,0,0,0,0,0,2,0,0,0,2,0,0,0,0,2,3,0,3,0,0,0,0,0,2,0,0,0,2,3,0,0,3,0,0,0,3,-1,0,3,0,0,0,0,0,0,2,0,0,0,0,3,0,0,0,0,2,0,0,0,0,0,0,0,2,3,0,0,0,0,2,2,2,0,2,3,0,0,2,2,0,3,0,0,0,0,0,2,0,2,0,2,0,0,2,3,3,0,0,0,0,0,2,0,0,0,0,0,3,0,0,2,0,0,2,0,2,3,2,0,3,0,3,3,2,3,3,0,0,0,2,0,0,0,0,0,0,2,0,0,0,0,0,0,2,0,2,3,0,0,3,2,0,2,2,0,0,0,0,0,0,0,0,0,0,0,0,0
Guyana,0,0,0,0,0,3,3,2,0,0,0,3,2,2,3,0,0,3,0,0,2,0,3,3,0,0,0,0,2,0,0,2,0,0,3,0,3,2,0,3,0,2,0,0,0,0,2,3,3,3,2,0,0,0,0,2,3,0,0,2,3,0,0,0,0,3,0,2,2,-1,3,0,3,0,0,1,3,2,0,3,0,0,1,3,0,2,0,2,0,3,0,0,2,0,0,3,0,0,0,0,0,2,2,2,3,2,0,0,0,2,3,0,3,0,0,0,0,0,2,0,0,0,2,0,0,2,0,2,0,0,0,0,0,2,3,3,0,0,3,3,0,0,3,0,3,2,3,3,3,2,0,0,0,2,0,2,2,3,0,0,2,2,3,3,0,0,1,0,3,3,0,0,0,0,0,3,0,2,2,0,3,0,2,0,2,2,0,0,0,0,3,2,3,0,0,0,0,2,2
Haiti,0,0,0,0,0,0,0,2,0,0,0,0,0,2,0,0,0,0,3,0,2,0,0,0,0,0,0,0,2,0,0,2,0,0,0,0,0,2,0,0,0,2,0,0,0,0,2,3,0,2,2,0,0,0,0,2,0,0,0,2,3,0,0,0,0,0,0,2,2,0,-1,0,3,0,0,1,3,2,0,0,3,0,1,0,0,2,0,2,0,0,0,0,2,0,0,2,0,0,0,0,0,2,2,2,3,2,0,0,0,2,2,0,3,0,0,0,0,0,2,0,0,0,2,0,0,0,0,2,0,0,0,0,0,2,3,0,0,0,0,3,0,0,2,0,0,3,0,0,3,2,0,0,0,2,0,2,0,3,0,0,0,2,0,3,0,0,1,0,0,0,0,0,0,3,0,2,0,2,2,0,0,0,2,0,2,2,0,0,0,0,0,0,0,0,0,0,0,2,2
Honduras,0,3,0,3,0,0,3,2,0,3,2,3,0,2,0,0,3,3,0,0,2,3,0,3,0,3,0,0,2,0,0,2,0,0,3,0,3,2,0,3,3,2,3,3,0,3,2,3,3,3,0,3,0,0,3,2,0,3,3,2,3,3,3,0,3,0,3,2,2,0,3,-1,3,3,3,1,3,2,0,3,3,3,1,0,3,2,0,2,0,3,0,0,2,3,0,2,0,0,3,3,3,2,2,2,3,2,0,3,0,2,2,0,3,3,3,0,3,0,2,0,0,0,2,3,0,3,0,2,0,3,3,0,0,2,3,3,0,3,3,3,3,3,2,3,3,2,3,2,3,2,3,0,0,2,0,2,0,3,3,3,0,2,0,3,0,3,1,0,2,0,3,3,0,3,0,2,0,2,2,0,3,3,3,0,2,2,0,3,3,0,3,2,0,3,0,0,0,2,2
Hong Kong,0,3,0,3,0,3,3,3,1,3,2,3,2,0,3,3,3,3,3,0,2,3,3,3,3,3,2,0,2,0,1,3,0,0,3,0,3,2,0,0,3,2,3,3,0,3,2,3,3,3,3,0,0,0,3,2,3,3,3,2,0,0,3,0,3,3,0,2,2,3,3,0,-1,3,3,1,3,3,0,3,3,3,1,3,3,2,3,2,3,3,2,0,2,3,2,3,0,0,3,3,3,3,2,3,3,2,0,3,0,2,3,3,3,3,3,3,3,3,2,3,3,0,2,3,1,3,3,2,0,3,3,2,0,2,3,3,2,0,3,3,3,3,3,3,3,2,3,3,3,2,3,0,2,0,3,2,0,3,3,3,0,2,3,3,0,3,1,0,3,0,3,3,0,2,0,3,3,2,2,2,3,3,3,0,2,3,3,3,3,0,3,2,3,3,3,2,3,3,3
Hungary,0,3,0,3,2,3,3,3,1,3,2,3,2,2,3,3,3,3,0,0,3,3,3,3,3,3,2,0,2,0,1,3,0,0,3,0,3,2,0,3,3,2,3,3,0,3,2,3,3,3,2,3,0,0,3,2,3,3,3,2,3,3,3,0,3,3,3,2,2,0,3,3,3,-1,3,1,3,2,0,3,3,3,1,3,3,2,3,2,3,3,2,3,2,3,2,2,0,0,3,3,3,3,2,2,3,2,0,3,3,2,3,3,3,3,3,0,3,3,2,2,2,0,2,3,1,3,0,2,0,3,3,2,0,3,3,3,2,3,3,3,3,3,3,3,0,2,3,3,3,3,3,3,2,3,3,2,2,3,3,3,3,2,3,3,0,3,3,0,2,3,3,3,0,3,2,2,3,3,2,3,3,3,3,0,3,2,3,3,3,1,3,3,3,3,3,2,0,2,2
Iceland,0,3,0,3,2,3,3,3,1,3,2,3,2,2,3,3,3,3,0,0,3,3,3,3,3,3,2,0,2,0,1,3,0,0,3,0,3,2,0,3,3,2,3,3,0,3,2,3,3,3,2,3,0,0,3,2,3,3,3,2,3,3,3,0,3,3,3,2,2,0,3,3,3,3,-1,1,3,2,0,3,3,3,1,3,3,2,3,2,3,3,2,3,2,3,2,3,0,0,3,3,3,3,2,2,3,2,0,3,2,2,3,3,3,3,3,0,3,3,2,2,3,0,2,3,1,3,0,2,0,3,3,2,2,2,3,3,2,3,3,3,3,3,3,3,0,2,3,3,3,2,3,3,2,2,3,2,0,3,3,3,3,2,3,3,0,3,3,0,2,0,3,3,0,3,2,2,3,3,2,3,3,3,3,0,3,2,3,3,3,1,3,3,3,3,3,2,0,2,2
India,0,0,0,0,2,0,0,2,0,0,2,0,0,0,3,0,0,0,0,3,2,0,0,0,0,0,0,0,2,0,0,2,0,0,0,0,0,2,0,0,0,0,0,0,0,0,2,3,0,0,0,3,0,0,0,2,3,0,0,2,0,0,0,0,0,3,0,2,2,0,3,0,1,0,0,-1,3,2,0,0,0,0,1,3,0,2,0,2,0,0,0,0,2,0,0,2,0,0,0,0,0,3,2,2,2,2,0,0,2,2,3,0,3,0,0,0,0,0,2,2,0,0,3,0,0,0,0,2,0,0,0,0,0,2,3,0,0,0,0,0,0,0,3,0,0,2,3,2,3,2,0,0,0,3,3,2,2,0,0,0,0,2,0,0,0,0,3,0,2,0,0,0,0,0,0,2,2,2,2,0,3,3,2,0,2,2,0,0,0,0,0,2,3,0,0,2,0,0,2
Indonesia,0,0,0,0,2,0,0,2,0,0,2,0,0,0,3,3,0,0,0,0,2,0,0,3,3,0,0,0,3,0,0,2,0,0,3,0,3,2,0,0,0,2,0,0,0,0,2,3,0,3,0,0,0,0,0,2,3,0,0,2,3,0,0,0,0,0,0,2,2,3,3,0,3,0,0,1,-1,2,0,0,0,0,1,0,3,2,3,2,0,0,0,2,3,0,0,2,0,0,0,0,0,3,2,2,3,2,3,0,2,2,2,0,3,0,0,0,0,3,2,3,3,0,2,0,0,2,0,2,0,0,0,2,2,2,3,0,2,0,3,3,0,0,3,0,0,3,3,0,3,2,0,0,0,2,3,2,2,3,0,0,0,2,0,0,0,0,3,0,2,0,0,0,0,0,2,2,3,2,2,0,0,0,2,0,2,2,0,0,0,0,0,3,0,0,0,3,0,0,2
Iran,0,0,0,0,0,0,0,3,0,0,2,0,0,0,0,0,0,0,0,0,2,0,0,0,0,0,0,0,2,0,0,2,0,0,0,0,0,2,0,0,0,0,0,0,0,0,2,3,0,3,0,0,0,0,0,2,0,0,0,2,0,3,0,0,0,0,0,2,2,0,3,0,0,0,0,1,0,-1,0,0,0,0,1,0,0,0,0,2,0,0,0,0,2,0,2,2,0,0,0,0,0,2,2,2,3,2,0,0,0,2,0,0,3,0,0,0,0,0,2,0,0,0,2,0,0,0,0,2,0,0,0,2,0,2,0,0,0,0,0,0,0,0,2,0,0,2,0,0,0,2,0,0,0,2,0,2,2,0,0,0,0,2,0,0,0,0,1,0,2,0,0,0,0,0,0,0,0,2,2,0,0,0,3,0,2,2,0,0,0,0,0,0,0,0,3,0,0,0,2
Iraq,0,0,0,0,0,0,0,0,0,0,0,0,0,0,0,0,0,0,0,0,2,0,0,0,0,0,0,0,2,0,0,2,0,0,0,0,0,2,0,0,0,0,0,0,0,0,2,3,0,0,0,0,0,0,0,2,0,0,0,2,0,0,0,0,0,0,0,2,2,0,3,0,0,0,0,0,0,0,-1,0,0,0,1,0,0,0,0,0,0,0,0,0,2,0,2,2,0,0,0,0,0,2,2,2,3,2,0,0,0,2,0,0,3,0,0,0,0,0,2,0,0,0,0,0,0,0,0,2,0,0,0,0,0,2,0,0,0,0,0,0,0,0,2,0,0,2,0,0,0,2,0,0,0,2,0,2,0,0,0,0,0,2,0,0,0,0,1,0,2,0,0,0,0,0,0,0,0,2,2,0,0,0,2,0,2,2,0,0,0,0,0,0,0,0,0,0,0,0,0
Ireland,0,3,0,3,2,3,3,3,1,3,2,3,2,2,3,3,3,3,0,0,3,3,3,3,3,3,2,0,2,0,1,3,0,0,3,0,3,2,0,3,3,2,3,3,0,3,2,3,3,3,2,3,0,0,3,2,3,3,3,2,3,3,3,0,3,3,3,2,2,3,3,3,3,3,3,1,3,2,0,-1,3,3,1,3,3,2,3,2,3,3,2,3,2,3,2,3,0,0,3,3,3,3,2,2,3,2,0,3,3,2,3,3,3,3,3,2,3,3,2,2,3,0,2,3,1,3,0,2,0,3,3,2,0,2,3,3,2,3,3,3,3,3,3,3,0,2,3,3,3,2,3,3,2,3,3,2,2,3,3,3,2,2,3,3,0,3,3,0,2,3,3,3,0,3,2,2,3,2,2,2,3,3,2,0,2,2,3,3,3,1,3,3,3,3,3,2,0,3,2
Israel,0,3,0,3,2,0,3,2,0,3,2,3,0,2,3,3,3,3,0,0,2,3,3,3,0,3,0,0,2,0,1,2,3,0,3,0,3,2,0,3,3,2,3,3,0,3,2,3,3,3,0,3,0,0,3,2,3,3,3,2,0,3,3,0,3,3,3,2,2,0,3,3,3,3,3,1,0,0,0,3,-1,3,1,3,3,2,3,2,0,3,0,2,2,3,0,3,0,0,3,3,3,3,2,3,0,2,0,3,2,2,3,3,3,3,3,3,3,0,2,2,0,2,2,3,1,3,0,2,0,3,3,0,0,3,3,3,2,3,3,3,3,3,2,3,3,2,3,3,3,2,3,0,0,2,3,2,2,3,3,3,2,2,3,3,0,3,3,0,3,3,3,3,0,3,2,2,3,2,2,2,3,0,3,0,2,2,3,0,3,0,3,3,3,3,0,0,0,2,2
Italy,0,3,0,3,2,3,3,3,1,3,2,3,2,2,3,3,3,3,0,0,3,3,3,3,3,3,2,0,2,0,1,3,0,0,3,0,3,2,0,3,3,2,3,3,0,3,2,3,3,3,2,3,0,0,3,2,3,3,3,2,3,3,3,0,3,3,3,2,2,3,3,3,3,3,3,1,3,2,0,3,3,-1,1,3,3,2,3,2,3,3,2,3,2,3,2,3,0,0,3,3,3,3,2,2,3,2,0,3,3,2,3,3,3,3,3,0,3,3,2,2,3,0,2,3,1,3,0,2,0,3,3,2,2,3,3,3,2,3,3,3,3,3,3,3,0,2,3,3,3,3,3,3,2,3,3,2,2,3,3,3,3,2,3,3,0,3,3,0,2,3,3,3,0,3,2,2,3,3,2,3,3,3,3,0,3,2,3,3,3,1,3,3,3,3,3,3,0,2,2
Ivory Coast,0,0,0,0,0,0,0,0,0,0,0,0,0,2,0,0,0,0,3,0,2,0,0,0,0,0,3,0,2,0,0,3,3,3,0,0,0,2,2,0,0,2,0,0,0,0,2,3,0,3,0,0,0,0,0,2,0,0,0,2,3,0,0,3,0,0,0,3,3,0,3,0,0,0,0,1,3,2,0,0,0,0,-1,0,0,0,0,2,0,0,0,0,0,0,2,2,3,0,0,0,0,2,2,2,0,2,3,0,0,3,2,0,3,0,0,0,0,3,2,2,2,0,2,0,0,2,3,3,0,0,0,0,0,2,0,0,0,0,0,3,0,0,2,0,0,2,0,2,3,2,0,0,0,3,0,2,3,3,0,0,0,2,0,0,0,0,0,0,2,0,0,0,0,0,0,2,0,2,3,0,0,3,2,0,2,2,0,0,0,0,0,2,0,0,0,0,0,0,0
Jamaica,0,0,0,0,0,3,3,2,0,0,2,3,0,3,3,0,0,3,0,0,2,0,3,3,0,0,0,0,2,0,0,2,0,0,3,0,3,2,0,0,0,2,0,0,0,0,2,3,3,3,2,0,0,0,0,2,3,0,0,2,3,0,0,3,0,3,0,2,2,3,3,0,3,0,0,1,3,2,0,0,3,0,1,-1,0,2,0,3,3,0,0,0,2,0,0,3,0,0,0,0,0,2,2,3,3,2,0,0,0,2,3,3,3,0,0,0,0,0,2,2,3,0,2,0,0,2,0,2,0,0,0,0,0,2,3,3,0,0,3,3,0,0,2,0,3,2,3,3,3,2,0,0,0,2,3,2,2,3,0,0,0,2,3,3,0,0,1,0,3,3,0,0,0,0,0,3,0,2,2,0,3,0,2,0,2,3,0,0,0,0,3,2,3,0,3,0,0,3,3
Japan,0,3,0,3,2,3,3,3,1,3,2,3,2,2,3,3,3,3,0,0,3,3,3,3,3,3,0,0,2,0,1,2,0,0,3,3,3,2,0,3,3,2,3,3,0,3,2,3,3,3,2,3,0,0,3,2,3,3,3,2,0,3,3,0,3,3,3,2,2,3,3,3,3,3,3,1,3,2,0,3,3,3,1,3,-1,2,3,2,3,3,2,3,3,3,2,3,0,0,3,3,3,3,2,2,3,2,0,3,2,2,3,3,3,3,3,3,3,3,2,3,3,0,2,3,1,3,0,2,0,3,3,2,2,2,3,3,2,3,3,3,3,3,3,3,0,2,3,3,3,2,3,3,2,3,3,2,2,3,3,3,2,2,3,3,0,3,3,0,3,3,3,3,0,3,2,2,3,2,2,2,3,3,3,0,2,2,3,3,3,1,3,3,3,3,3,3,0,2,2
Jordan,0,0,0,0,0,0,0,2,0,0,2,0,0,0,3,0,0,0,0,0,2,0,0,0,0,0,0,0,2,0,0,2,0,0,0,0,0,2,0,0,0,0,0,0,0,0,2,3,0,3,3,0,0,0,0,2,0,0,0,2,0,3,0,0,0,0,0,2,2,0,3,0,3,0,0,1,3,0,0,0,0,0,1,0,0,-1,0,2,0,3,0,0,0,0,3,2,0,3,0,0,0,2,2,2,3,2,0,0,0,2,2,0,3,0,0,0,0,0,2,2,0,0,2,0,0,2,0,2,0,0,0,0,2,2,0,0,0,0,0,0,0,0,2,0,0,2,3,0,0,2,0,0,0,2,0,2,0,0,0,0,0,2,3,0,0,0,1,0,2,0,0,0,3,0,2,2,0,2,2,0,0,3,3,0,2,2,0,0,0,0,0,2,0,0,0,0,2,0,0
Kazakhstan,0,3,0,0,0,3,3,3,0,0,3,0,2,2,3,3,0,0,0,0,2,0,0,3,0,0,0,0,2,0,0,2,0,0,0,0,3,2,0,3,0,2,0,0,0,0,2,3,3,3,2,0,0,0,0,2,0,0,0,2,0,3,0,0,0,0,0,2,2,0,3,0,3,0,0,1,3,2,0,0,0,0,1,2,0,2,-1,2,0,0,0,3,2,0,2,2,0,0,0,0,0,2,2,2,3,2,0,0,2,2,2,0,3,3,0,3,3,0,2,2,3,0,2,0,0,2,0,2,0,0,0,0,0,2,3,0,0,0,0,3,0,0,3,0,3,2,0,0,3,2,0,0,2,2,3,2,2,0,0,0,0,2,0,3,0,0,1,0,2,0,0,0,0,0,3,0,2,2,2,0,0,0,3,0,2,2,3,2,0,0,0,3,0,0,0,2,0,2,2
Kenya,0,0,0,0,0,3,0,0,0,0,0,3,0,0,3,0,0,0,3,0,2,0,3,0,0,0,2,3,2,0,0,2,0,0,0,0,0,2,0,0,0,3,0,0,2,0,2,3,0,0,0,0,0,0,0,3,3,0,0,2,3,0,0,3,0,3,0,2,2,0,3,0,3,0,0,1,3,2,0,0,0,0,1,3,0,2,0,-1,3,0,0,0,2,0,0,3,0,0,0,0,0,2,2,3,3,2,0,0,0,2,3,0,3,0,0,0,0,0,2,2,3,0,2,0,0,0,0,2,0,0,0,0,0,2,0,3,0,0,0,3,0,0,2,0,0,3,3,2,3,2,0,0,0,2,0,2,2,3,0,0,0,2,0,0,2,0,0,2,2,3,0,0,0,0,0,3,0,2,2,0,3,0,2,0,2,3,0,0,0,0,0,0,3,0,0,0,0,3,3
Kiribati,0,0,0,3,0,3,0,2,0,3,0,3,0,2,3,0,3,3,0,0,2,3,3,0,0,3,0,0,2,0,0,2,0,0,0,0,0,2,0,3,3,2,3,3,0,3,2,3,3,3,2,0,0,0,3,2,3,3,3,2,3,0,3,0,3,3,0,2,2,0,3,0,3,3,3,1,3,2,0,3,0,3,1,3,0,2,0,3,-1,3,0,0,2,3,0,3,0,0,3,3,3,3,2,3,3,2,0,3,2,2,3,0,3,3,3,0,0,0,2,0,0,0,2,3,0,2,0,2,0,0,3,0,0,2,3,3,2,0,3,3,3,3,2,3,0,2,3,3,3,2,3,0,0,2,0,2,2,3,3,3,2,2,0,3,0,3,1,0,2,0,3,3,0,2,0,3,0,2,2,2,3,3,2,0,2,2,0,0,3,0,0,2,3,3,0,0,0,3,3
Kosovo,0,3,0,0,0,0,0,0,0,0,0,0,0,2,0,0,0,0,0,0,2,0,0,0,0,0,0,0,2,0,0,2,0,0,0,0,0,2,0,0,0,2,0,0,0,0,2,3,0,3,0,0,0,0,0,2,0,0,0,2,3,0,0,0,0,0,0,2,2,0,3,0,0,0,0,0,0,2,0,0,0,0,1,2,0,2,0,0,0,-1,0,0,2,0,0,2,0,0,0,0,0,2,2,2,0,2,0,0,2,2,0,0,3,0,0,0,3,0,2,0,0,0,2,0,0,0,0,2,0,3,0,2,0,2,3,0,0,0,0,0,0,0,2,0,0,2,0,0,3,2,0,0,0,0,3,2,0,0,0,0,0,2,0,0,0,0,1,0,2,0,0,0,0,0,0,2,0,2,2,0,0,0,3,0,2,2,0,0,0,0,0,0,0,0,0,0,0,0,0
Kuwait,0,3,0,0,0,0,0,2,0,0,2,3,3,2,0,3,0,0,0,0,2,3,3,0,2,0,0,0,2,0,0,2,0,0,0,0,0,2,0,0,0,2,0,0,0,0,2,3,3,3,3,3,0,0,0,2,0,0,0,2,0,3,0,0,0,0,3,2,2,0,3,3,3,0,0,0,3,2,0,0,0,0,1,0,0,3,3,2,0,3,-1,3,2,0,3,2,0,0,0,0,0,2,2,2,3,2,0,0,2,2,3,0,3,0,0,2,3,3,2,2,0,0,2,0,1,3,0,2,0,0,0,3,2,2,3,3,0,0,0,3,0,0,3,0,0,2,3,3,3,2,0,3,3,2,3,2,2,3,0,0,2,2,0,3,0,0,1,3,2,3,0,0,3,2,2,2,3,2,2,0,0,3,3,0,2,2,0,3,1,0,0,2,3,0,0,0,2,0,2
Kyrgyzstan,0,0,0,0,0,3,0,3,0,0,3,0,0,2,3,3,0,0,0,0,2,0,0,0,0,0,0,0,2,0,0,2,0,0,0,0,0,2,0,0,0,2,0,0,0,0,2,3,0,3,0,0,0,0,0,2,0,0,0,2,0,3,0,0,0,0,0,2,2,0,3,0,0,0,0,1,3,2,0,0,0,0,1,2,0,2,3,2,0,0,0,-1,2,0,2,2,0,0,0,0,0,2,2,2,3,2,0,0,2,2,2,0,3,3,0,3,0,0,2,2,3,0,2,0,0,2,0,2,0,0,0,0,0,2,3,0,0,0,0,3,0,0,2,0,3,2,0,2,3,2,0,0,0,2,3,2,2,0,0,0,0,2,0,0,0,0,1,0,2,0,0,0,0,0,3,0,0,2,2,0,0,0,3,0,2,2,3,0,0,0,0,3,0,0,0,3,0,0,2
Laos,0,0,0,0,0,0,0,2,0,0,0,0,0,2,0,0,0,0,0,0,2,0,0,0,3,0,0,0,3,0,0,2,0,0,0,0,0,2,0,0,0,2,0,0,0,0,2,3,0,3,2,0,0,0,0,2,0,0,0,2,3,0,0,0,0,0,0,2,2,0,3,0,0,0,0,1,3,2,0,0,0,0,1,0,0,0,0,2,0,0,2,0,-1,0,0,2,0,0,0,0,0,2,2,2,3,2,0,0,0,2,0,0,3,0,0,3,0,0,2,3,0,0,2,0,0,0,0,2,0,0,0,0,0,2,3,0,0,0,0,3,0,0,2,0,3,2,0,0,3,2,0,0,0,2,0,2,0,3,0,0,0,2,0,0,0,0,1,0,2,0,0,0,0,0,0,2,3,2,2,0,0,0,0,0,2,2,0,0,0,0,0,2,0,0,0,3,0,2,0
Latvia,0,3,0,3,2,3,3,3,1,3,2,3,2,2,3,3,3,3,0,0,3,3,3,3,3,3,2,0,2,0,1,3,0,0,3,0,3,2,0,3,3,2,3,3,0,3,2,3,3,3,2,3,0,0,3,2,3,3,3,2,3,3,3,0,3,3,3,2,2,0,3,3,3,3,3,1,3,2,0,3,3,3,1,3,3,2,3,2,3,3,2,3,2,-1,2,2,0,0,3,3,3,3,2,2,3,2,0,3,3,2,3,3,3,3,3,2,3,3,2,2,0,0,2,3,1,3,0,2,0,3,3,2,0,3,3,3,2,3,3,3,3,3,3,3,0,2,3,3,3,3,3,3,2,3,3,2,2,3,3,3,3,2,0,3,0,3,3,0,2,3,3,3,0,3,2,2,3,3,2,3,3,3,3,0,3,2,3,3,3,1,3,3,3,3,3,0,0,2,2
Lebanon,0,0,0,0,0,0,0,2,0,0,0,0,0,0,0,0,0,0,0,0,2,0,0,0,0,0,0,0,2,0,0,2,0,0,0,0,0,2,0,0,0,2,0,0,0,0,2,3,0,3,0,0,0,0,0,2,0,0,0,2,0,3,0,0,0,0,0,2,2,0,3,0,0,0,0,0,3,3,2,0,0,0,1,0,0,3,0,0,0,0,0,0,2,0,-1,2,0,0,0,0,0,3,2,2,3,2,0,0,0,2,2,0,3,0,0,0,0,0,2,0,0,0,2,0,0,0,0,2,0,0,0,2,0,2,3,0,0,0,0,0,0,0,3,0,0,2,0,0,0,2,0,0,0,2,0,2,2,0,0,0,0,2,0,0,0,0,1,0,2,0,0,0,3,0,2,0,0,2,2,0,0,0,3,0,2,2,0,0,0,0,0,2,0,0,0,0,0,0,0
Lesotho,0,0,0,0,2,3,0,0,0,0,0,3,0,3,3,0,0,3,3,0,2,0,3,0,0,0,0,0,2,0,0,2,0,0,0,0,0,2,0,0,0,2,0,0,0,0,2,3,0,3,0,0,0,0,0,2,3,0,0,2,3,0,0,3,0,3,0,2,2,3,3,0,3,0,0,1,3,2,0,3,3,0,1,3,3,2,0,3,3,3,0,0,0,0,0,-1,0,0,0,0,0,2,2,3,3,2,0,0,0,2,3,0,3,0,0,0,0,0,2,0,3,0,2,0,0,2,0,2,0,0,0,0,0,2,3,0,0,0,0,3,0,0,2,0,0,2,3,3,3,2,0,0,0,2,0,2,2,3,0,0,0,2,3,3,0,0,1,0,2,3,0,0,0,0,0,3,0,2,2,0,3,0,2,0,2,3,0,0,0,0,0,0,3,0,0,0,0,3,3
Liberia,0,0,0,0,0,0,0,0,0,0,0,0,0,2,3,0,0,0,3,0,2,0,0,0,0,0,3,0,2,0,0,3,3,0,0,0,0,2,0,0,0,2,0,0,0,0,2,3,0,3,0,0,0,0,0,2,0,0,0,2,3,0,0,3,0,0,0,3,3,0,3,0,0,0,0,1,0,2,0,0,0,0,3,0,0,0,0,2,0,0,0,0,0,0,0,2,-1,0,0,0,0,2,2,2,0,2,3,0,0,2,2,0,3,0,0,0,0,0,2,0,2,0,0,0,0,0,3,3,0,0,0,0,0,2,0,0,0,0,0,3,0,0,2,0,0,2,0,0,3,2,0,0,0,3,0,2,3,3,0,0,0,2,0,0,0,0,0,0,2,0,0,0,0,0,0,2,0,2,3,0,0,0,2,0,2,2,0,3,0,0,0,0,0,0,0,0,0,0,0
Libya,0,0,3,0,0,0,0,0,0,0,0,0,0,0,0,0,0,0,3,0,2,0,0,0,0,0,2,0,2,0,0,2,0,0,0,0,0,2,0,0,0,2,0,0,0,0,2,3,0,0,0,0,0,0,0,2,0,0,0,2,0,0,0,2,0,0,0,2,2,0,3,0,0,0,0,0,2,2,0,0,0,0,1,0,0,0,0,0,0,0,0,0,0,0,2,2,0,-1,0,0,0,2,2,2,3,2,0,0,0,3,0,0,3,0,0,0,0,0,2,0,0,0,2,0,0,0,0,2,0,0,0,0,0,2,3,0,0,0,0,0,0,0,2,0,0,2,0,0,3,2,0,0,0,2,0,2,0,0,0,0,0,2,0,0,0,0,1,0,2,0,0,0,0,0,0,2,0,2,2,0,0,3,2,0,2,2,0,0,0,0,0,0,0,0,0,0,0,0,0
Liechtenstein,0,3,0,3,0,3,3,3,1,3,2,3,2,2,3,3,3,0,0,0,3,3,3,3,3,3,2,0,2,0,1,3,0,0,3,0,3,2,0,3,3,2,3,3,0,3,2,3,3,3,2,3,0,0,3,2,3,3,3,2,3,3,3,0,3,3,3,2,2,0,3,3,3,3,3,1,3,2,0,3,3,3,1,3,3,2,3,2,3,3,2,3,2,3,2,2,0,0,-1,3,3,3,2,2,3,2,0,3,0,2,3,3,3,3,3,0,3,3,2,0,3,0,2,3,1,3,0,2,0,3,3,2,0,2,3,3,2,3,3,3,3,3,3,3,0,2,3,3,3,2,3,3,2,2,3,2,2,3,3,3,3,2,3,3,0,3,1,0,2,0,3,3,0,3,2,2,3,3,2,3,3,3,3,0,3,2,3,3,3,1,3,3,3,3,3,2,0,2,2
Lithuania,0,3,0,3,2,3,3,3,1,3,2,3,2,2,3,3,3,3,0,0,3,3,3,3,3,3,2,0,2,0,1,3,0,0,3,0,3,2,0,3,3,2,3,3,0,3,2,3,3,3,2,3,0,0,3,2,3,3,3,2,3,3,3,0,3,3,3,2,2,0,3,3,3,3,3,1,3,2,0,3,3,3,1,3,3,2,3,2,3,3,2,3,2,3,2,2,0,0,3,-1,3,3,2,2,3,2,0,3,3,2,3,3,3,3,3,2,3,3,2,2,0,0,2,3,1,3,0,2,0,3,3,2,2,3,3,3,2,3,3,3,3,3,3,3,0,2,3,3,3,3,3,3,2,3,3,2,2,3,3,3,3,2,0,3,0,3,3,0,2,3,3,3,0,3,2,2,3,3,2,3,3,3,3,0,3,2,3,3,3,1,3,3,3,3,3,2,0,2,2
Luxembourg,0,3,0,3,2,3,3,3,1,3,2,3,2,2,3,3,3,3,0,0,3,3,3,3,3,3,2,0,2,0,1,3,0,0,3,0,3,2,0,3,3,2,3,3,0,3,2,3,3,3,2,3,0,0,3,2,3,3,3,2,3,3,3,0,3,3,3,2,2,3,3,3,3,3,3,1,3,2,0,3,3,3,1,3,3,2,3,2,3,3,2,3,3,3,2,3,0,0,3,3,-1,3,2,2,3,2,0,3,3,2,3,3,3,3,3,2,3,3,2,2,3,0,2,3,1,3,0,2,0,3,3,2,2,3,3,3,2,3,3,3,3,3,3,3,0,2,3,3,3,3,3,3,2,3,3,2,2,3,3,3,3,2,3,3,0,3,3,0,2,3,3,3,0,3,2,2,3,3,2,3,3,3,3,0,3,2,3,3,3,1,3,3,3,3,3,2,0,2,2
Macao,0,3,0,3,0,3,0,3,0,3,2,0,2,2,3,3,3,0,0,0,2,3,0,3,3,3,0,0,2,0,0,3,0,0,3,3,0,2,0,0,3,2,3,3,0,3,2,3,3,3,3,0,0,0,3,2,3,3,3,2,0,0,3,0,3,3,0,2,2,0,3,0,3,3,3,1,3,3,0,3,3,3,1,0,3,2,0,2,3,3,0,0,2,3,2,2,0,0,3,3,3,-1,2,2,3,2,3,3,0,2,3,3,3,3,3,3,3,3,2,3,3,0,2,3,1,3,0,2,0,3,3,2,0,2,3,0,2,0,0,3,3,3,2,3,3,2,3,2,3,3,3,0,2,0,3,2,2,3,3,3,0,2,3,3,0,3,1,0,2,0,3,3,0,2,0,3,3,2,2,2,0,0,3,0,2,2,0,3,3,0,3,0,3,3,0,2,0,0,2
Madagascar,0,0,0,0,2,3,0,0,0,0,0,0,0,2,0,0,0,0,3,0,2,0,0,0,0,0,0,0,2,0,0,2,0,0,0,0,0,2,0,0,0,2,0,0,0,0,2,3,0,3,0,3,0,0,0,2,0,0,0,2,0,0,0,2,0,0,3,2,2,0,3,3,3,0,0,1,3,2,0,0,0,0,1,0,0,0,0,2,0,0,0,0,2,0,0,2,0,0,0,0,0,2,-1,2,3,2,0,0,0,2,2,0,3,0,0,0,0,0,2,0,2,0,2,0,1,3,0,2,0,0,0,0,0,2,0,3,0,0,0,3,0,0,2,0,0,2,0,2,3,2,0,0,0,2,0,2,0,3,0,0,0,2,3,0,0,0,1,0,2,3,0,0,0,0,0,3,0,2,2,0,0,0,2,0,2,3,0,0,0,0,0,0,0,0,0,0,0,2,3
Malawi,0,0,0,0,2,3,0,0,0,0,0,3,0,3,3,0,0,3,3,0,2,0,3,0,0,0,0,0,2,0,0,2,0,0,0,0,0,2,0,0,0,2,0,0,0,0,2,3,0,3,0,0,0,0,0,2,3,0,0,2,3,0,0,2,0,3,0,2,2,0,3,0,3,0,0,1,3,2,0,0,3,0,1,3,0,2,0,3,3,3,0,0,2,0,0,3,0,0,0,0,0,2,2,-1,3,2,0,0,0,2,3,0,3,0,0,0,0,0,3,0,3,0,2,0,0,2,0,2,0,0,0,0,0,2,3,0,0,0,0,3,0,0,2,0,0,2,3,3,3,2,0,0,0,2,0,2,2,3,0,0,0,2,3,0,0,0,1,0,2,3,0,0,0,0,0,3,0,2,2,0,3,0,2,0,2,3,0,0,0,0,0,0,3,0,0,0,0,3,3
Malaysia,0,3,3,3,0,3,3,2,1,3,2,3,2,2,3,3,3,3,0,0,2,3,3,3,3,3,0,0,3,0,0,2,0,0,3,0,0,2,0,3,3,3,3,3,0,3,2,3,3,3,2,3,0,0,3,2,3,3,3,2,3,3,3,0,3,3,3,2,2,3,3,3,3,3,3,1,3,3,0,3,0,3,1,3,3,2,3,3,3,3,2,3,3,3,2,3,0,0,3,3,3,3,2,3,-1,2,0,3,2,2,3,3,3,3,3,3,3,3,2,2,3,0,2,3,1,3,0,2,0,3,3,2,2,2,3,3,2,0,3,3,3,3,3,3,0,2,3,2,3,2,3,0,2,2,0,2,2,3,3,3,2,2,3,3,0,3,3,2,3,3,3,3,0,3,2,3,3,2,2,2,3,3,3,0,2,2,0,3,3,0,3,3,3,3,3,3,2,3,3
Maldives,0,0,0,0,0,3,0,2,0,0,2,3,0,3,3,0,0,3,0,3,2,0,3,0,3,0,0,0,2,0,0,2,0,0,0,0,0,2,0,3,0,2,0,0,0,0,2,3,0,3,2,0,0,0,0,2,3,0,0,2,3,0,0,0,0,3,0,2,2,0,3,0,3,0,0,3,3,2,0,3,0,0,1,3,0,2,0,3,0,3,0,0,2,0,0,3,0,0,0,0,0,2,2,2,3,-1,0,0,2,2,3,0,3,0,0,0,0,0,2,2,0,0,2,0,0,2,0,2,0,0,0,0,3,2,3,3,2,0,0,3,0,0,3,0,3,2,3,3,3,2,0,0,0,2,0,2,0,3,0,0,2,2,3,0,0,0,2,0,2,3,0,0,0,0,0,2,3,2,2,0,3,3,2,0,2,2,0,3,3,0,0,2,3,0,0,0,0,3,3
Mali,0,0,3,0,0,0,0,0,0,0,0,3,0,2,3,0,0,0,3,0,2,0,0,0,0,0,3,0,2,3,0,3,0,3,0,0,0,2,0,0,0,2,0,0,0,0,2,3,0,3,0,0,0,0,0,2,0,0,0,2,3,0,0,3,0,0,0,3,3,0,3,0,3,0,0,1,3,2,0,0,0,0,3,0,0,0,0,2,0,0,0,0,2,0,0,2,3,0,0,0,0,3,2,2,0,2,-1,0,0,3,0,0,3,0,0,0,0,0,2,0,0,0,2,0,0,0,3,3,0,0,0,0,0,2,0,0,0,0,0,3,0,0,2,0,0,2,0,2,3,2,0,0,0,3,0,2,3,0,0,0,0,2,0,0,0,0,0,0,2,0,0,0,0,0,0,0,0,2,3,0,0,3,2,0,2,2,0,0,0,0,0,0,0,0,0,0,0,0,0
Malta,0,3,0,3,2,3,3,3,1,3,2,3,2,2,3,3,3,3,0,0,2,3,3,3,3,3,2,0,2,0,1,3,0,0,3,0,3,2,0,3,3,2,3,3,0,3,2,3,3,3,2,3,0,0,3,2,3,3,3,2,3,3,3,0,3,3,3,2,2,0,3,3,3,3,3,1,3,2,0,3,3,3,1,3,3,2,3,2,3,3,2,3,2,3,2,2,0,0,3,3,3,3,2,2,3,2,0,-1,3,2,3,3,3,3,3,2,3,3,2,2,0,0,2,3,1,3,0,2,0,3,3,2,2,3,3,3,2,3,3,3,3,3,3,3,0,2,3,3,3,3,3,3,2,3,3,2,2,3,3,3,3,2,3,3,0,3,3,0,2,3,3,3,0,3,2,3,2,3,2,3,3,3,2,0,3,3,3,3,3,1,3,3,3,3,3,2,0,3,3
Marshall Islands,0,0,0,3,0,3,0,2,0,3,0,3,0,2,0,0,3,3,0,0,2,3,0,0,0,3,0,0,2,0,0,2,0,0,0,0,3,2,0,3,3,2,3,3,0,3,2,3,3,3,2,3,0,0,3,2,3,3,3,2,0,0,3,0,3,0,3,2,2,0,3,3,3,3,3,1,3,2,0,0,0,3,1,0,0,2,0,2,3,3,0,0,2,3,0,2,0,0,3,3,3,2,2,2,3,2,0,3,-1,2,2,3,3,3,3,0,0,0,2,0,0,2,2,3,0,3,0,2,0,0,3,0,0,3,3,3,2,0,3,3,3,3,2,3,0,2,0,3,3,2,3,0,0,2,0,2,0,3,3,3,2,2,0,3,0,3,1,0,2,0,3,3,0,3,0,2,0,2,2,2,0,0,2,0,2,2,0,0,3,3,0,2,3,3,0,2,0,3,2
Mauritania,0,0,3,0,0,0,0,0,0,0,0,0,0,2,3,0,0,0,3,0,2,0,0,0,0,0,3,0,2,0,0,3,0,3,0,0,0,2,2,0,0,2,0,0,0,0,2,3,0,3,0,0,0,0,0,2,0,0,0,2,3,0,0,2,0,0,0,3,2,0,3,0,3,0,0,0,3,2,0,0,0,0,3,0,0,0,0,2,0,0,0,0,2,0,2,2,0,0,0,0,0,2,2,2,3,2,3,0,0,-1,2,0,3,0,0,0,0,0,2,0,0,0,2,0,0,2,3,2,0,0,0,0,0,2,0,0,0,0,0,3,0,0,2,0,0,2,0,2,3,2,0,0,0,3,0,2,3,3,0,0,0,2,0,0,0,0,1,0,2,0,0,0,3,0,0,0,0,2,0,0,0,3,2,0,2,2,0,0,0,0,0,0,0,0,0,0,0,0,0
Mauritius,0,3,0,3,3,3,0,0,0,3,2,3,0,0,3,0,3,3,3,0,2,3,3,0,0,3,0,0,2,0,0,2,0,0,3,3,0,2,0,3,3,2,3,3,2,3,2,3,3,3,0,0,0,0,3,2,3,3,3,3,3,3,3,3,3,3,0,2,2,0,3,0,3,3,3,1,3,2,0,0,3,3,1,3,3,2,0,3,3,3,0,0,2,3,0,3,0,0,3,3,3,3,2,3,3,2,0,3,2,2,-1,0,3,3,3,0,3,0,3,2,3,0,2,3,1,2,0,2,0,3,3,0,0,2,3,3,0,0,0,3,3,3,2,3,3,3,3,3,3,2,3,0,0,3,0,2,2,3,3,3,0,2,3,3,0,3,1,0,2,3,3,3,0,2,0,3,3,2,2,0,3,3,2,0,2,3,0,2,3,0,0,2,3,3,0,0,0,3,3
Mexico,0,3,0,3,0,3,3,2,0,3,2,3,2,0,3,3,3,3,0,0,3,3,3,3,0,3,0,0,2,0,1,2,0,0,3,0,3,2,0,3,3,2,3,3,0,3,2,3,3,3,2,3,0,0,3,2,3,3,3,2,0,3,3,0,3,3,3,2,2,0,3,3,3,3,3,1,3,2,0,3,3,3,1,3,3,2,3,2,0,3,0,2,2,3,2,2,0,0,3,3,3,3,2,2,3,2,0,3,2,2,3,-1,3,3,3,0,3,3,2,2,2,0,2,3,1,3,0,2,0,3,3,0,0,2,3,3,2,3,3,3,3,3,3,3,0,2,3,3,3,2,3,0,0,2,3,2,0,3,3,3,0,2,0,3,0,3,1,0,2,0,3,3,0,0,2,2,2,2,2,0,3,3,2,0,2,2,0,3,3,0,3,2,3,3,3,2,0,2,2
Micronesia,0,0,0,3,0,0,0,2,0,3,0,0,0,2,0,3,3,3,0,0,2,3,0,0,0,3,0,0,2,0,0,2,0,0,0,0,3,2,0,3,3,2,3,3,0,3,2,3,3,3,2,0,0,0,3,2,3,3,3,2,3,0,3,0,3,0,0,2,2,0,3,0,3,3,3,1,0,2,0,0,3,3,1,0,0,0,0,2,3,3,0,0,2,3,0,2,0,0,3,3,3,2,2,2,0,2,0,3,3,2,2,3,-1,3,3,0,0,0,2,0,0,2,2,3,0,2,0,2,0,0,3,0,0,3,3,3,2,0,3,3,3,3,2,3,0,2,0,3,3,2,3,0,0,2,0,2,0,3,3,3,2,2,0,3,0,3,1,0,2,0,3,3,0,0,0,2,0,2,2,2,0,0,2,0,2,2,0,0,3,3,0,2,3,3,0,2,0,2,2
Moldova,0,3,0,3,0,3,0,3,0,3,3,3,0,2,3,3,3,0,0,0,2,3,0,0,0,3,0,0,2,0,0,2,0,0,3,0,3,2,0,0,3,2,3,3,0,3,2,3,0,3,0,0,0,0,3,2,3,3,3,2,0,3,3,0,3,0,0,2,2,0,3,0,0,3,3,1,3,2,0,0,3,3,1,2,0,0,3,2,0,0,0,3,2,3,2,2,0,0,3,3,3,3,2,2,3,2,0,3,0,2,2,0,3,-1,3,0,3,0,2,0,3,0,2,3,0,2,0,2,0,3,3,2,0,2,3,3,0,0,3,0,3,3,3,3,3,2,3,0,3,2,3,0,0,2,3,2,2,0,3,3,0,2,0,0,0,3,1,0,2,0,3,3,0,0,3,2,0,2,2,0,0,3,3,0,2,2,3,0,0,0,0,3,0,3,0,2,0,2,2
Monaco,0,3,0,3,2,3,3,3,1,3,2,3,2,2,3,3,3,3,0,0,3,3,3,3,0,3,0,0,2,0,1,3,0,0,3,0,3,2,0,3,3,2,3,3,0,3,2,3,3,3,2,3,0,0,3,2,3,3,3,2,3,3,3,0,3,3,3,2,2,0,3,3,3,3,3,1,3,2,0,3,3,3,1,3,3,2,3,2,0,3,2,3,2,3,2,2,0,0,3,3,3,3,2,2,3,2,0,3,2,2,3,3,3,3,-1,0,3,3,2,2,0,0,2,3,1,3,0,2,0,3,3,2,2,2,3,3,2,3,3,3,3,3,3,3,0,2,3,3,3,2,3,3,2,2,3,2,0,3,3,3,2,2,3,3,0,3,1,0,2,3,3,3,0,3,2,2,3,2,2,2,0,3,3,0,2,2,3,3,3,1,3,3,3,3,3,2,0,2,2
Mongolia,0,0,0,0,0,0,0,2,0,0,0,0,0,2,0,3,0,0,0,0,2,0,0,3,0,0,0,0,2,0,0,2,0,0,3,3,0,2,0,0,0,3,0,0,0,0,2,3,0,3,0,0,0,0,0,2,0,0,0,2,0,0,0,0,0,0,0,2,2,0,3,0,3,0,0,1,3,2,0,0,3,0,1,0,0,0,3,2,0,0,0,3,3,0,0,2,0,0,0,0,0,3,2,2,3,2,0,0,2,2,2,0,3,0,0,-1,0,0,2,2,0,0,2,0,0,0,0,2,0,0,0,0,0,2,3,3,0,0,0,3,0,0,2,0,3,2,0,2,3,2,0,0,0,2,3,2,0,3,0,0,0,2,0,0,0,0,1,0,2,0,0,0,0,0,2,2,3,2,2,0,0,0,3,0,2,2,3,2,0,0,3,3,0,0,0,2,0,2,0
Montenegro,0,3,0,3,0,0,3,3,0,3,0,0,0,2,0,3,3,0,0,0,2,3,0,3,0,3,0,0,2,0,0,2,0,0,3,0,3,2,0,3,3,3,3,3,0,3,2,3,0,3,2,0,0,0,3,2,0,3,3,2,3,3,3,0,3,0,0,2,2,0,3,0,3,3,3,1,0,2,0,0,3,3,1,2,0,2,0,2,0,3,0,3,2,3,2,2,0,0,3,3,3,3,2,2,2,2,0,3,0,2,2,0,3,3,3,0,-1,0,2,0,0,0,2,3,0,2,0,2,0,3,3,2,0,2,3,3,0,0,3,0,3,3,2,3,3,2,0,3,3,2,3,0,2,2,3,2,0,3,3,3,0,2,0,3,0,3,1,0,2,3,3,3,0,2,0,2,0,2,2,0,3,3,3,0,2,2,3,3,0,0,3,3,0,3,0,2,0,3,0
Morocco,0,0,3,0,2,0,0,0,0,0,2,0,0,0,3,0,0,3,3,0,2,0,0,3,0,0,0,0,2,0,0,0,0,0,0,0,0,2,2,0,0,2,0,0,0,0,2,3,0,3,0,0,0,0,0,2,0,0,0,3,3,0,0,0,0,3,0,3,2,0,3,0,3,0,0,0,3,2,0,0,0,0,3,0,0,2,0,2,0,0,0,0,2,0,2,2,0,0,0,0,0,3,2,2,3,2,3,0,2,2,2,0,3,0,0,0,0,-1,2,2,0,0,2,0,0,2,3,2,0,0,0,0,0,2,3,0,0,0,0,3,0,0,2,0,0,2,0,0,3,2,0,3,0,3,0,2,0,0,0,0,0,2,0,3,0,0,1,0,2,0,0,0,3,0,2,2,0,2,2,0,0,3,3,0,2,2,0,0,0,0,0,2,3,0,0,0,0,0,0
Mozambique,0,0,0,0,3,0,0,0,0,0,0,0,0,2,0,0,0,0,3,0,2,0,3,0,0,0,0,0,2,0,0,2,0,0,0,0,0,2,0,0,0,2,0,0,0,0,2,3,0,3,0,0,0,0,0,2,0,0,0,2,0,0,0,2,0,3,0,2,2,0,3,0,3,0,0,1,3,2,0,0,0,0,1,3,0,0,0,2,0,0,0,0,0,0,0,2,0,0,0,0,0,2,2,3,0,2,0,0,0,2,3,0,3,0,0,0,0,0,-1,0,3,0,2,0,0,2,0,2,0,0,0,0,2,2,0,0,0,0,0,3,0,0,2,0,0,2,0,2,3,2,0,3,0,2,0,2,2,3,0,0,0,2,3,0,0,0,1,0,2,3,0,0,0,0,0,3,0,2,2,0,0,0,2,0,2,2,0,0,0,0,0,0,3,0,0,0,0,3,3
Myanmar,0,0,0,0,0,0,0,2,0,0,0,0,0,0,0,0,0,0,0,0,2,0,0,0,3,0,0,0,2,0,0,2,0,0,0,0,0,2,0,0,0,2,0,0,0,0,2,3,0,3,0,0,0,0,0,2,0,0,0,2,0,0,0,0,0,0,0,2,2,0,3,0,0,0,0,1,3,2,0,0,0,0,1,0,0,2,0,2,0,0,0,0,3,0,0,2,0,0,0,0,0,2,2,2,2,2,0,0,0,2,2,0,3,0,0,0,0,0,2,-1,0,0,2,0,0,2,0,2,0,0,0,0,0,0,0,0,0,0,0,3,0,0,2,0,0,2,0,0,3,2,0,0,0,2,0,2,0,3,0,0,0,2,0,0,0,0,1,0,0,0,0,0,0,0,0,2,3,2,2,0,0,0,2,0,2,2,0,0,0,0,0,0,0,0,0,3,0,2,0
Namibia,0,0,0,0,3,3,0,0,0,0,0,3,0,2,0,0,0,3,3,0,2,0,3,3,0,0,0,0,2,0,0,2,0,0,0,0,0,2,0,0,0,3,0,0,0,0,2,3,3,3,0,0,0,0,0,2,0,0,0,2,3,0,0,2,0,3,0,3,2,0,3,0,3,0,0,1,3,2,0,0,0,0,1,3,0,0,0,3,0,3,0,0,2,0,0,3,0,0,0,0,0,3,2,3,3,2,0,0,0,2,3,0,3,0,0,0,0,0,2,0,-1,0,2,0,0,2,0,2,0,0,0,0,0,2,0,3,0,0,0,3,0,0,2,0,0,2,0,0,3,2,0,0,0,2,0,2,2,3,0,0,0,2,3,0,0,0,1,0,2,3,0,0,0,0,0,3,0,2,2,0,3,3,2,0,2,2,0,0,3,0,0,0,3,0,0,0,0,3,3
Nauru,0,0,0,0,0,3,0,2,0,0,0,3,0,2,0,0,0,0,0,0,2,0,3,0,0,0,0,0,2,0,0,2,0,0,0,0,0,2,0,3,0,2,0,0,0,0,2,3,3,3,2,0,0,0,0,2,3,0,0,2,3,0,0,0,0,3,0,2,2,0,3,0,3,0,0,1,3,2,0,3,3,0,1,3,0,2,0,3,3,3,0,0,0,0,0,3,0,0,0,0,0,2,2,3,3,2,0,0,2,2,3,0,3,0,0,0,0,0,2,0,0,-1,2,0,0,2,0,2,0,0,0,0,0,2,3,3,2,0,3,0,0,0,2,0,3,2,3,3,3,2,0,0,0,2,0,2,2,3,0,0,2,2,0,3,0,0,1,0,2,3,0,0,0,3,0,3,2,2,2,2,3,0,2,0,2,2,0,3,3,0,0,2,3,0,0,2,0,2,3
Nepal,0,0,0,0,0,0,0,0,0,0,2,0,0,2,0,0,0,0,0,0,2,0,0,0,0,0,0,0,2,0,0,2,0,0,0,0,0,2,0,0,0,0,0,0,0,0,2,3,0,0,2,0,0,0,0,2,0,0,0,2,3,0,0,0,0,0,0,2,2,0,3,0,0,0,0,3,3,2,0,0,0,0,1,0,0,0,0,2,0,0,0,0,2,0,0,2,0,0,0,0,0,0,2,2,2,2,0,0,0,2,2,0,3,0,0,0,0,0,2,2,0,0,-1,0,0,0,0,2,0,0,0,0,3,2,3,0,0,0,0,3,0,0,2,0,0,2,0,0,3,2,0,0,0,2,0,2,0,3,0,0,0,2,0,0,0,0,1,0,2,0,0,0,0,0,0,2,0,2,2,0,0,0,2,0,2,2,0,0,0,0,0,2,0,0,0,0,0,0,0
Netherlands,0,3,0,3,2,3,3,3,1,3,2,3,2,2,3,3,3,3,0,0,3,3,3,3,3,3,2,0,2,0,1,3,0,0,3,0,3,2,0,3,3,2,3,3,0,3,2,3,3,3,2,3,0,0,3,2,3,3,3,2,3,3,3,0,3,3,3,2,2,3,3,3,3,3,3,1,3,2,0,3,3,3,1,3,3,2,3,2,3,3,2,3,2,3,2,3,0,0,3,3,3,3,2,2,3,2,0,3,3,2,3,3,3,3,3,2,3,3,2,2,3,0,2,-1,1,3,0,2,0,3,3,2,0,3,3,3,2,3,3,3,3,3,3,3,0,2,3,3,3,3,3,3,2,3,3,2,2,3,3,3,3,2,3,3,0,3,3,0,2,3,3,3,0,3,2,2,3,3,2,3,3,3,2,0,3,2,3,3,3,1,3,3,3,3,3,2,0,2,2
New Zealand,0,3,0,3,2,3,3,3,3,3,2,3,2,2,3,3,3,3,0,0,3,3,3,3,3,3,2,0,2,0,1,2,0,0,3,0,3,2,0,3,3,2,3,3,0,3,2,3,3,3,2,3,0,0,3,2,3,3,3,2,3,3,3,0,3,3,3,2,2,3,3,3,3,3,3,1,3,2,0,3,3,3,1,3,3,2,3,2,3,3,2,3,2,3,2,3,0,0,3,3,3,3,2,2,3,2,0,3,2,2,3,3,3,3,3,0,3,3,2,2,3,0,2,3,-1,3,0,2,0,3,3,3,2,2,3,3,2,2,3,3,3,3,3,3,0,2,3,3,3,2,3,0,2,2,3,2,2,3,3,3,2,2,3,3,0,3,3,0,2,3,3,3,0,3,2,2,3,2,2,2,2,3,3,0,2,2,0,3,3,1,3,3,3,3,3,2,0,2,2
Nicaragua,0,3,0,3,0,0,3,2,0,3,0,3,0,2,3,3,3,3,0,0,2,3,0,3,0,3,0,0,2,0,0,2,0,0,3,0,0,2,0,0,3,2,3,3,0,3,2,3,3,3,2,3,0,0,3,2,0,3,3,2,0,0,3,0,3,0,3,2,2,0,3,3,0,3,3,1,3,2,0,3,0,3,1,0,0,2,0,2,0,3,0,0,2,3,0,2,0,0,3,3,3,2,2,2,3,2,0,3,0,2,2,0,3,3,3,0,3,0,2,0,2,0,2,3,0,-1,0,2,0,3,3,0,0,2,3,3,0,3,0,3,3,3,2,3,3,2,3,2,3,2,3,0,0,2,0,2,0,3,3,3,0,2,0,3,0,3,1,0,2,0,3,3,0,3,0,2,0,2,2,0,3,0,3,0,2,2,0,0,3,0,3,2,0,3,0,0,0,2,2
Niger,0,0,0,0,0,0,0,0,0,0,0,0,0,2,0,0,0,0,3,0,2,0,0,0,0,0,3,0,2,0,0,3,3,3,0,0,0,2,2,0,0,2,0,0,0,0,2,3,0,3,0,0,0,0,0,2,0,0,0,2,3,0,0,3,0,0,0,3,3,0,3,0,3,0,0,1,0,2,0,0,0,0,3,0,0,0,0,2,0,0,0,0,0,0,0,2,3,0,0,0,0,2,2,2,0,2,3,0,0,3,2,0,3,0,0,0,0,3,2,0,0,0,2,0,0,2,-1,3,0,0,0,0,0,2,0,0,0,0,0,3,0,0,2,0,0,2,0,0,3,2,0,0,0,3,0,2,3,3,0,0,0,2,0,0,0,0,1,0,2,0,0,0,0,0,0,0,0,2,3,0,0,3,2,0,2,2,0,0,0,0,0,0,0,0,0,0,0,0,0
Nigeria,0,0,0,0,0,0,0,0,0,0,0,0,0,0,3,0,0,0,3,0,2,0,0,0,0,0,3,0,2,3,0,3,0,3,0,0,0,2,0,0,0,0,0,0,0,0,2,3,0,0,0,0,0,0,0,2,3,0,0,2,3,0,0,3,0,0,0,3,3,0,3,0,0,0,0,0,0,2,0,0,0,0,3,0,0,0,0,2,0,0,0,0,0,0,2,2,3,0,0,0,0,0,2,2,0,2,3,0,0,2,2,0,3,0,0,0,0,0,2,0,2,0,0,0,0,0,3,-1,0,0,0,0,0,2,0,0,0,0,0,0,0,0,2,0,0,2,3,0,0,2,0,0,0,3,0,2,3,0,0,0,0,2,0,0,0,0,0,0,2,0,0,0,0,0,0,0,0,2,3,0,0,0,2,0,2,2,0,0,0,0,0,0,3,0,0,0,0,0,0
North Korea,0,0,0,0,0,0,0,2,0,0,0,0,0,2,0,3,0,0,0,0,2,0,0,0,0,0,0,0,2,0,0,2,0,0,0,0,0,2,0,0,0,2,0,0,0,0,2,3,0,0,0,0,0,0,0,2,0,0,0,2,3,0,0,0,0,0,0,2,2,3,3,0,0,0,0,0,0,2,0,0,0,0,1,0,0,2,0,0,0,0,0,3,2,0,0,2,0,0,0,0,0,2,2,2,0,2,0,0,0,2,0,0,3,0,0,0,0,0,2,2,0,0,2,0,0,2,0,2,-1,0,0,0,0,2,3,0,0,0,0,0,0,0,2,0,0,2,0,0,3,2,0,0,0,2,0,2,0,0,0,0,0,2,0,0,0,0,1,0,2,0,0,0,0,0,0,2,0,2,2,0,0,0,0,0,2,2,0,0,0,0,0,0,0,0,0,0,0,0,0
North Macedonia,0,3,0,3,0,3,3,2,0,3,2,3,0,2,0,3,3,0,0,0,2,3,0,3,0,3,0,0,2,0,0,2,0,0,3,0,3,2,0,0,3,3,3,3,0,3,2,3,3,3,2,3,0,0,3,2,0,3,3,2,3,0,3,0,3,0,3,2,2,0,3,3,3,3,3,1,3,2,0,0,3,3,1,2,3,2,0,2,0,3,0,2,2,3,2,2,0,0,3,3,3,3,2,2,3,2,0,3,0,2,2,0,3,3,3,0,3,0,2,0,0,0,2,3,0,3,0,2,0,-1,3,2,0,2,3,3,0,0,3,0,3,3,3,3,0,2,0,0,3,2,3,0,0,2,3,2,0,3,3,3,0,2,0,0,0,3,1,0,2,0,3,3,0,3,0,2,0,2,2,0,0,3,3,0,2,2,3,0,0,0,0,2,0,3,0,2,0,2,2
Norway,0,3,0,3,2,3,3,3,1,3,2,3,2,2,3,3,3,3,0,0,3,3,3,3,3,3,2,0,2,0,1,3,0,0,3,0,3,2,0,3,3,2,3,3,0,3,2,3,3,3,2,3,0,0,3,2,3,3,3,2,3,3,3,0,3,3,3,2,2,3,3,3,3,3,3,1,3,2,0,3,3,3,1,3,3,2,3,2,3,3,2,3,2,3,2,3,0,0,3,3,3,3,2,2,3,2,0,3,3,2,3,3,3,3,3,0,3,3,2,2,3,0,2,3,1,3,0,2,0,3,-1,2,0,2,3,3,2,3,3,3,3,3,3,3,0,2,3,3,3,2,3,3,2,2,3,2,2,3,3,3,3,2,3,3,0,3,3,0,2,3,3,3,0,3,2,2,3,3,2,3,3,3,2,0,3,2,3,3,3,1,3,3,3,3,3,3,0,2,2
Oman,0,0,0,0,0,0,0,2,0,0,2,3,3,2,3,3,0,0,0,0,2,3,3,0,3,0,0,0,2,0,0,2,0,0,0,0,0,2,0,0,0,2,0,0,0,0,2,3,0,3,3,0,0,0,0,2,0,0,0,2,0,3,0,0,0,0,0,2,2,0,3,0,3,0,0,1,3,2,0,0,0,0,1,0,0,3,3,2,0,3,3,3,2,0,3,2,0,0,0,0,0,2,2,2,3,2,0,0,0,2,3,0,3,0,0,0,0,3,2,0,0,0,2,0,1,2,0,2,0,0,0,-1,2,2,3,0,0,2,0,3,0,0,3,0,0,2,0,0,3,2,0,0,3,2,3,2,2,3,0,0,0,2,0,3,0,0,1,0,2,0,0,0,3,2,2,2,3,2,2,0,0,3,2,0,2,2,0,3,1,0,0,2,3,0,0,0,2,0,0
Pakistan,0,0,0,0,0,0,0,0,0,0,2,0,0,0,0,0,0,0,0,0,2,0,0,0,0,0,0,0,2,0,0,2,0,0,0,0,0,2,0,0,0,0,0,0,0,0,2,3,0,0,0,0,0,0,0,2,0,0,0,2,0,0,0,0,0,0,0,2,2,0,3,0,0,0,0,0,0,0,0,0,0,0,1,0,0,0,0,2,0,0,0,0,0,0,0,2,0,0,0,0,0,0,2,2,2,2,0,0,0,2,0,0,3,0,0,0,0,0,2,2,0,0,2,0,0,0,0,2,0,0,0,0,-1,2,0,0,0,0,0,0,0,0,3,0,0,2,0,0,3,2,0,0,0,2,0,2,2,0,0,0,0,2,0,0,0,0,0,0,2,0,0,0,0,0,0,0,0,2,2,0,3,0,2,0,2,2,0,0,0,0,0,0,3,0,0,0,0,0,0
Palau,0,0,0,3,0,0,0,2,0,3,0,0,0,2,0,0,3,3,0,0,2,3,0,0,0,3,0,0,2,0,0,2,0,0,0,0,3,2,0,3,3,2,3,3,0,3,2,3,0,3,2,0,0,0,3,2,3,3,3,2,3,0,3,0,3,0,0,2,2,0,3,0,3,3,3,1,3,2,0,0,3,3,1,0,0,2,0,2,3,3,0,0,2,3,0,2,0,0,3,3,3,2,2,2,3,2,0,3,3,2,2,3,3,3,3,0,0,0,2,0,0,2,2,3,0,2,0,2,0,0,3,0,0,-1,3,3,2,0,3,3,3,3,2,3,3,2,0,2,3,2,3,0,0,2,0,2,0,3,3,3,2,2,0,3,0,3,1,0,2,0,3,3,0,3,0,2,0,2,2,2,0,0,2,0,2,2,0,0,3,3,0,2,3,3,0,2,0,0,2
Palestine,0,0,0,0,0,0,0,0,0,0,0,0,0,2,0,0,0,0,0,0,3,0,0,0,0,0,0,0,2,0,0,2,0,0,0,0,0,2,0,0,0,2,0,0,0,0,2,3,0,3,0,0,0,0,0,2,0,0,0,2,0,0,0,0,0,0,0,2,2,0,0,0,0,0,0,1,3,2,0,0,0,0,1,0,0,3,0,0,0,0,0,0,2,0,0,2,0,0,0,0,0,2,2,2,3,2,0,0,0,2,0,0,3,0,0,0,0,0,2,0,0,0,0,0,0,3,0,2,0,0,0,0,0,2,-1,0,0,0,0,0,0,0,2,0,0,2,0,2,3,2,0,0,0,2,0,2,0,0,0,0,0,2,0,0,0,0,1,0,2,3,0,0,0,0,0,0,0,2,2,0,0,0,0,0,2,2,0,0,0,0,0,0,0,0,3,0,0,0,2
Panama,0,3,0,3,0,3,3,2,0,3,2,3,0,2,3,3,3,3,0,0,3,3,0,3,0,3,0,0,2,0,0,2,0,0,3,0,3,2,0,3,3,2,3,3,0,3,2,3,3,3,2,3,0,0,3,2,0,3,3,2,0,3,3,0,3,0,3,2,2,3,0,3,3,3,3,1,3,2,0,3,3,3,1,3,0,2,0,2,0,3,0,0,2,3,2,2,0,0,3,3,3,2,2,2,3,2,0,3,0,2,2,3,3,3,3,0,3,0,2,2,0,0,2,3,0,3,0,2,0,3,3,0,0,2,3,-1,0,3,3,3,3,3,3,3,3,2,3,3,3,2,3,0,0,2,0,2,0,3,3,3,0,2,3,3,0,3,1,0,2,0,3,3,0,2,0,2,0,2,2,0,3,0,3,0,2,2,3,0,3,0,3,2,0,3,0,2,0,2,2
Papua New Guinea,0,0,0,0,0,3,0,2,0,0,0,3,0,3,0,0,0,3,0,0,2,0,3,0,0,0,0,0,2,0,1,2,0,0,0,0,3,2,0,0,0,2,0,0,0,0,2,3,3,3,2,0,0,0,0,2,3,0,0,2,3,0,0,0,0,3,0,2,2,0,3,0,3,0,0,1,3,2,0,0,3,0,1,3,0,0,0,3,0,3,0,0,2,0,0,3,0,0,0,0,0,2,2,2,3,2,0,0,2,2,3,0,3,0,0,0,0,0,2,0,0,2,2,0,0,2,0,2,0,0,0,0,0,2,3,3,-1,0,3,3,0,0,2,0,0,2,3,2,3,2,0,0,0,2,0,2,2,3,0,0,2,2,0,0,0,0,1,0,2,3,0,0,0,0,0,3,2,2,2,2,0,0,2,0,2,2,0,0,3,0,0,0,3,0,0,2,0,0,2
Paraguay,0,3,0,3,0,0,3,2,0,3,2,3,2,2,0,0,3,3,0,0,3,3,3,3,0,3,2,0,2,0,0,2,0,0,3,0,3,2,0,3,3,2,3,3,0,3,2,3,3,3,2,3,0,0,3,2,3,3,3,2,0,0,3,0,3,0,3,2,2,0,3,3,3,3,3,1,3,2,0,3,3,3,1,3,0,2,0,2,0,3,0,0,2,3,2,2,0,0,3,3,3,2,2,2,3,2,0,3,0,2,3,3,3,3,3,0,3,0,2,0,0,0,2,3,0,3,0,2,0,3,3,2,2,2,3,3,0,-1,3,3,3,3,3,3,3,2,3,2,3,2,3,0,0,2,3,2,0,3,3,3,0,2,3,3,0,3,1,0,2,0,3,3,0,3,0,2,0,2,2,0,0,0,3,0,2,2,3,3,3,0,3,2,0,3,3,0,0,2,2
Peru,0,3,0,3,0,3,3,2,0,3,2,3,2,2,3,3,3,3,0,0,3,3,3,3,3,3,0,0,2,0,0,2,0,0,3,0,3,2,0,3,3,2,3,3,0,3,2,3,3,3,2,0,0,0,3,2,3,3,3,2,0,0,3,0,3,0,3,2,2,3,3,3,3,3,3,1,3,2,0,0,3,3,1,3,0,2,0,2,0,0,0,0,2,3,2,2,0,0,3,3,3,2,2,2,3,2,0,3,2,2,2,3,3,3,3,0,3,3,2,2,0,0,2,3,0,2,0,2,0,3,3,0,0,2,3,3,2,3,-1,3,3,3,3,3,3,2,3,2,3,2,3,0,0,2,3,2,0,3,3,3,0,2,3,3,0,3,1,0,2,0,3,3,0,2,0,2,3,2,2,0,3,0,3,0,2,2,0,0,0,0,3,2,3,3,0,2,0,2,2
Philippines,0,0,0,0,0,0,0,2,0,0,0,0,0,0,3,0,0,0,0,0,3,0,0,3,3,0,0,0,3,0,0,2,0,0,0,0,3,2,0,3,0,0,0,0,0,0,2,3,0,3,0,0,0,0,0,2,3,0,0,2,3,0,0,0,0,0,0,2,2,0,3,0,3,0,0,1,3,2,0,0,3,0,3,0,0,0,3,2,0,0,0,2,3,0,0,2,0,0,0,0,0,3,2,2,3,2,0,0,2,2,2,0,3,0,0,3,0,3,2,3,0,0,2,0,0,2,0,2,0,0,0,0,0,2,3,0,2,0,3,-1,0,0,2,0,0,3,0,2,3,2,0,0,0,2,0,2,0,3,0,0,0,2,0,0,0,0,3,0,3,0,0,0,0,3,2,2,3,2,2,0,2,0,2,0,2,2,0,0,0,0,0,2,3,0,0,3,0,0,0
Poland,0,3,0,3,2,3,3,3,1,3,2,3,2,2,3,3,3,3,0,0,3,3,3,3,3,3,2,0,2,0,1,3,0,0,3,0,3,2,0,3,3,2,3,3,0,3,2,3,3,3,2,3,0,0,3,2,3,3,3,2,3,3,3,0,3,3,3,2,2,0,3,3,3,3,3,1,3,2,0,3,3,3,1,3,3,2,3,2,3,3,2,3,2,3,2,2,0,0,3,3,3,3,2,2,3,2,0,3,3,2,3,3,3,3,3,0,3,3,2,2,2,0,2,3,1,3,0,2,0,3,3,2,0,3,3,3,2,3,3,3,-1,3,3,3,0,2,3,3,3,3,3,3,2,3,3,2,2,3,3,3,3,2,3,3,0,3,3,0,2,3,3,3,0,3,2,2,3,3,2,3,3,3,2,0,3,2,3,3,3,0,3,3,3,3,3,2,0,2,2
Portugal,0,3,0,3,2,3,3,3,1,3,2,3,2,2,3,3,3,3,0,0,3,3,3,3,3,3,2,0,2,0,1,3,0,0,3,0,3,2,0,3,3,2,3,3,0,3,2,3,3,3,2,3,0,0,3,2,3,3,3,2,2,3,3,0,3,3,3,2,2,3,3,3,3,3,3,1,3,2,0,3,3,3,1,3,3,2,3,2,3,3,2,3,2,3,2,3,0,0,3,3,3,3,2,2,3,2,0,3,3,2,3,3,3,3,3,2,3,3,2,2,3,0,2,3,1,3,0,2,0,3,3,2,0,3,3,3,2,3,3,3,3,-1,3,3,0,2,3,3,3,3,3,3,2,3,3,2,2,3,3,3,3,2,3,3,0,3,3,0,2,3,3,3,0,3,2,2,3,3,2,3,3,3,2,0,3,2,3,3,3,1,3,3,3,3,3,2,0,2,2
Qatar,0,3,0,0,0,0,3,3,0,0,2,3,0,2,3,3,0,0,0,0,2,3,3,0,2,0,0,0,2,0,0,2,0,0,0,3,3,2,0,3,0,2,0,0,0,0,2,3,3,3,0,3,0,0,0,2,0,0,0,2,0,3,0,0,0,0,3,2,2,0,3,3,3,0,0,1,3,2,0,0,0,0,1,0,0,3,3,2,0,3,3,0,2,0,3,2,0,0,0,0,0,2,2,2,3,2,0,0,0,2,3,0,3,0,0,2,3,3,2,2,0,0,2,0,1,3,0,2,0,0,0,3,2,2,3,3,0,2,0,3,0,0,-1,0,0,2,3,0,3,2,0,3,0,2,3,2,2,3,0,0,0,2,3,3,0,0,1,3,2,3,0,0,3,2,2,2,3,2,2,0,0,3,3,0,2,2,3,0,1,0,0,2,3,0,0,2,2,0,0
Romania,0,3,0,3,2,3,3,3,1,3,2,3,2,2,3,3,3,3,0,0,2,3,3,3,3,3,0,0,2,0,1,3,0,0,3,0,3,2,0,3,3,2,3,3,0,3,2,3,3,3,2,3,0,0,3,2,3,3,3,2,3,3,3,0,3,3,3,2,2,0,3,3,3,3,3,1,3,2,0,3,3,3,1,2,3,2,3,2,3,3,2,2,2,3,2,2,0,0,3,3,3,3,2,2,3,2,0,3,3,2,3,3,3,3,3,2,3,3,2,2,2,0,2,3,1,3,0,2,0,3,3,2,0,3,3,3,2,3,3,3,3,3,3,-1,0,2,3,3,3,3,3,3,2,3,3,2,2,3,3,3,3,2,0,3,0,3,3,0,2,0,3,3,0,3,2,3,2,3,2,3,3,3,3,0,3,2,3,3,3,0,3,3,3,3,3,2,0,3,2
Russia,0,3,0,0,2,3,3,3,0,0,3,3,2,2,3,3,0,0,0,0,3,3,3,3,3,0,0,0,2,0,0,2,0,0,3,0,3,2,0,3,0,3,0,0,0,0,2,3,3,3,2,3,0,0,0,2,3,0,0,2,3,3,0,0,0,3,3,2,2,3,3,3,3,0,0,1,3,2,0,0,3,0,1,3,0,2,3,2,0,0,0,3,3,0,2,2,0,0,0,0,0,3,2,2,3,3,0,0,2,2,3,1,3,3,0,3,3,3,2,2,3,2,2,0,0,3,0,2,0,3,0,2,0,3,3,3,0,3,3,3,0,0,3,0,-1,2,3,3,3,3,0,3,2,2,3,2,2,0,0,0,0,2,3,3,0,0,3,0,0,3,0,0,0,3,3,2,3,2,2,2,3,3,3,0,2,2,3,3,0,0,3,3,3,0,3,3,0,2,2
Rwanda,0,0,0,0,3,0,0,0,0,0,0,0,0,2,3,0,0,0,3,0,2,0,0,0,0,0,0,3,2,0,0,2,3,0,0,0,0,2,2,0,0,2,0,0,3,0,2,3,0,3,0,0,0,0,0,2,0,0,0,2,0,0,0,3,0,3,0,3,2,0,3,0,0,0,0,1,3,2,0,0,0,0,1,0,0,2,0,3,0,0,0,0,2,0,0,2,0,0,0,0,0,2,2,2,0,2,2,0,0,2,3,0,3,0,0,0,0,0,2,0,2,0,2,0,0,2,0,2,0,0,0,0,2,2,3,0,0,0,0,3,0,0,2,0,0,-1,0,0,3,2,0,3,0,2,0,2,2,3,0,0,0,2,0,0,2,0,1,0,2,0,0,0,0,0,0,3,0,2,2,0,0,0,2,0,2,3,0,0,0,0,0,0,3,0,0,0,0,2,2
Saint Kitts and Nevis,0,3,0,3,0,3,3,2,0,3,0,3,0,3,3,3,3,3,0,0,2,3,3,3,0,3,0,0,2,0,0,2,0,0,3,0,3,2,0,3,3,3,3,3,0,3,2,3,3,3,2,3,0,0,3,2,3,3,3,2,3,0,3,0,3,3,3,2,2,3,3,3,3,3,3,1,3,2,0,3,3,3,1,3,0,2,0,3,3,3,0,0,2,3,2,3,0,0,3,3,3,2,2,3,3,2,0,3,0,2,3,0,3,3,3,0,3,0,2,0,0,0,2,3,0,3,0,2,0,3,3,0,2,2,3,3,0,0,3,3,3,3,2,3,3,3,-1,3,3,2,3,0,0,2,3,2,0,3,3,3,2,2,0,3,0,3,1,0,3,0,3,3,0,3,0,3,0,2,2,2,3,3,3,0,2,2,3,0,3,0,3,2,3,3,3,0,0,3,3
Saint Lucia,0,0,0,3,0,3,3,2,0,3,0,3,0,2,3,0,3,3,0,0,2,3,3,0,0,3,0,0,2,0,0,2,0,0,3,0,3,2,0,3,3,3,3,3,0,3,2,3,3,3,2,3,0,0,3,2,3,3,3,2,3,0,3,0,3,3,3,2,2,3,3,3,3,3,3,1,3,2,0,3,3,3,1,3,0,2,0,3,3,3,0,0,2,3,0,3,0,0,3,3,3,2,2,3,3,2,0,3,0,2,3,0,3,3,3,0,3,0,2,0,0,0,2,3,0,3,0,2,0,0,3,0,2,2,3,3,0,0,3,3,3,3,2,3,0,2,3,-1,3,2,3,0,0,2,0,2,2,3,3,3,2,2,0,3,0,3,1,0,3,3,3,3,0,3,0,3,0,2,2,2,3,3,2,0,2,2,0,0,3,0,0,2,3,3,3,0,0,3,3
Saint Vincent and the Grenadines,0,0,0,3,0,3,3,2,0,3,0,3,0,2,3,3,3,3,0,0,2,3,3,3,0,3,0,0,2,0,0,2,0,0,3,0,3,2,0,3,3,3,3,3,0,3,2,3,3,3,2,3,0,0,3,2,3,3,3,2,3,3,3,0,3,3,3,2,2,3,3,3,3,3,3,1,3,2,0,3,3,3,1,3,0,2,0,3,3,3,0,0,2,3,0,3,0,0,3,3,3,2,2,3,3,2,0,3,2,2,3,0,3,3,3,0,3,0,2,0,0,0,2,3,0,3,0,2,0,0,3,0,0,2,3,3,0,0,3,3,3,3,2,3,3,2,3,3,-1,2,3,0,0,2,3,2,2,3,3,3,2,2,3,3,0,3,1,0,3,0,3,3,0,3,0,3,0,2,2,2,3,0,2,0,2,3,0,3,3,0,3,2,3,3,3,0,0,3,3
Samoa,0,0,0,3,0,3,0,2,0,3,0,3,0,3,3,0,3,3,0,0,2,3,3,0,0,3,0,0,2,0,1,2,0,0,0,0,3,2,0,3,3,2,3,3,0,3,2,3,0,3,2,0,0,0,3,2,3,3,3,2,3,0,3,0,3,3,0,2,2,0,3,0,3,3,3,1,3,2,0,3,0,3,1,3,0,2,0,3,3,3,0,0,2,3,2,3,0,0,3,3,3,3,2,3,3,2,0,3,2,2,3,0,3,3,3,0,3,0,2,0,0,2,2,3,0,2,0,2,0,0,3,0,3,2,3,3,2,0,3,3,3,3,2,3,3,2,0,3,3,-1,3,0,0,2,0,2,2,3,3,3,2,2,0,3,0,3,1,0,2,3,3,3,0,0,0,3,0,2,2,2,3,0,2,0,2,2,0,0,3,0,0,2,3,3,0,0,0,3,3
San Marino,0,3,0,3,0,3,3,3,1,3,2,3,2,2,3,3,3,0,0,0,2,3,3,3,0,3,0,0,2,0,1,3,0,0,3,3,3,2,0,3,3,2,3,3,0,3,2,3,3,3,2,3,0,0,3,2,0,3,3,2,3,3,3,0,3,3,3,2,2,0,3,3,3,3,3,1,3,2,0,3,3,3,1,3,3,2,0,3,0,3,2,3,2,3,2,3,0,0,3,3,3,3,2,2,3,2,0,3,0,2,3,3,3,3,3,0,3,3,2,0,0,0,2,3,1,3,0,2,0,3,3,2,0,2,3,3,2,0,3,3,3,3,3,3,0,2,0,3,3,2,-1,3,2,2,3,2,0,3,3,3,2,2,3,3,0,3,1,0,2,3,3,3,0,3,0,2,3,2,2,0,0,3,3,0,2,2,3,3,3,1,3,3,3,3,3,2,0,2,2
Sao Tome and Principe,0,0,0,0,2,0,0,0,0,0,0,3,0,2,0,0,0,0,3,0,2,0,0,0,0,0,2,0,2,0,0,2,0,0,0,0,0,2,0,3,0,2,0,0,0,0,2,3,0,3,2,3,0,0,0,2,0,0,0,2,0,0,0,2,0,0,3,2,2,0,3,3,3,0,0,0,3,2,0,0,0,0,1,0,0,2,0,2,0,3,0,0,2,0,0,2,0,0,0,0,0,2,2,2,3,2,0,0,0,2,2,0,3,0,0,0,0,0,2,0,2,0,2,0,0,3,0,2,0,0,0,0,0,2,3,3,0,0,0,3,0,0,2,0,0,3,0,2,3,2,0,-1,0,2,0,2,0,3,0,0,0,2,0,0,0,0,1,0,2,0,0,0,0,0,0,2,0,2,2,0,0,0,2,0,2,2,0,0,0,0,0,0,0,0,0,0,0,2,2
Saudi Arabia,0,3,0,0,0,0,0,0,0,0,2,0,3,2,3,3,0,0,0,0,2,0,3,0,2,0,0,0,2,0,0,2,0,0,0,0,0,2,0,0,0,2,0,0,0,0,2,3,0,3,3,3,0,0,0,2,0,0,0,2,0,3,0,0,0,0,3,2,2,0,3,3,3,0,0,1,3,2,0,0,0,0,1,0,0,3,3,2,0,3,3,3,2,0,3,2,0,0,0,0,0,2,2,2,3,2,0,0,0,2,3,0,3,0,0,0,0,3,2,2,0,0,2,0,1,3,0,2,0,0,0,3,2,2,3,3,0,0,0,3,0,0,3,0,0,2,3,0,3,2,0,0,-1,2,0,2,2,0,0,0,0,2,3,3,0,0,1,0,2,0,0,0,3,2,2,2,2,2,2,0,0,3,2,0,2,2,0,3,0,0,0,2,3,0,0,0,2,0,0
Senegal,0,0,0,0,0,0,0,0,0,0,0,0,0,2,3,0,0,0,3,0,2,0,0,0,0,0,3,0,2,0,0,3,3,3,0,0,0,2,2,0,0,2,0,0,0,0,2,3,0,0,0,0,0,0,0,2,0,0,0,2,3,0,0,3,0,0,0,3,3,0,3,0,0,0,0,1,3,2,0,0,0,0,3,0,0,0,0,2,0,0,0,0,0,0,0,2,3,0,0,0,0,2,2,2,3,2,3,0,0,3,2,0,3,0,0,0,0,3,2,0,0,0,2,0,0,2,3,3,0,0,0,0,0,2,3,0,0,0,0,3,0,0,2,0,0,3,0,2,3,2,0,0,0,-1,0,2,3,3,0,0,0,2,0,0,0,0,1,0,2,0,0,0,0,0,0,0,0,2,3,0,0,3,2,0,2,2,0,0,0,0,0,2,0,0,0,0,0,0,2
Serbia,0,3,0,3,0,0,3,2,0,3,2,0,0,2,3,3,3,0,0,0,2,3,0,3,0,3,0,0,2,0,0,2,0,0,3,3,3,2,0,3,3,3,3,3,0,3,2,3,3,3,2,0,0,0,3,2,3,3,3,2,3,3,3,0,3,0,0,2,2,0,3,0,3,3,3,1,3,2,0,0,3,3,1,2,3,2,3,2,0,3,2,3,2,3,2,2,0,0,3,3,3,3,2,2,2,2,0,3,0,2,2,0,3,3,3,3,3,0,2,2,0,0,2,3,0,2,0,2,0,3,3,2,0,2,3,3,0,0,3,0,3,3,2,3,3,2,0,0,3,2,3,0,0,2,-1,2,0,3,3,3,0,2,0,3,0,3,1,0,3,3,3,3,0,0,0,2,0,2,2,0,3,3,3,0,2,2,3,3,0,0,3,3,3,3,0,2,0,3,2
Seychelles,0,3,3,3,3,3,0,0,0,3,2,3,0,3,3,3,3,3,3,0,2,3,3,3,0,3,0,0,2,0,0,2,0,0,0,3,0,2,0,3,3,2,3,3,0,3,2,3,3,3,2,0,0,0,3,2,3,3,3,2,3,3,3,3,3,3,0,2,2,0,3,0,3,3,3,1,3,2,0,3,0,3,3,3,0,2,0,3,3,3,0,0,2,3,0,3,0,0,3,3,3,3,2,3,3,2,0,3,2,2,3,0,3,3,3,0,3,0,2,0,3,0,2,3,1,2,0,3,0,3,3,2,0,2,3,3,0,0,0,3,3,3,3,3,3,3,3,3,3,2,3,0,0,2,3,-1,2,3,3,3,0,2,3,3,0,3,2,0,2,3,3,3,0,0,0,3,0,2,2,2,3,3,3,0,2,3,0,3,3,0,3,2,3,3,0,0,0,3,3
Sierra Leone,0,0,0,0,0,0,0,0,0,0,0,3,0,3,3,0,0,3,3,0,2,0,3,0,0,0,3,0,2,0,0,3,0,0,0,0,0,2,0,0,0,0,0,0,0,0,2,3,0,3,0,0,0,0,0,2,3,0,0,2,3,0,0,3,0,3,0,3,3,0,3,0,0,0,0,1,0,2,0,0,0,0,3,3,0,0,0,3,3,0,0,0,0,0,0,3,3,0,0,0,0,2,2,2,3,2,3,0,0,2,3,0,3,0,0,0,0,0,2,0,2,0,2,0,0,0,3,3,0,0,0,0,0,2,0,0,0,0,0,0,0,0,2,0,0,2,3,2,3,2,0,0,0,3,0,2,-1,3,0,0,0,2,0,0,0,0,0,0,2,3,0,0,0,0,0,0,0,2,3,0,3,0,2,0,2,3,0,0,0,0,0,0,3,0,0,0,0,0,0
Singapore,0,3,0,3,3,3,3,3,1,3,2,3,2,2,3,3,3,3,0,0,2,3,3,3,3,3,3,0,3,0,1,3,0,0,3,3,3,2,0,3,3,3,3,3,0,3,3,3,3,3,2,3,0,0,3,2,3,3,3,2,3,3,3,3,3,3,3,3,2,0,3,3,3,3,3,1,3,2,0,3,3,3,3,3,3,2,3,3,3,3,2,3,3,3,2,3,0,0,3,3,3,3,2,2,3,2,0,3,2,2,3,3,3,3,3,3,3,3,2,3,3,0,2,3,1,3,0,2,0,3,3,2,2,2,3,3,2,3,3,3,3,3,3,3,0,3,3,3,3,2,3,0,2,3,3,2,2,-1,3,3,2,2,3,3,0,3,3,0,2,3,3,3,0,3,2,3,3,2,2,2,3,3,3,0,2,3,0,3,3,1,3,3,3,3,0,3,0,3,3
Slovakia,0,3,0,3,2,3,3,3,1,3,2,3,2,2,3,3,3,3,0,0,3,3,3,3,3,3,2,0,2,0,1,3,0,0,3,0,3,2,0,3,3,2,3,3,0,3,2,3,3,3,2,3,0,0,3,2,3,3,3,2,0,3,3,0,3,3,3,2,2,0,3,3,3,3,3,1,3,2,0,3,3,3,1,3,3,2,3,2,3,3,2,3,2,3,2,2,0,0,3,3,3,3,2,2,3,2,0,3,3,2,3,3,3,3,3,2,3,3,2,2,2,0,2,3,1,3,0,2,0,3,3,2,0,3,3,3,2,3,3,3,3,3,3,3,0,2,3,3,3,3,3,3,2,3,3,2,2,3,-1,3,3,2,0,3,0,3,3,0,2,3,3,3,0,3,2,2,3,3,2,3,3,3,3,0,3,2,3,3,3,1,3,3,3,3,3,2,0,2,2
Slovenia,0,3,0,3,2,3,3,3,1,3,2,3,2,2,3,3,3,3,0,0,3,3,3,3,3,3,2,0,2,0,1,3,0,0,3,0,3,2,0,3,3,2,3,3,0,3,2,3,3,3,2,3,0,0,3,2,3,3,3,2,3,3,3,0,3,3,3,2,2,0,3,3,3,3,3,1,3,2,0,3,3,3,1,3,3,2,3,2,3,3,2,3,2,3,2,2,0,0,3,3,3,3,2,2,3,2,0,3,3,2,3,3,3,3,3,2,3,3,2,2,0,0,2,3,1,3,0,2,0,3,3,2,0,3,3,3,2,3,3,3,3,3,3,3,0,2,3,3,3,3,3,3,2,3,3,2,2,3,3,-1,3,2,0,3,0,3,3,0,2,3,3,3,0,3,2,2,3,3,2,3,3,3,3,0,3,2,3,3,3,1,3,3,3,3,3,2,0,2,2
Solomon Islands,0,0,0,3,0,3,0,2,0,3,0,3,0,2,3,0,3,3,0,0,2,3,3,0,0,3,0,0,2,0,1,2,0,0,0,0,3,2,0,3,3,2,3,3,0,3,2,3,3,3,2,3,0,0,3,2,3,3,3,2,3,0,3,0,3,3,3,2,2,0,3,3,0,3,3,1,3,2,0,3,3,3,1,3,0,2,0,3,3,3,0,0,2,3,0,3,0,0,3,3,3,2,2,2,3,2,0,3,2,2,3,0,3,3,3,0,0,0,2,0,0,2,2,3,0,3,0,2,0,0,3,0,0,2,3,3,2,0,3,3,3,3,2,3,0,2,3,3,3,2,3,0,0,2,0,2,2,3,3,3,-1,2,0,3,0,3,1,0,2,3,3,3,0,2,0,3,0,2,2,2,3,0,2,0,2,3,0,3,3,0,0,2,3,3,0,2,0,3,3
Somalia,0,0,0,0,0,0,0,0,0,0,0,0,0,2,0,0,0,0,3,0,2,0,0,0,0,0,2,0,2,0,0,2,0,0,0,0,0,2,0,0,0,0,0,0,0,0,2,3,0,0,0,0,0,0,0,2,0,0,0,2,0,0,0,2,0,0,0,2,2,0,3,0,0,0,0,0,0,0,0,0,0,0,1,0,0,0,0,0,0,0,0,0,2,0,2,2,0,0,0,0,0,2,2,2,3,2,0,0,0,2,0,0,3,0,0,0,0,0,2,0,0,0,0,0,0,0,0,2,0,0,0,0,0,2,3,0,0,0,0,0,0,0,2,0,0,2,0,0,3,2,0,0,0,2,0,2,0,0,0,0,0,-1,0,0,0,0,1,0,2,0,0,0,0,0,0,0,0,2,2,0,0,0,2,0,2,0,0,0,0,0,0,0,0,0,0,0,0,0,0
South Africa,0,0,0,0,3,3,3,2,0,0,2,3,0,0,3,0,0,3,3,0,2,0,3,3,0,0,0,0,2,0,0,2,0,0,3,0,0,2,0,3,0,2,0,0,0,0,2,3,3,3,0,3,0,0,0,2,3,0,0,2,0,3,0,2,0,3,3,2,2,3,3,3,3,0,0,1,3,2,0,3,3,0,1,3,0,2,0,3,0,3,0,2,2,0,0,3,0,0,0,0,0,3,2,3,3,2,0,0,2,2,3,0,3,0,0,0,0,0,3,2,3,0,2,0,0,3,0,2,0,0,0,2,0,2,3,3,0,3,3,3,0,0,3,0,3,2,3,3,3,2,0,0,0,2,0,2,2,3,0,0,0,2,-1,3,0,0,1,0,2,3,0,0,0,0,2,3,3,2,2,0,3,3,2,0,2,2,0,0,0,0,3,0,3,0,3,0,0,3,3
South Korea,0,3,0,3,2,3,3,3,1,3,2,3,2,2,3,3,3,3,0,0,2,3,3,3,3,3,0,0,2,0,1,2,0,0,3,0,3,2,0,3,3,2,3,3,0,3,2,3,3,3,2,3,0,0,3,2,3,3,3,2,3,3,3,0,3,3,3,2,2,3,3,3,3,3,3,1,3,2,0,3,3,3,1,3,3,2,3,2,3,3,2,3,3,3,2,3,0,0,3,3,3,3,2,2,3,2,0,3,2,2,3,3,3,3,3,0,3,3,2,3,2,0,2,3,1,3,0,2,0,3,3,2,2,2,3,3,2,3,3,3,3,3,3,3,3,2,3,3,3,2,3,3,2,3,3,2,2,3,3,3,2,2,3,-1,0,3,3,0,3,3,3,3,0,3,2,2,3,2,2,2,3,3,3,0,2,2,3,3,3,1,3,3,3,3,3,3,0,2,2
South Sudan,0,0,0,0,0,0,0,0,0,0,0,0,0,2,0,0,0,0,3,0,2,0,3,0,0,0,0,3,2,0,0,2,0,0,0,0,0,2,0,0,0,2,0,0,0,0,2,3,0,3,2,0,0,0,0,2,0,0,0,2,0,0,0,2,0,0,0,2,2,0,3,0,0,0,0,0,0,2,0,0,0,0,1,0,0,0,0,2,0,0,0,0,2,0,0,2,0,0,0,0,0,2,2,2,3,2,0,0,0,2,0,0,3,0,0,0,0,0,2,0,0,0,2,0,0,0,0,2,0,0,0,0,0,2,3,0,0,0,0,0,0,0,2,0,0,3,0,0,3,2,0,0,0,2,0,2,0,3,0,0,0,2,0,0,-1,0,1,0,2,0,0,0,0,0,0,2,0,2,2,0,0,0,2,0,2,2,0,0,0,0,0,0,0,0,0,0,0,0,0
Spain,0,3,0,3,2,3,3,3,1,3,2,3,2,2,3,3,3,3,0,0,3,3,3,3,3,3,2,0,2,0,1,3,0,0,3,0,3,2,0,3,3,2,3,3,0,3,2,3,3,3,2,3,0,0,3,2,3,3,3,2,2,3,3,0,3,3,3,2,2,3,3,3,3,3,3,1,3,2,0,3,3,3,1,3,3,2,3,2,3,3,2,3,2,3,2,3,0,0,3,3,3,3,2,2,3,2,0,3,3,2,3,3,3,3,3,2,3,3,2,2,3,0,2,3,1,3,0,2,0,3,3,2,2,3,3,3,2,3,3,3,3,3,3,3,0,2,3,3,3,3,3,3,2,3,3,2,2,3,3,3,3,2,3,3,0,-1,3,0,2,3,3,3,0,3,2,2,3,3,2,3,3,3,2,0,3,2,3,3,3,1,3,3,3,3,3,3,0,2,2
Sri Lanka,0,0,0,0,0,0,0,0,0,0,2,3,0,0,3,0,0,0,0,0,2,0,0,0,0,0,0,0,2,0,0,2,0,0,0,0,0,2,0,0,0,0,0,0,0,0,2,3,0,0,0,0,0,0,0,2,0,0,0,2,3,0,0,0,0,3,0,2,2,0,3,0,0,0,0,1,3,2,0,0,0,0,1,0,0,0,0,2,0,0,0,0,2,0,0,3,0,0,0,0,0,0,2,2,2,2,0,0,0,2,2,0,3,0,0,0,0,0,2,2,0,0,2,0,0,0,0,2,0,0,0,0,2,2,0,0,0,0,0,0,0,0,2,0,0,2,3,0,3,2,0,0,0,2,0,2,2,3,0,0,0,2,0,0,0,0,-1,0,2,0,0,0,0,0,0,0,0,2,2,0,0,0,2,0,2,2,0,0,0,0,0,2,3,0,0,0,0,0,0
Sudan,0,0,0,0,0,0,0,0,0,0,0,0,0,2,0,0,0,0,3,0,2,0,0,0,0,0,0,0,2,0,0,2,0,0,0,0,0,2,0,0,0,0,0,0,0,0,2,3,0,3,0,0,0,2,0,2,0,0,0,2,0,0,0,3,0,0,0,2,2,0,3,0,0,0,0,0,0,2,0,0,0,0,1,0,0,0,0,2,0,0,0,0,0,0,2,2,0,0,0,0,0,2,2,2,3,2,0,0,0,2,0,0,3,0,0,0,0,0,2,0,0,0,2,0,0,0,0,2,0,0,0,0,0,2,0,0,0,0,0,0,0,0,2,0,0,2,0,2,3,2,0,0,0,2,0,2,0,0,0,0,0,2,0,0,0,0,0,-1,2,0,0,0,3,0,0,2,0,2,2,0,0,0,2,0,2,2,0,0,0,0,0,0,0,0,0,0,0,0,0
Suriname,0,0,0,0,0,3,3,2,0,0,0,3,2,2,3,0,0,3,0,0,2,0,0,3,0,0,0,0,2,0,0,2,0,0,0,0,3,2,0,3,0,2,0,0,0,0,2,3,3,3,2,0,0,0,0,2,0,0,0,2,3,0,0,0,0,3,0,2,2,3,3,0,3,0,0,1,3,2,0,0,3,0,1,3,3,2,0,2,0,0,0,0,0,0,0,2,0,0,0,0,0,2,2,2,3,2,0,0,0,2,3,0,3,0,0,0,0,0,2,0,0,0,2,0,0,2,0,2,0,0,0,2,0,2,3,0,0,0,3,3,0,0,3,0,3,2,3,3,3,2,0,0,0,2,3,2,0,3,0,0,0,2,0,3,0,0,1,0,-1,0,0,0,0,0,0,2,0,2,2,0,3,0,2,0,2,2,0,0,0,0,0,2,0,0,0,0,0,2,2
Swaziland,0,0,0,0,2,3,0,0,0,0,0,3,0,2,3,0,0,3,3,0,2,0,3,0,0,0,0,0,2,0,0,2,0,0,0,0,0,2,0,0,0,2,0,0,0,0,2,3,0,3,0,0,0,0,0,2,3,0,0,2,3,0,0,3,0,3,0,2,2,3,3,0,3,0,0,1,3,2,0,3,3,0,1,3,0,2,0,3,0,3,2,0,0,0,0,3,0,0,0,0,0,2,2,3,3,2,0,0,0,2,3,0,3,0,0,0,0,0,3,0,3,0,0,0,0,2,0,2,0,0,0,0,0,2,3,0,0,0,0,3,0,0,2,0,0,2,3,3,3,2,0,0,0,2,0,2,2,3,0,0,0,2,3,3,0,0,1,0,2,-1,0,0,0,3,0,3,0,2,2,0,3,0,2,0,2,3,0,0,0,0,0,0,3,0,0,0,0,3,3
Sweden,0,3,0,3,2,3,3,3,1,3,2,3,2,2,3,3,3,3,0,0,3,3,3,3,3,3,2,0,2,0,1,3,0,0,3,0,3,2,0,3,3,2,3,3,0,3,2,3,3,3,2,3,0,0,3,2,3,3,3,2,3,3,3,0,3,3,3,2,2,3,3,3,3,3,3,1,3,2,0,3,3,3,1,3,3,2,3,2,3,3,2,3,2,3,2,3,0,0,3,3,3,3,2,2,3,2,0,3,3,2,3,3,3,3,3,0,3,3,2,2,3,0,2,3,1,3,0,2,0,3,3,2,0,3,3,3,2,3,3,3,3,3,3,3,0,2,3,3,3,3,3,3,2,3,3,2,2,3,3,3,3,2,3,3,0,3,3,0,2,3,-1,3,0,3,2,2,3,3,2,3,3,3,3,0,3,2,3,3,3,1,3,3,3,3,3,3,0,2,2
Switzerland,0,3,0,3,2,3,3,3,1,3,2,3,2,2,3,3,3,3,0,0,3,3,3,3,3,3,2,0,2,0,1,3,0,0,3,0,3,2,0,3,3,2,3,3,0,3,2,3,3,3,2,3,0,0,3,2,3,3,3,2,3,3,3,0,3,3,3,2,2,3,3,3,3,3,3,1,3,2,0,3,3,3,1,3,3,2,3,2,3,3,2,3,3,3,2,3,0,0,3,3,3,3,2,2,3,2,0,3,2,2,3,3,3,3,3,0,3,3,2,2,3,0,2,3,1,3,0,2,0,3,3,2,2,2,3,3,2,3,3,3,3,3,3,3,0,2,3,3,3,2,3,3,2,2,3,2,2,3,3,3,3,2,3,3,0,3,3,0,2,3,3,-1,0,3,2,2,3,3,2,3,3,3,3,0,3,2,3,3,3,1,3,3,3,3,3,2,0,2,2
Syria,0,0,0,0,0,0,0,0,0,0,0,0,0,2,0,0,0,0,0,0,2,0,0,0,0,0,0,0,2,0,0,2,0,0,0,0,0,2,0,0,0,2,0,0,0,0,2,3,0,0,0,0,0,0,0,2,0,0,0,2,0,0,0,0,0,0,0,2,2,0,3,0,0,0,0,0,0,3,0,0,0,0,1,0,0,0,0,0,0,0,0,0,0,0,2,2,0,0,0,0,0,2,2,2,3,2,0,0,0,0,0,0,3,0,0,0,0,0,2,0,0,0,0,0,0,0,0,2,0,0,0,0,0,2,3,0,0,0,0,0,0,0,2,0,0,2,0,0,0,2,0,0,0,2,0,2,0,0,0,0,0,2,0,0,0,0,0,3,2,0,0,0,-1,0,0,0,0,2,2,0,0,0,2,0,2,2,0,0,0,0,0,0,0,0,0,0,2,0,0
Taiwan,0,3,0,3,0,3,0,2,1,3,0,0,0,2,0,0,3,3,0,0,2,3,0,0,2,3,2,0,2,0,1,2,0,0,3,2,0,2,0,3,3,2,3,3,0,3,2,3,3,3,2,0,0,0,3,2,3,3,3,2,3,0,3,0,3,0,3,2,2,0,3,3,1,3,3,1,3,2,0,3,3,3,1,2,3,2,0,2,3,3,0,0,2,3,0,2,0,0,3,3,3,3,2,2,3,2,0,3,3,2,2,0,3,0,3,0,3,0,2,2,0,2,2,3,1,3,0,2,0,3,3,2,0,2,3,3,2,3,3,1,3,3,2,3,0,2,3,3,3,2,3,0,2,2,0,2,0,3,3,3,2,2,0,3,0,3,1,0,2,3,3,3,0,-1,0,2,2,2,2,0,0,0,2,0,3,2,0,0,3,1,0,0,3,3,0,0,0,0,0
Tajikistan,0,0,0,0,0,3,0,3,0,0,3,0,0,2,3,3,0,0,0,0,2,0,0,0,0,0,0,0,2,0,0,2,0,0,0,0,0,2,0,0,0,2,0,0,0,0,2,3,0,3,0,0,0,0,0,2,0,0,0,2,0,3,0,0,0,0,0,2,2,0,3,0,0,0,0,1,3,2,0,0,0,0,1,2,0,2,3,0,0,0,0,3,2,0,2,2,0,0,0,0,0,2,2,2,3,2,0,0,2,2,2,0,3,3,0,0,0,0,2,0,3,0,2,0,0,2,0,2,0,0,0,0,2,2,3,0,0,0,0,3,0,0,2,0,3,2,0,0,3,2,0,0,0,2,0,2,2,0,0,0,0,2,0,0,0,0,1,0,2,0,0,0,0,0,-1,0,0,2,2,0,0,0,3,0,2,2,3,0,0,0,0,3,0,0,0,0,0,0,2
Tanzania,0,0,0,0,0,3,0,0,0,0,0,3,0,3,3,0,0,3,3,0,2,0,3,0,0,0,0,3,2,0,0,2,0,0,0,0,0,2,0,0,0,2,0,0,2,0,2,3,0,3,0,0,0,0,0,2,3,0,0,2,3,0,0,3,0,3,0,3,2,0,3,0,3,0,0,1,3,2,0,0,0,0,1,3,0,0,0,3,0,0,0,0,2,0,0,3,0,0,0,0,0,3,2,3,3,2,0,0,0,2,3,0,3,0,0,0,0,0,3,0,3,0,2,0,0,2,0,2,0,0,0,0,2,2,0,0,0,0,0,3,0,0,2,0,0,3,3,3,3,2,0,0,0,2,0,2,2,3,0,0,0,2,3,0,2,0,1,0,2,3,0,0,0,0,0,-1,0,2,2,0,0,0,2,0,2,3,0,0,0,0,0,0,3,0,0,0,0,3,3
Thailand,0,3,0,0,0,0,3,2,0,0,2,0,2,0,3,0,0,0,0,0,2,0,0,3,3,0,0,0,3,0,0,2,0,0,3,0,0,2,0,0,0,2,0,0,0,0,2,3,3,3,0,0,0,0,0,2,3,0,0,2,0,3,0,0,0,0,0,2,2,0,3,0,3,0,0,1,3,2,0,0,0,0,1,0,3,2,3,2,0,0,0,2,3,0,0,2,0,0,0,0,0,3,2,2,3,2,0,0,2,2,2,0,3,0,0,3,0,0,2,3,2,0,2,0,0,2,0,2,0,0,0,2,2,2,3,3,2,0,3,3,0,0,3,0,3,2,0,2,3,2,0,0,0,2,0,2,2,3,0,0,2,2,3,3,0,0,3,0,2,0,0,0,0,3,2,2,-1,2,2,0,0,0,3,0,2,2,0,0,0,0,0,2,3,0,0,3,0,2,0
Timor-Leste,0,0,0,3,2,0,0,2,0,3,0,0,0,2,3,0,3,0,0,0,2,3,0,0,0,3,0,0,2,0,0,2,0,0,0,0,0,2,0,0,3,2,3,3,0,3,2,3,0,3,2,0,0,0,3,2,0,3,3,2,3,0,3,0,3,0,0,2,2,0,3,0,3,3,3,1,3,2,0,0,0,3,1,0,0,2,0,2,0,3,0,0,2,3,0,2,0,0,3,3,3,2,2,2,3,2,0,3,0,2,2,0,3,3,3,0,3,0,2,0,0,0,2,3,0,0,0,2,0,0,3,0,0,2,3,0,0,0,0,0,3,3,2,3,0,2,0,2,3,2,3,3,0,2,0,2,2,3,3,3,0,2,0,0,0,3,1,0,2,3,3,3,0,0,0,2,0,-1,2,0,0,0,2,0,2,2,0,0,3,0,0,0,0,3,0,2,0,0,0
Togo,0,0,0,0,0,0,0,0,0,0,0,0,0,2,0,0,0,0,3,0,2,0,0,0,0,0,3,0,2,0,0,3,0,3,0,0,0,2,2,0,0,2,0,0,0,0,2,3,0,3,0,0,0,0,0,2,0,0,0,2,3,0,0,3,0,0,0,3,3,0,3,0,0,0,0,0,3,2,0,0,0,0,3,0,0,0,0,2,0,0,0,0,2,0,0,2,3,0,0,0,0,2,2,2,3,2,3,0,0,2,2,0,3,0,0,0,0,0,2,0,2,0,2,0,0,2,3,3,0,0,0,0,0,2,0,0,0,0,0,3,0,0,2,0,0,2,0,2,3,2,0,0,0,3,0,2,3,3,0,0,0,2,0,0,0,0,1,0,2,0,0,0,0,0,0,2,0,2,-1,0,0,0,2,0,2,2,0,0,0,0,0,0,0,0,0,0,0,0,0
Tonga,0,0,0,3,0,0,0,2,0,3,0,3,0,3,3,0,3,3,0,0,2,3,3,0,0,3,0,0,2,0,0,2,0,0,3,3,0,2,0,3,3,2,3,3,0,3,2,3,3,3,2,0,0,0,3,2,3,3,3,2,3,0,3,0,3,3,0,2,2,0,3,0,3,3,3,1,3,2,0,3,3,3,1,3,0,2,0,3,3,3,0,0,0,3,0,3,0,0,3,3,3,2,2,2,3,2,0,3,2,2,3,0,3,3,3,0,0,0,2,0,0,2,2,3,0,2,0,2,0,0,3,0,3,2,3,3,2,0,3,0,3,3,2,3,0,2,3,3,3,2,3,0,0,2,0,2,2,3,3,3,2,2,0,3,0,3,1,0,2,3,3,3,0,0,0,3,0,2,2,-1,3,0,0,0,2,3,0,0,3,0,0,2,3,3,0,0,0,3,3
Trinidad and Tobago,0,3,0,3,0,3,3,2,0,3,2,3,0,2,3,0,3,3,0,0,2,3,3,3,0,3,0,0,2,0,0,2,0,0,3,0,3,2,0,3,3,2,3,3,0,3,2,3,3,3,2,3,0,0,3,2,3,3,3,2,3,0,3,3,3,3,3,2,2,3,3,3,3,3,3,1,3,2,0,3,3,3,1,3,0,2,0,3,3,3,0,0,2,3,0,3,0,0,3,3,3,2,2,3,3,2,0,3,0,2,3,3,3,3,3,0,3,0,2,0,0,0,2,3,0,3,0,2,0,0,3,0,3,2,3,3,0,0,3,3,3,3,2,3,0,2,3,3,3,2,3,0,0,2,3,2,2,3,3,3,2,2,3,3,0,3,1,0,3,3,3,3,0,0,0,3,0,2,2,0,-1,0,3,0,2,2,0,0,3,0,3,2,3,3,3,0,0,3,3
Tunisia,0,0,3,0,0,0,0,0,0,0,0,0,0,2,3,0,0,3,3,0,2,0,0,3,0,0,2,0,2,0,0,2,0,0,0,0,0,2,0,0,0,2,0,0,0,0,2,3,0,3,0,0,0,0,0,2,3,0,0,3,0,0,0,2,0,0,0,3,2,0,3,0,3,0,0,0,3,2,0,0,0,0,3,0,3,2,0,2,3,0,0,0,2,0,2,2,0,3,0,0,0,2,2,2,3,2,3,0,0,3,3,0,3,0,0,0,0,3,2,0,2,0,2,0,0,2,3,2,0,0,0,0,2,2,3,0,0,0,0,3,0,0,2,0,0,2,0,0,3,2,0,0,0,3,3,2,0,0,0,0,0,2,0,3,0,0,1,0,2,0,0,0,3,0,2,2,0,2,2,0,0,-1,3,0,2,2,0,0,0,0,0,2,3,0,0,0,0,0,0
Turkey,0,3,0,0,0,3,3,2,0,0,3,3,2,2,3,3,0,3,0,0,3,3,3,3,3,0,0,0,2,0,0,2,0,0,3,0,3,2,0,3,0,2,0,0,0,0,2,3,3,3,0,3,0,0,0,2,3,0,0,2,3,3,0,0,0,0,3,2,2,0,3,3,3,0,0,0,3,3,3,0,0,0,1,3,3,3,3,2,0,3,2,3,2,0,2,2,0,2,0,0,0,3,2,2,3,2,0,0,2,2,3,1,3,3,0,3,3,3,2,2,2,0,2,0,0,3,0,2,0,3,0,2,2,2,3,3,0,3,3,3,0,0,3,0,0,2,3,3,3,2,0,3,0,2,3,2,2,3,0,0,0,2,3,3,0,0,1,2,2,3,0,0,0,2,2,2,3,2,2,2,3,3,-1,0,2,2,3,0,0,0,3,3,3,0,3,0,0,2,2
Turkmenistan,0,0,0,0,0,3,0,2,0,0,2,0,0,2,3,0,0,0,0,0,2,0,0,0,0,0,0,0,2,0,0,2,0,0,0,0,0,2,0,0,0,2,0,0,0,0,2,3,0,3,0,0,0,0,0,2,0,0,0,2,3,3,0,0,0,0,0,2,2,0,3,0,0,0,0,0,3,2,0,0,0,0,1,2,0,2,0,2,0,0,0,0,2,0,2,2,0,0,0,0,0,2,2,2,3,2,0,0,2,2,2,0,3,0,0,0,0,0,2,0,3,0,2,0,0,2,0,2,0,0,0,0,0,2,3,0,0,0,0,3,0,0,2,0,0,2,0,0,3,2,0,0,0,2,0,2,2,0,0,0,0,2,0,0,0,0,1,0,2,0,0,0,0,0,2,0,0,2,2,0,0,0,3,-1,2,2,0,0,0,0,0,0,0,0,0,0,0,0,2
Tuvalu,0,0,0,3,0,3,0,2,0,3,0,3,0,2,3,0,3,3,0,0,2,3,3,0,0,3,0,0,2,0,0,2,0,0,0,0,0,2,0,3,3,2,3,3,0,3,2,3,3,3,2,3,0,0,3,2,3,3,3,2,3,0,3,0,3,3,3,2,2,0,3,3,3,3,3,1,3,2,0,3,0,3,1,3,0,2,0,3,3,3,0,0,2,3,0,3,0,0,3,3,3,2,2,3,3,2,0,3,2,2,3,0,3,0,3,0,0,0,2,0,0,2,2,3,0,3,0,2,0,0,3,0,0,2,3,3,2,0,3,2,3,3,2,3,0,2,3,3,3,2,3,0,0,2,0,2,2,3,3,3,2,2,0,3,0,3,1,0,2,3,3,3,0,3,0,3,0,2,2,2,3,0,2,0,-1,2,0,0,3,0,0,0,3,3,0,0,0,3,3
Uganda,0,0,0,0,0,3,0,0,0,0,0,3,0,2,3,0,0,3,3,0,2,0,3,0,0,0,0,3,2,0,0,2,0,0,0,0,0,2,0,0,0,2,0,0,0,0,2,3,0,3,0,0,0,3,0,2,3,0,0,2,3,0,0,3,0,3,0,2,2,0,3,0,3,0,0,1,3,2,0,0,0,0,1,3,0,0,0,3,0,0,0,0,2,0,0,3,0,0,0,0,0,2,2,3,3,2,0,0,0,2,3,0,3,0,0,0,0,0,2,2,2,0,2,0,0,2,0,2,0,0,0,0,0,2,0,0,0,0,0,3,0,0,2,0,0,3,3,2,3,2,0,0,0,2,0,2,2,3,0,0,0,2,0,0,2,0,0,0,2,3,0,0,0,0,0,3,0,2,2,0,0,0,2,0,2,-1,0,0,0,0,0,0,3,0,0,0,0,3,3
Ukraine,0,3,0,3,0,3,3,3,0,3,3,0,2,2,3,3,3,0,0,0,2,3,0,3,3,3,0,0,2,0,0,2,0,0,3,0,0,2,0,3,3,2,3,3,0,3,2,3,3,3,2,3,0,0,3,2,3,3,3,2,0,3,3,0,3,0,3,2,2,0,3,3,3,3,3,1,3,2,0,0,3,3,1,3,0,2,3,2,0,0,2,3,2,3,2,2,0,0,3,3,3,2,2,2,3,2,0,3,2,2,3,1,3,3,3,3,3,0,2,2,3,0,2,3,0,3,0,2,0,3,3,2,0,2,3,3,0,3,3,0,3,3,3,3,3,2,3,0,3,2,3,0,2,2,3,2,2,0,3,3,0,2,0,0,0,3,3,0,2,3,3,3,0,0,3,2,3,2,2,2,0,0,3,0,2,2,-1,3,0,0,3,3,3,3,0,0,0,2,2
United Arab Emirates,0,3,0,3,2,3,3,3,2,3,2,3,3,2,3,3,3,0,2,0,2,3,3,3,3,3,3,2,2,0,1,2,2,3,3,3,3,2,2,3,3,2,3,3,2,3,2,3,3,3,3,3,2,0,3,2,3,3,3,2,3,3,3,0,3,3,3,2,2,2,3,3,3,3,3,1,3,2,0,3,0,3,2,0,3,3,3,2,0,3,3,3,2,3,3,2,2,0,3,3,3,2,2,2,3,2,3,3,2,2,3,3,3,3,3,2,3,3,2,0,2,3,2,3,1,3,2,2,0,3,3,3,2,2,3,3,0,3,0,3,3,3,3,3,3,2,3,3,3,2,3,3,3,2,3,2,2,3,3,3,3,2,3,3,3,3,1,3,2,3,3,3,3,2,2,2,3,2,2,3,0,3,2,0,2,2,3,-1,1,0,3,3,3,3,0,2,2,2,2
United Kingdom,0,3,0,3,2,3,3,3,1,3,2,3,2,2,3,3,3,3,0,0,3,3,3,3,3,3,2,0,2,0,1,3,0,0,3,0,3,2,0,3,3,2,3,3,0,3,2,3,3,3,2,3,0,0,3,2,3,3,3,2,3,3,3,0,3,3,3,2,2,3,3,3,3,3,3,1,3,0,0,3,3,3,1,3,3,2,3,2,3,3,2,3,2,3,2,3,0,0,3,3,3,3,2,2,3,2,0,3,3,2,3,3,3,3,3,0,3,3,2,2,3,0,2,3,1,3,0,2,0,3,3,2,0,2,3,3,2,3,3,3,3,3,3,3,0,2,3,3,3,2,3,3,2,3,3,2,2,3,3,3,2,2,3,3,0,3,3,0,2,3,3,3,0,3,2,2,3,2,2,2,3,3,2,0,2,2,3,3,-1,1,3,3,3,3,3,3,0,2,2
United States,0,3,0,3,2,3,3,3,1,3,2,3,2,2,3,3,3,3,0,0,2,3,3,3,3,3,2,0,2,0,3,2,3,0,3,0,3,2,0,3,3,2,3,3,0,3,2,3,3,3,2,3,3,0,3,2,3,3,3,2,2,3,3,0,3,3,3,2,2,3,3,3,3,3,3,1,3,0,0,3,3,3,1,3,3,2,3,2,3,3,2,3,2,3,2,3,0,0,3,3,3,3,2,2,3,2,0,3,3,2,3,3,3,3,3,3,3,3,2,2,3,0,2,3,1,3,0,2,0,3,3,2,0,3,3,3,2,2,3,3,3,3,3,3,0,2,3,3,3,2,3,3,2,3,3,2,2,3,3,3,2,2,3,3,0,3,3,0,2,3,3,3,0,3,2,2,3,2,2,2,3,3,2,0,2,2,3,3,3,-1,3,2,3,3,0,2,0,2,2
Uruguay,0,3,0,3,2,0,3,3,0,3,0,3,2,2,3,3,3,3,0,0,3,3,3,3,0,3,0,0,2,0,0,2,0,0,3,0,3,2,0,3,3,2,3,3,0,3,2,3,3,3,2,3,0,0,3,2,3,3,3,2,0,3,3,0,3,0,3,2,2,3,3,3,3,3,3,1,3,2,0,3,3,3,1,3,3,2,0,2,0,3,0,0,2,3,2,2,0,0,3,3,3,3,2,2,3,2,0,3,2,2,2,3,3,3,3,3,3,0,2,2,0,0,2,3,1,3,0,2,0,3,3,2,0,2,3,3,2,3,3,3,3,3,3,3,3,2,3,3,3,2,3,0,0,2,3,2,0,3,3,3,0,2,3,3,0,3,1,0,2,3,3,3,0,0,0,2,0,2,2,0,3,0,3,0,2,2,3,3,3,0,-1,2,3,3,3,2,0,2,2
Uzbekistan,0,0,0,0,0,3,0,3,0,0,3,0,0,0,3,3,0,0,0,0,2,0,0,0,0,0,0,0,2,0,0,2,0,0,0,0,0,2,0,0,0,2,0,0,0,0,2,3,0,3,0,0,0,0,0,2,0,0,0,2,0,3,0,0,0,0,0,2,2,0,3,0,0,0,0,1,3,2,0,0,0,0,1,2,0,2,3,2,0,0,0,3,2,0,2,2,0,0,0,0,0,2,2,2,3,2,0,0,0,2,2,0,3,3,0,0,0,0,2,2,3,0,2,0,0,2,0,2,0,0,0,0,0,2,3,0,0,0,0,3,0,0,2,0,3,2,0,0,3,2,0,0,0,2,0,2,2,0,0,0,0,2,0,0,0,0,1,0,2,0,0,0,0,0,3,0,2,2,2,0,0,0,3,0,2,2,3,0,0,0,0,-1,0,0,0,0,0,0,2
Vanuatu,0,0,0,3,0,3,0,2,0,3,0,3,0,2,3,3,3,3,0,0,2,3,3,0,0,3,0,0,2,0,0,2,0,0,0,0,0,2,0,3,3,2,3,3,0,3,2,3,3,3,2,3,0,0,3,2,3,3,3,2,3,0,3,0,3,3,3,2,2,0,3,3,3,3,3,1,3,2,0,3,3,3,1,3,0,0,0,3,3,3,0,0,2,3,0,3,0,0,3,3,3,2,2,2,3,2,0,3,2,2,3,0,3,3,3,0,3,0,2,0,0,2,2,3,0,3,0,2,0,0,3,0,0,2,3,3,2,0,3,3,3,3,2,3,3,2,3,3,3,2,3,0,0,2,0,2,2,3,3,3,2,2,0,0,0,3,1,0,2,3,3,3,0,0,0,3,2,2,2,2,3,0,2,0,2,3,0,0,3,0,0,2,-1,3,0,2,0,3,3
Vatican,0,3,0,3,2,3,3,3,1,3,2,3,2,2,0,3,3,3,0,0,3,3,3,3,0,3,0,0,2,0,1,3,0,0,3,0,3,2,0,3,3,2,3,3,0,3,2,3,3,3,2,3,0,0,3,2,3,3,3,2,3,3,3,0,3,3,3,2,2,0,3,3,3,3,3,1,3,2,0,3,3,3,1,0,0,2,3,2,0,3,2,3,2,3,0,2,0,0,3,3,3,2,2,2,3,2,0,3,2,2,3,0,3,3,3,0,3,0,2,0,0,0,2,3,1,3,0,2,0,3,3,2,0,2,3,3,2,0,3,3,3,3,3,3,0,2,3,0,3,2,3,3,0,2,3,2,0,3,3,3,0,2,0,3,0,3,1,0,2,3,3,3,0,3,2,2,0,2,2,0,0,3,3,0,2,2,3,3,3,0,3,3,3,-1,0,0,0,2,2
Venezuela,0,3,0,3,2,3,3,2,0,3,0,3,2,2,3,3,3,3,0,0,3,3,3,3,0,3,2,0,2,0,0,2,0,0,0,0,3,2,0,3,3,2,3,3,0,3,2,3,3,0,2,0,0,0,3,2,3,3,3,2,3,0,3,0,3,3,0,2,2,0,3,0,3,3,3,1,3,3,0,0,0,3,1,3,0,2,0,2,0,3,0,2,2,3,2,2,0,0,3,3,3,2,2,2,3,2,0,3,0,2,2,3,3,3,3,0,3,0,2,2,2,0,2,3,0,3,0,2,0,3,3,2,0,2,3,0,0,3,0,3,3,3,3,3,3,2,3,0,3,2,3,0,0,2,0,2,0,3,3,3,0,2,3,3,0,3,1,0,2,0,3,3,0,0,2,2,0,2,2,0,0,0,3,0,2,2,0,0,0,0,3,2,0,3,-1,2,0,2,2
Vietnam,0,0,0,0,0,0,0,0,0,0,2,0,0,0,3,0,0,0,0,0,2,0,0,0,3,0,0,0,3,0,0,2,0,0,3,0,0,2,0,0,0,2,0,0,0,0,2,3,0,3,0,0,0,0,0,2,0,0,0,2,0,0,0,0,0,0,0,2,2,0,3,0,0,0,0,1,3,2,0,0,0,0,1,0,0,0,3,2,0,0,2,3,3,0,0,2,0,0,0,0,0,0,2,2,3,2,0,0,2,2,2,0,3,0,0,0,0,0,2,3,2,0,2,0,0,0,0,2,0,0,0,0,0,2,3,3,0,0,0,3,0,0,2,0,0,2,0,2,3,2,0,0,0,2,0,2,2,3,0,0,0,2,0,0,0,0,1,0,2,0,0,0,0,0,2,2,3,2,2,0,0,0,2,0,2,2,0,0,0,0,0,2,0,0,0,-1,0,2,0
Yemen,0,0,0,0,0,0,0,0,0,0,0,0,0,0,0,0,0,0,0,0,2,0,0,0,0,0,0,0,2,0,0,2,0,0,0,0,0,2,0,0,0,2,0,0,0,0,2,3,0,3,0,0,0,0,0,2,0,0,0,2,0,0,0,0,0,0,0,2,2,0,3,0,0,0,0,0,0,0,0,0,0,0,1,0,0,0,0,0,0,0,0,0,2,0,2,2,0,0,0,0,0,2,2,2,3,2,0,0,0,2,0,0,3,0,0,0,0,0,2,0,0,0,2,0,0,0,0,2,0,0,0,0,0,2,3,0,0,0,0,0,0,0,2,0,0,2,0,0,3,2,0,0,0,0,0,2,0,0,0,0,0,2,0,0,0,0,1,3,2,0,0,0,3,0,2,0,0,2,2,0,0,0,2,0,2,2,0,0,0,0,0,0,0,0,0,0,-1,0,0
Zambia,0,0,0,0,3,3,0,0,0,0,0,3,0,3,3,0,0,3,3,0,2,0,3,0,0,0,0,0,2,0,0,2,0,0,0,0,0,2,0,0,0,2,0,0,0,0,2,3,0,3,0,0,0,0,0,2,3,0,0,2,3,0,0,2,0,3,0,2,2,0,3,0,3,0,0,1,3,2,0,0,0,0,1,3,0,0,0,3,3,0,0,0,0,0,0,3,0,0,0,0,0,2,2,3,3,2,0,0,0,2,3,0,3,0,0,0,0,0,3,0,3,0,2,0,0,2,0,2,0,0,0,0,2,2,0,0,0,0,0,3,0,0,2,0,0,2,3,3,3,2,0,0,0,2,0,2,2,3,0,0,0,2,3,0,0,0,1,0,2,3,0,0,0,0,0,3,0,2,2,0,3,0,2,0,2,3,0,0,0,0,0,0,3,0,0,0,0,-1,3
Zimbabwe,0,0,0,0,3,0,0,0,0,0,0,3,0,2,3,0,0,3,3,0,2,0,3,0,0,0,0,0,2,0,0,2,0,0,0,0,0,2,0,0,0,2,0,0,3,0,2,3,0,3,0,0,0,0,0,2,3,0,0,2,3,0,0,3,0,0,0,2,2,0,3,0,3,0,0,1,3,2,0,0,0,0,1,0,0,2,0,3,3,0,0,0,0,0,0,3,0,0,0,0,0,2,2,3,3,2,0,0,0,2,3,0,3,0,0,0,0,0,3,0,3,0,0,0,0,2,0,2,0,0,0,0,0,2,3,0,0,0,0,3,0,0,2,0,0,2,3,2,3,2,0,0,0,2,0,2,0,3,0,0,0,2,3,0,0,0,1,0,2,3,0,0,0,0,0,3,0,2,2,0,3,0,2,0,2,3,0,0,0,0,0,0,3,0,0,0,0,3,-1
