Passport,AFG,ALB,DZA,AND,AGO,ATG,ARG,ARM,AUS,AUT,AZE,BHS,BHR,BGD,BRB,BLR,BEL,BLZ,BEN,BTN,BOL,BIH,BWA,BRA,BRN,BGR,BFA,BDI,KHM,CMR,CAN,CPV,CAF,TCD,CHL,CHN,COL,COM,COG,COD,CRI,CIV,HRV,CUB,CYP,CZE,DNK,DJI,DMA,DOM,ECU,EGY,SLV,GNQ,ERI,EST,SWZ,ETH,FJI,FIN,FRA,GAB,GMB,GEO,DEU,GHA,GRC,GRD,GTM,GIN,GNB,GUY,HTI,HND,HKG,HUN,ISL,IND,IDN,IRN,IRQ,IRL,ISR,ITA,JAM,JPN,JOR,KAZ,KEN,KIR,XKX,KWT,KGZ,LAO,LVA,LBN,LSO,LBR,LBY,LIE,LTU,LUX,MAC,MDG,MWI,MYS,MDV,MLI,MLT,MHL,MRT,MUS,MEX,FSM,MDA,MCO,MNG,MNE,MAR,MOZ,MMR,NAM,NRU,NPL,NLD,NZL,NIC,NER,NGA,PRK,MKD,NOR,OMN,PAK,PLW,PSE,PAN,PNG,PRY,PER,PHL,POL,PRT,QAT,ROU,RUS,RWA,KNA,LCA,WSM,SMR,STP,SAU,SEN,SRB,SYC,SLE,SGP,SVK,SVN,SLB,SOM,ZAF,KOR,SSD,ESP,LKA,VCT,SDN,SUR,SWE,CHE,SYR,TWN,TJK,TZA,THA,TLS,TGO,TON,TTO,TUN,TUR,TKM,TUV,UGA,UKR,ARE,GBR,USA,URY,UZB,VUT,VAT,VEN,VNM,YEM,ZMB,ZWE
AFG,-1,0,0,0,0,0,0,0,0,0,0,0,0,1,0,0,0,0,0,0,1,0,0,0,0,0,0,0,1,0,0,1,0,0,0,0,0,1,0,0,0,2,0,0,0,0,0,1,3,0,0,0,0,0,0,0,0,1,0,0,0,1,0,0,0,0,0,0,0,0,1,0,3,0,0,0,0,0,0,0,0,0,0,0,0,0,0,0,0,0,0,0,0,0,0,0,1,0,0,0,0,0,1,1,0,0,1,0,0,0,1,0,0,3,0,0,0,0,0,1,0,0,0,0,0,0,0,0,0,0,0,0,0,0,1,0,0,0,0,0,0,0,0,1,0,0,1,0,0,1,0,0,0,0,0,1,0,0,0,0,0,1,0,0,0,0,0,3,0,0,0,0,0,0,0,0,0,1,1,0,0,0,0,0,1,1,0,0,0,0,0,0,0,0,0,0,0,0,0
ALB,0,-1,0,3,0,3,0,3,0,3,1,0,0,1,3,3,3,0,0,0,1,3,0,3,0,3,0,0,1,0,0,1,0,0,3,0,3,1,0,0,0,2,3,1,3,3,3,1,3,3,3,1,3,0,0,3,0,1,0,3,3,1,3,3,3,0,3,0,0,0,1,0,3,0,3,3,3,2,3,1,0,0,3,3,1,0,0,0,1,0,3,0,1,1,3,0,1,0,0,3,3,3,3,1,1,3,1,0,3,0,1,1,0,3,3,3,0,3,0,1,1,0,0,1,3,0,0,0,0,0,3,3,1,0,1,3,0,0,0,0,0,3,3,1,3,0,1,0,0,1,3,0,0,0,3,1,0,3,3,3,0,1,0,3,0,3,2,3,0,0,3,3,0,0,0,1,0,1,1,0,3,0,3,0,1,1,3,0,0,0,0,1,0,3,0,0,0,1,1
DZA,0,0,-1,0,1,0,0,0,0,0,1,0,0,0,0,0,0,0,3,0,1,0,0,0,0,0,0,0,1,0,0,1,0,0,0,0,0,1,0,0,0,2,0,1,0,0,0,1,3,0,3,0,0,0,0,0,0,1,0,0,0,1,0,0,0,1,0,0,0,3,1,0,3,0,3,0,0,0,3,1,0,0,0,0,0,0,1,0,1,0,0,0,0,0,0,1,1,0,0,0,0,0,1,1,0,3,1,3,0,0,3,1,0,3,0,0,0,0,3,1,1,0,0,1,0,0,1,0,0,0,0,0,0,0,1,3,0,0,0,0,0,0,0,1,0,0,1,0,0,1,0,0,0,1,0,1,0,0,0,0,0,1,0,0,0,0,2,3,0,0,0,0,3,0,1,1,0,1,1,0,0,3,1,0,1,1,0,0,0,0,0,0,0,0,0,0,1,0,1
AND,0,3,0,-1,0,3,3,3,2,3,1,3,1,1,0,3,3,3,0,0,3,3,0,3,0,3,0,0,1,0,2,3,0,0,3,0,3,1,0,0,3,2,3,1,3,3,3,1,3,3,3,1,3,0,0,3,3,1,0,3,3,1,3,3,3,0,3,0,3,0,1,0,3,3,3,3,3,2,3,1,0,3,3,3,1,3,1,0,1,0,3,1,1,1,3,1,1,0,0,3,3,3,3,1,1,3,1,0,3,1,1,1,3,3,3,3,0,3,3,1,0,0,0,1,3,3,3,0,0,0,3,3,1,0,1,3,3,1,3,3,3,3,3,3,3,0,1,0,3,1,3,3,0,1,3,1,0,3,3,3,1,1,3,3,0,3,2,3,0,0,3,3,0,3,1,1,1,1,1,0,0,3,3,0,1,1,3,3,3,2,3,3,3,3,3,1,0,1,1
AGO,0,0,0,0,-1,0,0,0,0,0,0,0,0,1,0,0,0,0,3,0,1,0,3,0,0,0,0,0,1,0,0,3,0,0,0,0,0,1,0,0,0,2,0,1,0,0,0,1,3,0,3,0,0,0,0,0,0,1,0,0,0,1,0,0,0,1,0,0,0,0,1,0,3,0,0,0,0,2,3,1,0,0,0,0,0,0,0,0,1,0,0,0,0,1,0,0,1,0,0,0,0,0,1,1,0,0,1,0,0,0,1,3,0,3,0,0,0,0,0,3,0,3,0,1,0,0,1,0,0,0,0,0,0,0,1,0,3,0,0,0,3,0,0,1,0,0,1,0,0,1,0,3,0,1,0,1,0,3,0,0,0,1,3,0,0,0,2,3,0,0,0,0,0,0,0,1,0,1,1,0,0,3,0,0,1,3,0,0,0,0,0,0,0,0,0,0,0,3,3
ATG,0,3,0,3,0,-1,0,1,0,3,0,3,0,1,3,3,3,3,0,0,1,3,3,3,0,3,0,0,1,0,0,1,0,0,3,0,3,1,0,0,3,2,3,3,3,3,3,1,3,3,3,1,3,0,0,3,3,1,3,3,3,1,3,3,3,0,3,3,3,0,1,3,3,3,3,3,3,2,3,1,0,3,0,3,3,0,1,0,1,3,3,0,0,1,3,1,3,0,0,3,3,3,1,1,3,3,1,0,3,0,1,3,0,3,3,3,0,3,0,1,0,0,0,1,3,0,3,0,0,0,3,3,0,0,1,3,3,0,0,3,3,3,3,3,3,0,1,3,3,1,3,0,0,0,3,1,0,3,3,3,1,1,3,3,0,3,2,3,0,3,3,3,0,0,0,3,0,1,1,0,3,3,1,0,1,3,3,0,3,0,0,0,3,3,3,0,0,3,3
ARG,0,3,0,3,1,3,-1,3,0,3,1,3,1,1,3,3,3,3,0,0,3,3,3,3,0,3,1,0,1,0,0,1,0,0,3,0,3,1,0,0,3,2,3,1,3,3,3,1,3,3,3,1,3,0,0,3,3,1,3,3,3,1,0,3,3,0,3,3,3,0,1,3,3,3,3,3,3,2,3,1,0,3,3,3,3,3,1,3,1,0,3,0,1,1,3,1,1,0,0,3,3,3,1,1,1,3,1,0,3,1,1,3,3,3,3,3,3,3,3,1,1,0,0,1,3,3,3,0,0,0,3,3,1,0,1,3,3,1,3,3,3,3,3,3,3,3,1,3,3,1,3,0,0,1,3,1,0,3,3,3,1,1,3,3,0,3,2,3,0,3,3,3,0,0,1,1,3,1,1,0,3,3,3,0,1,1,3,3,3,0,3,3,3,3,3,1,0,1,1
ARM,0,3,0,0,0,3,3,-1,0,0,0,3,0,1,3,3,0,0,0,0,1,0,0,3,0,0,0,0,1,0,0,1,0,0,0,0,0,1,0,0,0,2,0,1,0,0,0,1,3,0,3,0,0,0,0,0,0,1,0,0,0,1,0,3,0,0,0,0,0,0,1,0,3,0,0,0,0,2,3,3,0,0,0,0,1,0,1,3,0,0,0,0,3,1,0,1,1,0,0,0,0,0,3,1,1,3,1,0,0,0,1,1,0,3,3,0,0,0,0,1,0,3,0,1,0,0,0,0,0,0,0,0,0,0,1,3,3,0,0,0,0,0,0,1,0,3,1,0,0,1,0,0,0,1,0,1,0,0,0,0,0,1,0,0,0,0,2,3,0,0,0,0,0,0,3,1,0,1,1,0,0,0,1,0,1,1,3,0,0,0,3,3,0,0,0,1,0,0,1
AUS,0,3,0,3,1,3,3,3,-1,3,1,3,1,1,3,3,3,3,0,0,3,3,3,0,1,3,1,0,1,0,2,1,0,0,3,0,3,1,0,0,3,2,3,1,3,3,3,1,3,3,3,1,3,0,0,3,3,1,3,3,3,1,3,3,3,0,3,3,3,0,1,3,3,3,3,3,3,2,3,1,0,3,3,3,3,3,1,3,1,3,3,1,3,1,3,1,3,0,0,3,3,3,3,1,1,3,1,0,3,1,1,3,3,3,3,3,0,3,3,1,1,3,0,1,3,3,3,0,0,0,3,3,1,0,1,3,3,1,1,3,3,3,3,3,3,0,1,3,3,1,3,0,0,1,3,1,0,3,3,3,1,1,3,3,0,3,2,3,0,0,3,3,0,3,1,1,3,1,1,1,1,3,1,0,1,1,0,3,3,2,3,3,3,3,3,1,0,1,1
AUT,0,3,0,3,1,3,3,3,2,-1,1,3,1,1,3,3,3,3,0,0,3,3,3,3,3,3,1,0,1,0,2,3,0,0,3,0,3,1,0,0,3,2,3,1,3,3,3,1,3,3,3,1,3,0,0,3,3,1,3,3,3,1,3,3,3,0,3,3,3,0,1,3,3,3,3,3,3,2,3,1,0,3,3,3,3,3,1,3,1,3,3,1,3,1,3,1,3,0,0,3,3,3,3,1,1,3,1,0,3,3,1,3,3,3,3,3,0,3,3,1,1,3,0,1,3,3,3,0,0,0,3,3,1,0,3,3,3,1,3,3,3,3,3,3,3,0,1,3,3,3,3,3,0,3,3,1,0,3,3,3,3,1,3,3,0,3,2,3,0,1,3,3,0,3,1,1,3,3,1,3,3,3,1,0,3,1,3,3,3,2,3,3,3,3,3,1,0,1,1
AZE,0,3,0,0,0,3,0,0,0,0,-1,3,0,1,3,3,0,0,0,0,1,3,0,0,0,0,0,0,1,0,0,1,0,0,0,0,3,1,0,0,0,2,0,1,0,0,0,1,3,0,3,0,0,0,0,0,0,1,0,0,0,1,0,3,0,0,0,0,0,0,1,0,3,0,0,0,0,2,3,3,0,0,0,0,1,0,1,3,0,0,0,0,3,1,0,1,1,0,0,0,0,0,1,1,1,3,1,0,0,1,1,1,0,3,3,0,0,3,0,1,0,3,0,1,0,0,1,0,0,0,3,0,1,0,1,3,0,0,0,0,0,0,0,3,0,3,1,0,0,1,0,0,0,0,3,1,0,0,0,0,0,1,0,0,0,0,2,3,0,0,0,0,0,0,3,0,0,1,1,0,0,0,3,0,1,1,3,0,0,0,0,3,3,0,0,1,0,0,1
BHS,0,3,0,3,0,3,0,1,0,3,1,-1,0,1,3,0,3,3,0,0,1,3,3,3,0,3,0,0,1,0,2,1,0,0,3,3,3,1,0,0,3,2,3,1,3,3,3,1,3,3,3,1,3,0,0,3,3,1,3,3,3,1,3,3,3,0,3,3,3,0,1,3,3,3,3,3,3,2,3,1,0,3,3,3,3,3,1,0,3,3,3,0,0,1,3,1,3,0,0,3,3,3,1,1,3,3,1,0,3,0,1,3,3,3,3,3,0,3,0,1,0,0,0,1,3,0,3,0,0,0,3,3,0,0,1,3,3,0,0,3,3,3,3,3,3,0,1,3,3,1,3,0,0,1,3,1,0,3,3,3,1,1,3,3,0,3,2,3,0,3,3,3,0,0,0,3,0,1,1,1,3,0,1,0,1,3,0,3,3,3,3,0,3,3,0,0,0,3,3
BHR,0,0,0,0,0,0,0,1,0,0,1,3,-1,1,0,3,0,0,0,0,1,3,3,0,1,0,0,0,1,0,0,1,0,0,0,0,0,1,0,0,0,2,0,1,0,0,0,1,3,3,3,3,3,0,0,0,0,1,0,0,0,1,0,3,0,0,0,0,3,0,1,0,3,3,3,0,0,0,3,1,0,0,0,0,0,0,3,0,1,0,3,3,3,1,0,3,1,0,0,0,0,0,1,1,1,3,1,0,0,0,1,3,0,3,0,0,0,0,3,1,0,0,0,1,0,3,3,0,0,0,0,0,3,0,1,3,0,0,0,0,3,0,0,3,0,0,1,3,0,1,0,0,3,1,3,1,0,3,0,0,0,1,0,3,0,0,2,3,0,0,0,0,3,1,1,1,3,1,1,0,0,3,3,0,1,1,0,3,0,0,0,0,3,0,0,0,1,0,1
BGD,0,0,0,0,0,0,0,0,0,0,0,3,0,-1,3,0,0,0,0,3,1,0,0,0,0,0,0,0,1,0,0,1,0,0,0,0,0,1,0,0,0,2,0,0,0,0,0,1,3,0,0,0,0,0,0,0,0,1,3,0,0,1,3,0,0,0,0,3,0,0,1,0,3,0,0,0,0,0,3,0,0,0,0,0,3,0,0,0,1,0,0,0,0,0,0,0,3,0,0,0,0,0,0,1,0,1,1,0,0,0,1,0,0,3,0,0,0,0,0,1,1,0,0,1,0,0,0,0,0,0,0,0,0,0,0,0,0,0,0,0,0,0,0,1,0,0,1,3,0,1,0,0,0,0,0,1,0,0,0,0,0,1,0,0,0,0,2,3,0,0,0,0,0,0,0,0,0,1,1,0,3,0,0,0,1,1,0,0,0,0,0,0,3,0,0,0,0,0,0
BRB,0,3,0,3,0,3,3,1,0,3,1,3,0,3,-1,3,3,3,0,0,1,3,3,3,0,3,0,0,1,0,2,1,0,0,3,3,3,1,0,0,3,2,3,3,3,3,3,1,3,3,3,0,3,3,0,3,3,1,3,3,3,1,3,3,3,0,3,3,3,0,1,3,3,3,3,3,3,2,3,1,0,3,3,3,3,3,1,0,3,3,3,0,0,1,3,1,3,0,0,3,3,3,1,1,3,3,1,0,3,1,1,3,3,3,3,3,0,3,0,1,0,0,0,1,3,0,3,0,0,0,3,3,0,0,1,3,3,0,0,3,3,3,3,1,3,0,1,3,3,1,3,0,0,1,3,1,0,3,3,3,1,1,3,3,0,3,2,3,0,3,3,3,0,0,0,3,0,1,1,1,3,3,1,0,1,3,0,1,3,0,3,0,3,3,3,0,0,3,3
BLR,0,0,0,0,0,3,3,3,0,0,3,0,0,1,3,-1,0,0,0,0,1,0,0,3,0,0,0,0,1,0,0,1,0,0,0,3,0,1,0,0,0,2,0,3,0,0,0,1,3,0,3,0,0,0,0,0,0,1,0,0,0,1,3,3,0,0,0,0,0,0,1,0,3,0,3,0,0,0,3,1,0,0,3,0,1,0,1,3,1,0,0,0,3,1,0,1,1,0,0,0,0,0,3,1,1,3,1,0,0,0,1,1,0,3,3,0,3,3,0,1,1,3,0,1,0,0,3,0,0,0,0,0,1,0,1,3,3,0,0,3,0,0,0,3,0,3,1,0,0,1,0,0,0,0,3,1,0,0,0,0,0,1,0,0,0,0,2,3,0,0,0,0,0,0,3,1,0,1,1,0,0,0,3,0,1,1,3,0,0,0,0,3,3,0,3,3,0,1,1
BEL,0,3,0,3,1,3,3,3,2,3,1,3,1,1,3,3,-1,3,0,0,3,3,3,3,3,3,1,0,1,0,2,3,0,0,3,0,3,1,0,0,3,2,3,1,3,3,3,1,3,3,3,1,3,0,0,3,3,1,3,3,3,1,3,3,3,0,3,3,3,0,1,3,3,3,3,3,3,2,3,1,0,3,3,3,3,3,1,3,1,3,3,1,3,1,3,1,3,0,0,3,3,3,3,1,1,3,1,0,3,3,1,3,3,3,3,3,0,3,3,1,1,3,0,1,3,3,3,0,0,0,3,3,1,0,3,3,3,1,3,3,3,3,3,3,3,0,1,3,3,3,3,3,0,3,3,1,0,3,3,3,3,1,3,3,0,3,2,3,0,1,3,3,0,3,1,1,3,3,1,3,3,3,1,0,3,1,3,3,3,2,3,3,3,3,3,1,0,1,1
BLZ,0,0,0,0,0,3,0,1,0,0,0,3,0,1,3,0,0,-1,0,0,1,0,3,3,0,0,0,0,1,0,0,1,0,0,3,0,3,1,0,0,3,2,0,1,0,0,0,1,3,3,3,0,3,0,0,0,3,1,3,0,0,1,3,3,0,0,0,3,3,0,1,3,3,3,3,0,0,2,3,1,0,3,3,0,3,0,0,0,3,3,3,0,0,1,0,1,3,0,0,0,0,0,1,1,3,3,1,0,0,1,1,3,3,3,0,0,0,0,0,1,0,0,0,1,0,0,3,0,0,0,0,0,0,0,1,3,3,0,0,3,3,0,0,1,0,0,1,3,3,1,0,0,0,0,0,1,0,3,0,0,1,1,3,0,0,0,2,3,0,3,0,0,0,3,0,3,0,1,1,0,3,0,3,0,1,3,0,0,3,0,3,0,3,0,3,0,0,3,3
BEN,0,0,0,0,0,0,0,0,0,0,0,0,0,1,0,0,0,0,-1,0,1,0,0,0,0,0,3,0,1,0,0,3,3,1,0,0,0,1,1,0,0,3,0,1,0,0,0,1,3,0,3,0,0,0,0,0,0,1,0,0,0,1,3,0,0,3,0,0,0,3,3,0,3,0,3,0,0,0,3,1,0,0,0,0,0,0,0,0,1,0,0,0,0,1,0,0,1,3,0,0,0,0,1,1,1,3,1,3,0,0,1,3,0,3,0,0,0,0,0,1,0,0,0,1,0,0,1,3,3,0,0,0,0,0,1,0,0,0,0,0,3,0,0,1,0,0,3,0,1,1,0,0,0,3,0,1,3,3,0,0,0,1,3,0,0,0,2,3,0,0,0,0,0,0,0,1,0,1,3,0,0,3,0,0,1,1,0,0,0,0,0,0,0,0,0,0,0,0,0
BTN,0,0,0,0,0,0,0,1,0,0,0,0,0,3,0,0,0,0,0,-1,1,0,0,0,0,0,0,0,1,0,0,1,0,0,0,0,3,1,0,0,0,2,0,1,0,0,0,1,3,0,3,1,0,0,0,0,0,1,0,0,0,1,3,0,0,0,0,0,0,0,1,0,3,0,3,0,0,3,3,1,0,0,0,0,0,0,1,0,1,0,0,1,0,1,0,1,1,0,0,0,0,0,1,1,1,1,1,0,0,0,1,1,0,3,0,0,0,0,0,1,1,0,0,1,0,0,1,0,0,0,0,0,0,0,1,3,3,0,0,0,3,0,0,1,0,0,1,0,1,1,0,0,0,0,0,1,0,3,0,0,0,1,0,0,0,0,2,3,0,0,0,0,0,0,0,1,1,1,1,0,0,0,1,0,1,1,0,0,0,0,0,0,0,0,0,0,0,1,1
BOL,0,0,0,0,0,0,3,1,0,0,1,3,1,1,0,0,0,3,0,0,-1,0,0,3,0,0,0,0,1,0,0,1,0,0,3,0,3,1,0,0,3,2,0,1,0,0,0,1,3,3,3,1,0,0,0,0,0,1,0,0,0,1,3,0,0,0,0,0,0,0,1,1,3,0,3,0,0,2,3,3,0,3,0,0,3,0,1,0,1,0,0,0,0,1,0,0,1,0,0,0,0,0,1,1,1,3,1,0,0,0,1,1,0,3,0,0,0,0,0,1,1,0,0,1,0,0,1,0,0,0,0,0,1,0,1,3,3,0,3,3,3,0,0,3,0,3,1,3,1,1,0,0,0,0,3,1,0,3,0,0,0,1,3,0,0,0,2,3,0,1,0,0,0,0,0,1,0,1,1,0,0,0,3,0,1,1,0,0,0,0,3,0,0,0,3,0,0,1,0
BIH,0,3,0,3,0,0,0,1,0,3,1,3,0,1,0,3,3,0,0,0,1,-1,0,3,0,3,0,0,1,0,0,1,0,0,3,3,3,1,0,0,0,2,3,3,3,3,3,1,3,3,3,0,0,0,0,3,3,1,0,3,3,1,3,3,3,0,3,0,0,0,1,0,3,0,3,3,3,2,3,1,0,0,0,3,1,0,1,0,1,0,0,0,3,1,3,0,1,0,0,3,3,3,3,1,1,3,1,0,3,0,1,1,0,3,3,3,0,3,0,1,1,0,0,1,3,0,0,0,0,0,3,3,1,0,1,3,3,0,0,0,0,3,3,1,3,3,1,0,3,1,3,0,0,0,3,1,0,3,3,3,0,1,0,3,0,3,2,3,0,0,3,3,0,0,0,1,0,1,1,0,3,3,3,0,1,1,3,0,0,0,0,3,0,3,0,1,0,1,1
BWA,0,0,0,0,3,3,0,0,0,0,0,3,0,3,3,0,0,3,3,0,1,0,-1,0,0,0,0,0,1,0,0,1,0,0,0,0,0,1,0,0,0,2,0,1,0,0,0,1,3,3,3,0,0,0,0,0,3,1,3,0,0,1,3,3,0,1,0,3,0,0,1,3,3,0,3,0,0,2,3,1,0,3,3,0,3,0,0,0,3,0,3,0,0,1,0,0,3,0,0,0,0,0,1,1,3,3,1,0,0,0,1,3,0,3,0,0,0,0,0,3,0,3,0,1,0,0,0,0,0,0,3,0,0,0,1,0,3,0,0,0,3,0,0,1,0,0,1,3,3,1,0,0,0,3,0,1,0,3,0,0,0,1,3,0,1,0,2,3,0,0,0,0,0,0,0,3,0,1,1,0,3,0,0,0,1,1,0,0,3,0,0,0,3,0,0,0,0,3,3
BRA,0,3,0,3,1,3,3,3,0,3,1,3,1,0,3,3,3,3,0,0,3,3,3,-1,0,3,1,0,1,0,0,1,0,0,3,0,3,1,0,0,3,2,3,1,3,3,3,1,3,3,3,1,3,0,0,3,3,1,3,3,3,1,0,3,3,0,3,3,3,0,1,3,3,3,3,3,3,2,3,1,0,3,3,3,3,0,1,3,1,0,3,0,1,1,3,1,1,0,0,3,3,3,3,1,1,3,1,0,3,1,1,3,3,3,3,3,3,3,3,1,1,3,0,1,3,3,3,0,0,0,3,3,1,0,1,3,3,1,3,3,3,3,3,3,3,3,1,3,3,1,3,3,0,3,3,1,0,3,3,3,1,1,3,3,0,3,2,3,0,3,3,3,0,0,1,1,3,1,1,1,3,3,3,0,1,1,3,3,3,0,3,3,3,3,3,1,0,1,1
BRN,0,3,0,3,0,3,0,1,2,3,1,3,1,1,3,0,3,3,0,0,1,3,3,0,-1,3,0,0,3,0,2,1,0,0,0,3,3,1,0,0,3,2,3,1,3,3,3,1,3,3,3,1,3,0,0,3,3,1,3,3,3,1,3,3,3,0,3,3,3,0,1,0,3,3,3,3,3,2,3,1,0,3,0,3,3,3,1,0,3,0,3,1,3,3,3,0,3,0,0,3,3,3,3,1,1,3,1,0,3,1,1,3,0,3,3,3,0,3,0,1,3,0,0,1,3,3,3,0,0,0,3,3,1,0,1,3,3,1,0,3,3,3,3,3,3,3,1,3,3,1,3,0,0,1,0,1,0,3,3,3,1,1,0,3,0,3,2,3,0,0,3,3,0,3,1,3,3,1,1,1,3,3,3,0,1,1,3,3,3,2,0,3,3,3,0,3,0,1,1
BGR,0,3,0,3,1,3,3,3,2,3,1,3,1,1,3,3,3,3,0,0,1,3,3,3,3,-1,0,0,1,0,2,3,0,0,3,0,3,1,0,0,3,2,3,1,3,3,3,1,3,3,3,1,3,0,0,3,0,1,3,3,3,1,3,3,3,0,3,3,3,0,1,0,3,3,3,3,3,2,3,1,0,3,3,3,1,3,1,3,1,3,3,1,1,1,3,1,1,0,0,3,3,3,3,1,1,3,1,0,3,3,1,3,3,3,3,3,0,3,3,1,1,0,0,1,3,3,3,0,0,0,3,3,1,0,3,3,3,1,3,3,3,3,3,3,3,0,1,3,3,3,3,3,0,3,3,1,0,3,3,3,3,1,0,3,0,3,2,3,0,0,3,3,0,3,1,1,1,3,1,3,3,3,3,0,3,1,3,3,3,0,3,3,3,3,3,1,0,1,1
BFA,0,0,0,0,0,0,0,0,0,0,0,0,0,3,0,0,0,0,3,0,1,0,0,0,0,0,-1,0,1,0,0,3,3,3,0,0,0,1,1,0,0,3,0,1,0,0,0,1,3,0,3,0,0,0,0,0,0,1,0,0,0,1,3,0,0,3,0,0,0,3,3,0,3,0,3,0,0,0,3,1,0,0,0,0,0,0,0,0,1,0,0,0,0,1,0,0,1,3,0,0,0,0,1,1,0,0,1,3,0,0,1,1,0,3,0,0,0,0,0,1,0,0,0,1,0,0,1,3,3,0,0,0,0,0,1,0,0,0,0,0,3,0,0,1,0,0,1,0,1,1,0,0,0,3,0,1,3,3,0,0,0,1,0,0,0,0,2,3,0,0,0,0,0,1,0,1,0,1,3,0,0,3,0,0,1,1,0,0,0,0,0,0,0,0,0,0,0,0,0
BDI,0,0,0,0,0,0,0,0,0,0,0,0,0,1,0,0,0,0,3,0,1,0,0,0,0,0,0,-1,1,0,0,1,3,0,0,0,0,1,0,3,0,2,0,1,0,0,0,1,3,0,3,0,0,0,0,0,0,1,0,0,0,1,0,0,0,1,0,0,0,0,1,0,3,0,0,0,0,2,3,1,0,0,0,0,0,0,0,0,3,0,0,0,0,0,0,0,1,0,0,0,0,0,1,1,0,0,1,0,0,0,1,3,0,3,0,0,0,0,0,1,0,0,0,1,0,0,1,0,0,0,0,0,0,0,1,0,0,0,0,0,3,0,0,1,0,0,3,0,1,1,0,0,0,3,3,1,0,3,0,0,0,1,0,0,0,0,2,3,0,0,0,0,0,0,0,1,0,1,1,0,0,0,0,0,1,3,0,0,0,0,0,0,0,0,0,0,0,1,1
KHM,0,0,0,0,0,0,0,1,0,0,0,0,0,1,0,0,0,0,0,0,1,0,0,0,3,0,0,0,-1,0,0,1,0,0,0,0,0,1,0,0,0,2,0,1,0,0,0,1,3,0,3,1,0,0,0,0,0,1,0,0,0,1,3,0,0,0,0,0,0,0,1,0,3,0,0,0,0,2,3,1,0,0,0,0,0,0,0,0,1,0,0,1,0,3,0,0,1,0,0,0,0,0,1,1,1,3,1,0,0,1,1,1,0,3,0,0,0,0,0,1,3,0,0,1,0,0,1,0,0,0,0,0,0,0,1,3,3,0,0,0,3,0,0,1,0,0,1,0,1,1,0,0,0,0,0,1,0,3,0,0,0,1,0,0,0,0,2,3,0,0,0,0,0,0,0,1,3,1,1,0,0,0,1,0,1,1,0,0,0,0,0,0,0,0,0,3,0,1,0
CMR,0,0,0,0,0,0,0,0,0,0,0,0,0,1,0,0,0,0,3,0,1,0,0,0,0,0,0,0,1,-1,0,1,3,3,0,0,0,1,3,0,0,2,0,0,0,0,0,1,3,0,3,0,0,0,0,0,0,1,0,0,0,1,0,0,0,1,0,3,0,0,1,0,3,0,0,0,0,2,0,1,0,0,0,0,0,0,0,0,1,0,0,0,0,0,0,0,3,0,0,0,0,0,1,1,0,0,1,3,0,0,1,1,0,3,0,0,0,0,0,1,1,0,0,0,0,0,0,0,3,0,0,0,0,0,1,0,0,0,0,0,3,0,0,1,0,0,1,0,1,1,0,0,0,3,0,1,0,3,0,0,0,1,0,0,0,0,0,3,0,0,0,0,0,0,0,1,0,1,1,0,0,0,0,0,1,1,0,0,0,0,0,0,3,0,0,0,0,0,0
CAN,0,3,0,3,1,3,3,1,2,3,1,3,1,1,3,3,3,3,0,0,3,3,3,0,3,3,1,0,1,0,-1,1,0,0,3,0,3,1,0,0,3,2,3,1,3,3,3,1,3,3,3,1,3,0,0,3,3,1,3,3,3,1,3,3,3,0,3,3,3,0,1,3,3,3,3,3,3,2,3,0,0,3,3,3,3,3,1,3,1,3,3,1,3,1,3,1,3,0,0,3,3,3,3,1,1,3,1,0,3,1,1,3,3,3,3,3,3,3,3,1,1,3,0,1,3,3,3,0,0,0,3,3,1,0,1,3,3,1,1,3,3,3,3,3,3,0,1,3,3,1,3,3,0,3,3,1,0,3,3,3,1,1,3,3,0,3,2,3,0,1,3,3,0,3,1,1,3,1,1,1,3,3,1,0,1,1,3,3,3,3,3,3,3,3,3,1,0,1,1
CPV,0,0,0,0,1,0,0,0,0,0,0,3,0,1,0,0,0,0,3,0,1,0,0,0,0,0,3,0,1,0,0,-1,0,0,0,0,0,1,0,0,0,3,0,1,0,0,0,1,3,0,3,0,0,0,0,0,0,1,0,0,0,1,3,0,0,3,0,0,0,3,3,0,3,0,3,0,0,2,3,1,0,0,0,0,0,0,1,0,1,0,0,0,0,1,0,0,1,3,0,0,0,0,3,1,1,3,1,3,0,1,1,3,0,3,0,0,0,0,0,1,0,0,0,1,0,0,1,3,3,0,0,0,0,0,1,3,3,0,0,0,3,0,0,1,0,0,1,0,1,1,0,3,0,3,0,1,3,3,0,0,0,1,3,0,0,0,2,3,0,0,0,0,0,0,0,1,0,1,3,0,0,3,0,0,1,1,0,0,0,0,0,0,0,0,0,0,0,1,1
CAF,0,0,0,0,0,0,0,0,0,0,0,0,0,1,0,0,0,0,3,0,1,0,0,0,0,0,3,0,1,3,0,1,-1,3,0,0,0,1,3,0,0,3,0,1,0,0,0,1,3,0,3,0,0,0,0,0,0,1,0,0,0,1,0,0,0,1,0,0,0,0,1,0,3,0,0,0,0,0,0,1,0,0,3,0,0,0,0,0,1,0,0,0,0,1,0,0,1,0,0,0,0,0,1,1,0,0,1,0,0,0,1,1,0,3,0,0,0,0,0,1,0,0,0,1,0,0,1,0,0,0,0,0,0,0,1,3,0,0,0,0,3,0,0,1,0,0,3,0,0,1,0,0,0,3,0,1,0,3,0,0,0,1,0,0,0,0,2,3,0,0,0,0,0,0,0,1,0,1,1,0,0,0,0,0,1,1,0,0,0,0,0,0,0,0,0,0,0,0,0
TCD,0,0,0,0,0,0,0,0,0,0,0,0,0,1,0,0,0,0,3,0,1,0,0,0,0,0,1,0,1,3,0,1,3,-1,0,0,0,1,3,0,0,3,0,1,0,0,0,1,3,0,3,0,0,0,0,0,0,1,0,0,0,1,0,0,0,1,0,0,0,0,1,0,3,0,3,0,0,0,3,1,0,0,0,0,0,0,0,0,1,0,0,0,0,1,0,0,1,0,0,0,0,0,1,1,0,3,1,3,0,0,1,3,0,3,0,0,0,0,0,1,0,0,0,1,0,0,1,3,3,0,0,0,0,0,1,0,0,0,0,0,3,0,0,1,0,0,3,0,0,1,0,0,0,1,0,1,0,3,0,0,0,1,0,0,0,0,2,3,0,0,0,0,0,0,0,0,0,1,1,0,0,0,0,0,1,1,0,0,0,0,0,0,0,0,0,0,0,0,0
CHL,0,3,0,3,1,3,3,1,0,3,1,3,1,1,3,3,3,3,0,0,3,3,3,3,0,3,0,0,1,0,2,1,0,0,-1,0,3,1,0,0,3,2,3,1,3,3,3,1,3,3,3,1,3,0,0,3,3,1,3,3,3,1,0,3,3,0,3,3,3,0,1,3,3,3,3,3,3,2,3,1,0,3,3,3,3,3,1,3,1,0,3,0,1,1,3,1,1,0,0,3,3,3,3,1,1,3,1,0,3,1,1,3,3,3,3,3,0,3,3,1,1,0,0,1,3,3,3,0,0,0,3,3,1,0,1,3,3,1,3,3,3,3,3,3,3,3,1,3,3,1,3,0,0,0,3,1,0,3,3,3,1,1,3,3,0,3,2,3,0,1,3,3,0,3,1,1,3,1,1,0,3,3,3,0,1,1,3,3,3,2,3,3,3,3,3,3,0,1,1
CHN,0,0,0,0,1,3,0,1,0,0,1,3,1,1,3,3,0,0,0,0,1,3,0,0,1,0,0,0,1,0,0,1,0,0,0,-1,0,1,0,0,0,2,0,0,0,0,0,1,3,0,3,3,0,3,0,0,0,1,3,0,0,1,0,0,0,0,0,3,0,0,1,0,3,0,0,0,0,2,3,1,0,0,0,0,3,0,1,0,1,0,0,0,0,1,0,1,1,0,0,0,0,0,1,1,1,1,1,0,0,0,1,3,0,3,0,0,0,0,3,1,1,0,0,1,0,0,0,0,0,0,0,0,0,0,1,3,0,0,0,0,0,0,0,3,0,0,1,3,3,1,0,1,0,1,3,1,0,0,0,0,0,1,0,0,0,0,2,0,0,1,0,0,0,0,0,1,1,1,1,1,0,3,1,0,1,1,0,3,0,0,0,1,3,0,0,1,0,0,0
COL,0,3,0,3,0,3,3,1,0,3,1,3,1,1,3,0,3,3,0,0,3,3,0,3,0,3,1,0,1,0,0,1,0,0,3,0,-1,1,0,0,0,2,3,1,3,3,3,1,3,3,3,1,3,0,0,3,0,1,3,3,3,1,0,3,3,0,3,0,3,0,1,3,0,3,3,3,3,2,0,0,0,0,3,3,3,0,0,0,1,0,3,0,0,1,3,0,1,0,0,3,3,3,1,1,0,0,1,0,3,1,1,1,3,3,3,3,0,3,0,1,1,0,0,1,3,0,1,0,0,0,3,3,1,0,1,3,3,0,3,3,3,3,3,3,3,3,1,3,0,1,3,0,0,0,3,1,0,3,3,3,0,1,0,3,0,3,2,3,0,1,3,3,0,1,0,1,0,1,1,0,3,0,3,0,1,1,0,0,0,0,3,0,0,3,3,1,0,1,0
COM,0,0,0,0,0,0,0,0,0,0,0,0,0,1,0,0,0,0,3,0,1,0,0,0,0,0,1,0,1,0,0,1,0,0,0,0,0,-1,0,0,0,2,0,1,0,0,0,1,3,0,3,0,0,0,0,0,0,1,0,0,0,1,0,0,0,1,0,0,0,0,1,0,3,0,3,0,0,2,3,1,0,0,0,0,0,0,0,0,1,0,0,0,0,1,0,1,1,0,0,0,0,0,1,1,3,3,1,0,0,0,1,1,0,3,0,0,0,0,0,1,0,0,0,1,0,0,1,0,0,0,0,0,0,0,1,0,3,0,0,0,3,0,0,1,0,0,1,0,1,1,0,0,0,1,0,1,0,3,0,0,0,1,0,0,0,0,2,3,0,0,0,0,0,0,0,1,0,1,1,0,0,3,0,0,1,3,0,0,0,0,0,0,0,0,0,0,0,1,1
COG,0,0,0,0,0,0,0,0,0,0,0,0,0,1,0,0,0,0,3,0,1,0,0,0,0,0,0,0,1,3,0,1,3,3,0,0,0,1,-1,3,0,3,0,1,0,0,0,1,3,0,3,0,0,0,0,0,0,1,0,0,0,1,0,0,0,1,0,0,0,0,1,0,3,0,0,0,0,0,0,1,0,0,0,0,0,0,0,0,1,0,0,0,0,0,0,0,1,0,0,0,0,0,1,1,1,0,1,0,0,0,1,3,0,3,0,0,0,0,0,1,0,0,0,1,0,0,0,0,0,0,0,0,0,0,1,0,0,0,0,0,3,0,0,1,0,0,1,0,0,1,0,0,0,3,0,1,0,3,0,0,0,1,0,0,0,0,0,3,0,0,0,0,0,0,0,1,0,1,1,0,0,0,0,0,1,1,0,0,0,0,0,0,0,0,0,0,0,1,0
COD,0,0,0,0,0,0,0,0,0,0,0,0,0,1,0,0,0,0,3,0,1,0,0,0,0,0,1,3,1,0,0,1,3,0,0,0,0,1,0,-1,0,2,0,1,0,0,0,1,3,0,3,0,0,0,0,0,0,1,0,0,0,1,0,0,0,1,0,0,0,0,1,0,3,0,0,0,0,0,0,1,0,0,0,0,0,0,0,0,1,0,0,0,0,0,0,0,1,0,0,0,0,0,1,1,0,0,1,0,0,0,1,3,0,3,0,0,0,0,0,1,0,0,0,1,0,0,0,0,0,0,0,0,0,0,1,0,0,0,0,0,3,0,0,1,0,0,3,0,0,1,0,0,0,1,0,1,0,3,0,0,0,1,0,0,0,0,0,3,0,0,0,0,0,0,0,1,0,1,1,0,0,0,0,0,1,1,0,0,0,0,0,0,0,0,0,0,0,1,3
CRI,0,3,0,3,0,0,3,1,0,3,1,3,0,1,3,0,3,3,0,0,3,3,3,3,3,3,0,0,1,0,0,1,0,0,3,0,3,1,0,0,-1,2,3,1,3,3,3,1,3,3,3,1,3,0,0,3,0,1,0,3,3,1,0,3,3,0,3,3,3,0,1,3,3,3,3,3,3,2,3,1,0,3,3,3,3,3,1,0,1,0,3,0,0,1,3,1,1,0,0,3,3,3,1,1,1,3,1,0,3,1,1,1,3,3,3,3,0,3,0,1,1,0,0,1,3,0,3,0,0,0,3,3,0,0,1,3,3,0,3,3,3,3,3,3,3,0,1,3,3,1,3,0,0,1,3,1,0,3,3,3,0,1,3,3,0,3,2,3,0,1,3,3,0,0,0,1,0,1,1,0,3,3,3,0,1,1,0,1,3,0,3,0,0,3,3,0,0,1,1
CIV,0,0,0,0,0,0,0,0,0,0,0,0,0,1,0,0,0,0,3,0,1,0,0,0,0,0,3,0,1,0,0,3,3,3,0,0,0,1,1,0,0,-1,0,1,0,0,0,1,3,0,3,0,0,0,0,0,0,1,0,0,0,1,3,0,0,3,0,0,0,3,3,0,3,0,0,0,0,2,3,1,0,0,0,0,0,0,0,0,1,0,0,0,0,0,0,1,1,3,0,0,0,0,1,1,1,0,1,3,0,0,3,1,0,3,0,0,0,0,3,1,1,0,0,1,0,0,1,3,3,0,0,0,0,0,1,0,0,0,0,0,3,0,0,1,0,0,1,0,1,1,0,0,0,3,0,1,3,3,0,0,0,1,0,0,0,0,0,3,0,0,0,0,0,0,0,1,0,1,3,0,0,3,0,0,1,1,0,0,0,0,0,0,0,0,0,0,0,0,0
HRV,0,3,0,3,1,3,3,3,2,3,1,3,1,1,3,3,3,3,0,0,3,3,3,3,3,3,0,0,1,0,2,3,0,0,3,0,3,1,0,0,3,2,-1,1,3,3,3,1,3,3,3,1,3,0,0,3,3,1,0,3,3,1,3,3,3,0,3,3,3,0,1,0,3,3,3,3,3,2,3,1,0,3,3,3,1,3,1,3,1,3,3,1,3,1,3,1,1,0,0,3,3,3,3,1,1,3,1,0,3,3,1,3,3,3,3,3,0,3,3,1,1,0,0,1,3,3,3,0,0,0,3,3,1,0,3,3,3,1,3,3,3,3,3,3,3,0,1,3,3,3,3,3,0,3,3,1,0,3,3,3,3,1,0,3,0,3,2,3,0,0,3,3,0,3,1,1,0,3,1,3,3,3,1,0,3,1,3,3,3,0,3,3,3,3,3,1,0,1,1
CUB,0,0,0,0,1,3,0,1,0,0,1,0,0,1,3,3,0,0,0,0,1,0,3,0,0,0,1,0,1,0,0,1,0,0,0,0,0,1,0,0,0,2,0,-1,0,0,0,1,3,0,0,1,0,0,0,0,0,1,0,0,0,1,3,0,0,0,0,3,0,3,1,3,0,0,0,0,0,2,3,1,0,0,0,0,0,0,0,0,1,0,0,0,3,1,0,0,1,0,0,0,0,0,1,1,0,3,1,0,0,1,1,1,0,3,0,0,3,3,0,1,0,3,0,1,0,0,0,0,0,0,3,0,0,0,1,3,0,0,0,0,0,0,0,3,0,3,1,3,3,1,0,0,0,0,3,1,0,3,0,0,0,1,0,0,0,0,2,3,0,1,0,0,0,0,1,1,0,1,1,0,3,0,0,0,1,1,0,0,0,0,0,0,3,0,0,1,0,1,1
CYP,0,3,0,3,1,3,3,3,2,3,1,3,1,1,3,3,3,3,0,0,1,3,3,3,3,3,0,0,1,0,2,3,0,0,3,0,3,1,0,0,3,2,3,1,-1,3,3,1,3,3,3,1,3,0,0,3,3,1,3,3,3,1,3,3,3,0,3,3,3,0,1,0,3,3,3,3,3,2,3,1,0,3,3,3,3,3,1,3,3,3,3,1,1,1,3,1,1,0,0,3,3,3,3,1,1,3,1,0,3,3,1,3,3,3,3,3,0,3,3,1,1,0,0,1,3,3,3,0,0,0,3,3,1,0,3,3,3,1,3,3,3,3,3,3,3,0,1,3,3,3,3,3,0,3,3,1,0,3,3,3,3,1,3,3,0,3,2,3,0,0,3,3,0,3,1,3,1,3,1,3,3,0,1,0,3,3,3,3,3,0,3,3,3,3,3,1,0,3,3
CZE,0,3,0,3,1,3,3,3,2,3,1,3,1,1,3,3,3,3,0,0,3,3,3,3,3,3,1,0,1,0,2,3,0,0,3,0,3,1,0,0,3,2,3,1,3,-1,3,1,3,3,3,1,3,0,0,3,3,1,3,3,3,1,3,3,3,0,3,3,3,0,1,0,3,3,3,3,3,2,3,1,0,3,3,3,3,3,1,3,1,3,3,1,3,1,3,1,3,0,0,3,3,3,3,1,1,3,1,0,3,3,1,3,3,3,3,3,0,3,3,1,1,0,0,1,3,3,3,0,0,0,3,3,1,0,3,3,3,1,3,3,3,3,3,3,3,0,1,3,3,3,3,3,0,3,3,1,0,3,3,3,3,1,3,3,0,3,2,3,0,1,3,3,0,3,1,1,3,3,1,3,3,3,3,0,3,1,3,3,3,2,3,3,3,3,3,1,0,1,1
DNK,0,3,0,3,1,3,3,3,2,3,1,3,1,1,3,3,3,3,0,0,3,3,3,3,3,3,1,0,1,0,2,3,0,0,3,0,3,1,0,0,3,2,3,1,3,3,-1,1,3,3,3,1,3,0,0,3,3,1,3,3,3,1,3,3,3,0,3,3,3,0,1,3,3,3,3,3,3,2,3,1,0,3,3,3,3,3,1,3,1,3,3,1,3,1,3,1,3,0,0,3,3,3,3,1,1,3,1,0,3,3,1,3,3,3,3,3,0,3,3,1,1,3,0,1,3,3,3,0,0,0,3,3,1,0,3,3,3,1,3,3,3,3,3,3,3,0,1,3,3,3,3,3,0,3,3,1,0,3,3,3,3,1,3,3,0,3,2,3,0,1,3,3,0,3,1,1,3,3,1,3,3,3,3,0,3,1,3,3,3,2,3,3,3,3,3,3,0,1,1
DJI,0,0,0,0,0,0,0,0,0,0,1,0,0,1,0,0,0,0,3,0,1,0,0,0,0,0,1,0,1,0,0,1,0,0,0,0,0,1,0,0,0,2,0,1,0,0,0,-1,3,0,3,0,0,0,0,0,0,3,0,0,0,1,0,0,0,1,0,0,0,0,1,0,3,0,3,0,0,2,0,1,0,0,0,0,0,0,0,0,1,0,0,0,0,1,0,1,1,0,0,0,0,0,1,1,0,0,1,0,0,0,1,1,0,3,0,0,0,0,0,1,0,0,0,1,0,0,1,0,0,0,0,0,0,0,1,0,0,0,0,0,3,0,0,1,0,0,1,0,1,1,0,0,0,3,0,1,0,3,0,0,0,1,0,0,0,0,2,3,0,0,0,0,0,0,0,0,0,1,1,0,0,0,0,0,1,1,0,0,0,0,0,0,0,0,0,0,0,1,0
DMA,0,0,0,3,0,3,0,1,0,3,0,3,0,1,3,3,3,3,0,0,1,3,3,3,0,3,0,0,1,0,0,1,0,0,0,0,3,1,0,0,3,2,3,3,3,3,3,1,-1,3,3,1,0,0,0,3,3,1,3,3,3,1,3,0,3,0,3,3,0,0,1,3,3,0,3,3,3,2,3,1,0,3,3,3,3,0,1,0,3,0,3,0,0,1,3,0,3,0,0,3,3,3,3,1,3,3,1,0,3,0,1,3,0,3,3,3,0,3,0,1,0,0,0,1,3,0,1,0,0,0,0,3,0,0,1,3,3,0,0,3,3,3,3,1,3,3,1,3,3,1,3,0,0,0,3,1,0,3,3,3,1,1,0,3,0,3,2,3,0,3,3,3,0,1,0,3,0,1,1,1,3,0,1,0,1,1,0,0,3,0,3,0,3,3,3,0,0,3,0
DOM,0,0,0,0,0,0,0,1,0,0,0,0,0,1,0,0,0,3,0,0,1,0,3,0,0,0,0,0,1,0,0,1,0,0,0,0,3,1,0,0,0,2,0,1,0,0,0,1,0,-1,3,1,3,0,0,0,0,1,0,0,0,1,3,3,0,0,0,3,3,0,1,3,0,0,3,0,0,2,3,1,0,0,3,0,0,3,1,0,1,0,0,0,0,1,0,1,1,0,0,0,0,0,1,1,1,3,1,0,0,0,1,1,0,3,0,0,0,0,0,1,0,0,0,1,0,0,1,0,0,0,0,0,0,0,1,3,0,0,0,3,3,0,0,3,0,0,1,0,0,1,0,0,0,1,0,1,0,3,0,0,1,1,0,3,0,0,2,0,0,1,0,0,0,3,0,1,0,1,1,0,3,0,1,0,1,1,0,0,0,0,0,0,0,0,0,0,0,1,1
ECU,0,0,0,0,0,0,3,1,0,0,1,3,1,1,0,3,0,3,0,0,3,0,0,3,0,0,0,0,1,0,0,1,0,0,3,3,3,1,0,0,0,2,0,1,0,0,0,1,3,3,-1,1,3,0,0,0,0,1,0,0,0,1,3,3,0,0,0,0,0,0,1,3,3,3,3,0,0,2,3,1,0,0,3,0,3,0,1,3,1,0,0,0,0,1,0,0,1,0,0,0,0,0,1,1,1,3,1,0,0,0,1,1,3,3,3,0,0,3,0,1,1,0,0,1,0,0,3,0,0,0,0,0,1,0,1,3,3,1,3,3,3,0,0,3,0,3,1,3,1,1,0,0,0,0,0,1,0,3,0,0,0,1,3,3,0,0,2,3,0,1,0,0,0,1,0,1,0,1,1,0,3,0,3,0,1,1,0,0,0,0,3,0,0,0,3,0,0,1,1
EGY,0,0,0,0,0,0,0,0,0,0,0,0,0,0,0,0,0,0,3,0,1,0,0,0,0,0,1,0,1,0,0,1,0,0,0,0,0,1,0,0,0,2,0,1,0,0,0,1,3,0,3,-1,0,0,0,0,0,1,0,0,0,1,0,0,0,1,0,0,0,3,1,0,3,0,3,0,0,0,3,3,0,0,0,0,0,0,3,0,1,0,0,0,0,1,0,1,1,0,0,0,0,0,3,1,0,3,1,0,0,1,1,3,0,3,0,0,0,0,0,1,1,0,0,1,0,0,1,0,0,0,0,0,0,0,1,3,0,0,0,0,0,0,0,1,0,0,1,3,0,1,0,0,0,1,0,1,0,0,0,0,0,1,0,0,0,0,0,3,0,0,0,0,0,0,1,1,0,1,1,0,0,0,0,0,1,1,0,0,0,0,0,0,0,0,0,0,1,0,1
SLV,0,3,0,3,0,0,3,1,0,3,0,3,0,1,3,3,3,3,0,0,1,3,0,3,0,3,0,0,1,0,0,1,0,0,3,0,3,1,0,0,3,2,3,1,3,3,3,1,3,3,3,0,-1,0,0,3,0,1,0,3,3,1,0,3,3,0,3,0,3,0,1,0,3,3,3,3,3,2,3,1,0,3,3,3,3,3,1,0,1,0,3,0,0,1,3,0,1,0,0,3,3,3,1,1,1,3,1,0,3,0,1,1,0,3,3,3,0,3,0,1,0,0,0,1,3,0,3,0,0,0,3,3,0,0,1,3,3,0,3,0,3,3,3,1,3,3,1,3,1,1,3,0,0,1,0,1,0,3,3,3,0,1,0,3,0,3,2,3,0,1,3,3,0,0,0,1,0,1,1,0,3,0,3,0,1,1,0,1,3,0,3,0,0,3,0,0,0,1,1
GNQ,0,0,0,0,0,0,0,0,0,0,0,0,0,1,0,0,0,0,3,0,1,0,0,0,0,0,0,0,1,3,0,1,3,3,0,0,0,1,3,0,0,2,0,1,0,0,0,1,3,0,3,0,0,-1,0,0,0,1,0,0,0,1,0,0,0,1,0,0,0,0,1,0,3,0,3,0,0,0,0,1,0,0,0,0,0,0,0,0,1,0,0,0,0,1,0,0,1,0,0,0,0,0,1,1,1,0,1,0,0,0,1,1,0,3,0,0,0,0,0,1,0,0,0,1,0,0,1,0,0,0,0,0,0,0,1,3,0,0,0,0,3,0,0,1,0,0,1,0,1,1,0,3,0,1,0,1,0,3,0,0,0,1,0,0,0,0,2,3,0,0,0,0,0,0,0,0,0,1,1,0,0,3,0,0,1,1,0,0,0,0,0,0,0,0,0,0,0,0,1
ERI,0,0,0,0,0,0,0,0,0,0,0,0,0,1,0,0,0,0,3,0,1,0,0,0,0,0,1,0,1,0,0,1,0,0,0,0,0,1,0,0,0,2,0,0,0,0,0,1,3,0,0,0,0,0,-1,0,0,1,0,0,0,1,0,0,0,1,0,0,0,0,1,0,3,0,0,0,0,2,0,1,0,0,0,0,0,0,0,0,0,0,0,0,0,1,0,0,1,0,0,0,0,0,1,1,0,0,1,0,0,0,1,1,0,3,0,0,0,0,0,1,1,0,0,1,0,0,0,0,0,0,0,0,0,0,1,0,0,0,0,0,3,0,0,1,0,0,1,0,0,1,0,0,0,0,0,1,0,3,0,0,0,1,0,0,0,0,2,3,0,0,0,0,0,0,0,0,0,1,1,0,0,0,0,0,1,3,0,0,0,0,0,0,0,0,0,0,0,1,0
EST,0,3,0,3,1,3,3,3,2,3,1,3,1,1,3,3,3,3,0,0,3,3,3,3,3,3,1,0,1,0,2,3,0,0,3,0,3,1,0,0,3,2,3,1,3,3,3,1,3,3,3,1,3,0,0,-1,3,1,3,3,3,1,0,3,3,0,3,3,3,0,1,0,3,3,3,3,3,2,3,1,0,3,3,3,3,3,1,3,1,3,3,1,3,1,3,1,1,0,0,3,3,3,3,1,1,3,1,0,3,3,1,3,3,3,3,3,0,3,3,1,1,0,0,1,3,3,3,0,0,0,3,3,1,0,3,3,3,1,3,3,3,3,3,3,3,0,1,3,3,3,3,3,0,3,3,1,0,3,3,3,3,1,0,3,0,3,2,3,0,1,3,3,0,3,1,1,3,3,1,3,3,3,3,0,3,1,3,3,3,2,3,3,3,3,3,1,0,1,1
SWZ,0,0,0,0,1,3,0,0,0,0,0,3,0,1,3,0,0,3,3,0,1,0,3,0,0,0,0,0,1,0,0,1,0,0,0,0,0,1,0,0,0,2,0,1,0,0,0,1,3,0,3,0,0,0,0,0,-1,1,3,0,0,1,3,0,0,3,0,3,0,0,1,3,3,0,3,0,0,2,3,1,0,3,3,0,3,0,1,0,3,0,3,1,0,0,0,0,3,0,0,0,0,0,1,1,3,3,1,0,0,0,1,3,0,3,0,0,0,0,0,3,0,3,0,0,0,0,1,0,0,0,0,0,0,0,1,3,0,0,0,0,3,0,0,1,0,0,1,3,3,1,0,0,0,1,0,1,0,3,0,0,0,1,3,3,0,0,2,3,0,0,0,0,0,1,0,3,0,1,1,0,3,0,0,0,1,3,0,0,0,0,0,0,3,0,0,0,0,3,3
ETH,0,0,0,0,0,0,0,0,0,0,0,0,0,1,0,0,0,0,3,0,1,0,0,0,0,0,0,0,1,0,0,1,0,0,0,0,0,1,0,0,0,2,0,0,0,0,0,1,3,0,0,0,0,0,1,0,0,-1,0,0,0,1,0,0,0,1,0,0,0,0,1,0,3,0,0,0,0,0,0,1,0,0,0,0,0,0,0,0,3,0,0,0,0,1,0,0,1,0,0,0,0,0,1,1,0,0,1,0,0,0,1,1,0,3,0,0,0,0,0,1,0,0,0,0,0,0,1,0,0,0,0,0,0,0,1,0,0,0,0,0,3,0,0,1,0,0,1,0,1,1,0,0,0,1,0,1,0,3,0,0,0,1,0,0,0,0,2,3,0,0,0,0,0,0,0,0,1,1,1,0,0,0,0,0,1,1,0,0,0,0,0,0,0,0,0,0,0,0,1
FJI,0,0,0,0,0,3,3,1,0,0,0,3,0,3,3,0,0,3,0,0,1,0,0,3,0,0,0,0,1,0,0,1,0,0,3,3,3,1,0,0,3,2,0,1,0,0,0,1,3,3,3,1,3,0,0,0,0,1,-1,0,0,1,3,0,0,0,0,0,3,0,1,0,3,0,3,0,0,2,3,1,0,3,3,0,3,0,1,0,3,3,3,0,0,1,0,0,3,0,0,0,0,0,1,1,3,3,1,0,0,1,1,3,0,3,0,0,0,0,0,1,1,0,1,1,0,0,3,0,0,0,0,0,0,0,1,3,3,1,0,3,3,0,0,1,0,3,1,3,3,1,0,0,0,1,0,1,0,3,0,0,1,1,0,3,0,0,2,3,0,0,0,0,0,0,0,1,1,1,1,1,0,3,1,0,1,3,0,0,0,0,0,0,3,0,0,1,0,3,3
FIN,0,3,0,3,1,3,3,3,2,3,1,3,1,1,3,3,3,3,0,0,3,3,3,3,3,3,1,0,1,0,2,3,0,0,3,0,3,1,0,0,3,2,3,1,3,3,3,1,3,3,3,1,3,0,0,3,3,1,3,-1,3,1,3,3,3,0,3,3,3,0,1,3,3,3,3,3,3,2,3,1,0,3,3,3,3,3,1,3,1,3,3,1,3,1,3,1,3,0,0,3,3,3,3,1,1,3,1,0,3,3,1,3,3,3,3,3,0,3,3,1,1,3,0,1,3,3,3,0,0,0,3,3,1,0,3,3,3,1,3,3,3,3,3,3,3,0,1,3,3,3,3,3,0,3,3,1,0,3,3,3,3,1,3,3,0,3,2,3,0,1,3,3,0,3,1,1,3,3,1,3,3,3,3,0,3,1,3,3,3,2,3,3,3,3,3,3,0,1,1
FRA,0,3,0,3,1,3,3,3,2,3,1,3,1,1,3,3,3,3,0,0,3,3,3,3,3,3,1,0,1,0,2,3,0,0,3,0,3,1,0,0,3,2,3,1,3,3,3,1,3,3,3,1,3,0,0,3,3,1,3,3,-1,1,1,3,3,0,3,3,3,0,1,3,3,3,3,3,3,2,3,1,0,3,3,3,3,3,1,3,1,3,3,1,3,1,3,1,3,0,0,3,3,3,3,1,1,3,1,0,3,3,1,3,3,3,3,3,0,3,3,1,1,3,0,1,3,3,3,0,0,0,3,3,1,0,3,3,3,1,3,3,3,3,3,3,3,0,1,3,3,3,3,3,0,3,3,1,0,3,3,3,3,1,3,3,0,3,2,3,0,1,3,3,0,3,1,1,3,3,1,3,3,3,3,0,3,1,3,3,3,2,3,3,3,3,3,3,0,1,1
GAB,0,0,0,0,0,0,0,0,0,0,0,0,0,3,0,0,0,0,3,0,1,0,0,0,0,0,0,0,1,3,0,1,3,3,0,0,0,1,3,0,0,2,0,1,0,0,0,1,3,0,3,0,0,0,0,0,0,1,0,0,0,-1,0,0,0,1,0,0,0,0,1,0,3,0,3,0,0,2,3,1,0,0,0,0,0,0,0,0,1,0,0,0,0,1,0,0,1,0,0,0,0,0,1,1,1,3,1,0,0,0,1,3,0,3,0,0,0,0,3,1,0,0,0,1,0,0,1,0,0,0,0,0,0,0,1,0,3,0,0,0,3,0,0,1,0,0,1,0,1,1,0,3,0,1,0,1,0,3,0,0,0,1,3,0,0,0,0,3,0,0,0,0,0,0,0,1,0,1,1,0,0,3,0,0,1,1,0,0,0,0,0,0,0,0,0,0,0,0,0
GMB,0,0,0,0,0,0,0,0,0,0,0,3,0,3,3,0,0,3,3,0,1,0,3,0,0,0,3,0,1,0,0,3,0,0,0,0,0,1,0,0,0,3,0,1,0,0,0,1,3,0,3,0,0,0,0,0,3,1,3,0,0,1,-1,0,0,3,0,3,0,3,3,0,3,0,0,0,0,2,3,1,0,0,0,0,3,0,0,0,3,0,0,0,0,1,0,0,3,3,0,0,0,0,1,1,3,3,1,3,0,0,3,3,0,3,0,0,0,0,0,1,0,0,0,1,0,0,1,3,3,0,0,0,0,0,1,0,0,0,0,0,3,0,0,1,0,0,1,3,1,1,0,0,0,3,0,1,3,3,0,0,0,1,0,0,0,0,2,3,0,0,0,0,0,0,0,3,0,1,3,0,3,3,0,0,1,3,0,0,0,0,0,0,3,0,0,0,0,0,0
GEO,0,3,0,3,0,3,3,3,0,3,3,3,1,1,3,3,3,0,0,0,1,3,0,3,0,3,0,0,1,0,0,1,0,0,3,0,3,1,0,0,0,2,3,1,3,3,3,1,3,0,3,1,0,0,0,3,0,1,0,3,3,1,0,-1,3,0,3,0,0,0,1,0,3,0,0,3,3,2,3,3,0,0,3,3,1,0,1,3,1,0,0,1,3,1,3,1,1,0,0,3,3,3,1,1,1,3,1,0,3,1,1,3,0,3,3,3,0,3,0,1,1,0,0,1,3,0,1,0,0,0,0,3,1,0,1,3,3,0,0,0,0,3,3,3,3,0,1,0,3,1,3,0,0,0,3,1,0,0,3,3,0,1,0,0,0,3,2,3,0,0,3,3,0,0,3,0,0,1,1,0,0,0,3,3,1,1,3,0,0,0,3,3,0,3,0,1,0,1,1
DEU,0,3,0,3,1,3,3,3,2,3,1,3,1,1,3,3,3,3,0,0,3,3,3,3,3,3,1,0,1,0,2,3,0,0,3,0,3,1,0,0,3,2,3,1,3,3,3,1,3,3,3,1,3,0,0,3,3,1,3,3,3,1,3,3,-1,0,3,3,3,0,1,3,3,3,3,3,3,2,3,1,0,3,3,3,3,3,1,3,1,3,3,1,3,1,3,1,3,0,0,3,3,3,3,1,1,3,1,0,3,3,1,3,3,3,3,3,3,3,3,1,1,3,0,1,3,3,3,0,0,0,3,3,1,0,3,3,3,1,3,3,3,3,3,3,3,0,1,3,3,3,3,3,0,3,3,1,0,3,3,3,3,1,3,3,0,3,2,3,0,1,3,3,0,3,1,1,3,3,1,3,3,3,3,0,3,1,3,3,3,2,3,3,3,3,3,3,0,1,1
GHA,0,0,0,0,0,0,0,0,0,0,0,0,0,3,3,0,0,3,3,0,1,0,0,0,0,0,3,0,1,0,0,3,0,0,0,0,0,1,0,0,0,3,0,0,0,0,0,1,3,0,3,0,0,0,0,0,3,1,3,0,0,1,3,0,0,-1,0,3,0,3,3,0,3,0,0,0,0,2,3,1,0,0,0,0,3,0,1,0,3,0,0,0,0,0,0,1,1,3,0,0,0,0,1,1,0,0,1,3,0,0,1,3,0,3,0,0,0,0,0,1,1,0,0,0,0,0,1,3,3,0,0,0,0,0,1,0,0,0,0,0,3,0,0,1,0,0,3,3,1,1,0,0,0,3,0,1,3,3,0,0,0,1,0,0,0,0,0,3,0,0,0,0,0,0,0,3,0,1,3,0,3,0,0,0,1,3,0,0,0,0,0,0,3,0,0,0,0,1,3
GRC,0,3,0,3,1,3,3,3,2,3,1,3,1,1,3,3,3,3,0,0,3,3,3,3,3,3,1,0,1,0,2,3,0,0,3,0,3,1,0,0,3,2,3,1,3,3,3,1,3,3,3,1,3,0,0,3,3,1,3,3,3,1,3,3,3,0,-1,3,3,0,1,3,3,3,3,3,3,2,3,1,0,3,3,3,3,3,1,3,1,3,3,1,3,1,3,1,1,0,0,3,3,3,3,1,1,3,1,0,3,3,1,3,3,3,3,3,0,3,3,1,1,0,0,1,3,3,3,0,0,0,3,3,1,0,3,3,3,1,3,3,3,3,3,3,3,0,1,3,3,3,3,3,0,3,3,1,0,3,3,3,3,1,3,3,0,3,2,3,0,1,3,3,0,3,1,1,3,3,1,3,3,3,3,0,3,1,3,3,3,2,3,3,3,3,3,1,0,1,1
GRD,0,0,0,3,0,3,3,1,0,3,0,3,0,3,3,0,3,3,0,0,1,3,3,3,0,3,0,0,1,0,0,1,0,0,3,3,3,1,0,0,3,2,3,3,3,3,3,1,3,3,3,1,0,0,0,3,3,1,3,3,3,1,3,0,3,0,3,-1,0,0,1,3,3,0,3,3,3,2,3,1,0,3,3,3,3,0,1,0,3,3,3,0,0,1,3,0,3,0,0,3,3,3,3,1,3,3,1,0,3,0,1,3,0,3,3,3,0,3,0,1,0,0,0,1,3,0,1,0,0,0,0,3,0,0,1,3,3,0,0,3,3,3,3,1,3,3,1,3,3,1,3,0,0,1,3,1,0,3,3,3,1,1,0,3,0,3,2,3,0,3,3,3,0,0,0,3,0,1,1,0,3,0,1,0,1,3,0,0,3,0,3,0,3,3,3,0,0,3,3
GTM,0,3,0,3,0,0,3,1,0,3,1,3,0,1,0,0,3,3,0,0,1,3,0,3,0,3,0,0,1,0,0,1,0,0,3,0,3,1,0,0,3,2,3,1,3,3,3,1,3,3,3,0,3,0,0,3,0,1,0,3,3,1,0,0,3,0,3,0,-1,0,1,0,3,3,3,3,3,2,3,1,0,3,3,3,3,3,1,0,1,0,3,0,0,1,3,0,1,0,0,3,3,3,1,1,1,3,1,0,3,1,1,1,0,3,3,3,0,3,0,1,1,0,0,1,3,0,3,0,0,0,3,3,0,0,1,3,3,0,3,3,3,3,3,1,3,3,1,3,1,1,3,0,0,1,0,1,0,3,3,3,0,1,0,3,0,3,2,3,0,1,3,3,0,3,0,1,0,1,1,0,3,0,3,0,1,1,0,0,3,0,3,0,0,3,3,0,0,1,1
GIN,0,0,0,0,0,0,0,0,0,0,0,0,0,3,0,0,0,0,3,0,1,0,0,0,0,0,3,0,1,0,0,3,0,0,0,0,0,1,0,0,0,3,0,0,0,0,0,1,3,0,3,1,0,0,0,0,0,1,0,0,0,1,3,0,0,3,0,0,0,-1,3,0,3,0,3,0,0,2,0,1,0,0,0,0,0,0,0,0,1,0,0,0,0,1,0,0,1,3,0,0,0,0,1,1,1,3,1,3,0,0,1,1,0,3,0,0,0,0,0,1,1,0,0,1,0,0,1,3,3,0,0,0,0,0,1,0,0,0,0,0,3,0,0,1,0,0,3,0,1,1,0,0,0,3,0,1,3,3,0,0,0,1,0,0,0,0,0,3,0,0,0,0,0,0,0,1,0,1,3,0,0,3,0,0,1,1,0,0,0,0,0,0,0,0,0,0,0,0,0
GNB,0,0,0,0,0,0,0,0,0,0,0,0,0,3,0,0,0,0,3,0,1,0,0,0,0,0,3,0,1,0,0,3,0,0,0,0,0,1,0,0,0,3,0,1,0,0,0,1,3,0,3,0,0,0,0,0,0,1,0,0,0,1,3,0,0,3,0,0,0,3,-1,0,3,0,0,0,0,0,0,1,0,0,0,0,0,0,0,0,1,0,0,0,0,0,0,0,1,3,0,0,0,0,1,1,1,0,1,3,0,0,1,1,0,3,0,0,0,0,0,1,0,0,0,1,0,0,1,3,3,0,0,0,0,0,1,0,0,0,0,0,3,0,0,1,0,0,1,0,1,1,0,3,0,3,3,1,3,3,0,0,0,1,0,0,0,0,0,3,0,0,0,0,0,0,0,1,0,1,3,0,0,3,0,0,1,1,0,0,0,0,0,0,0,0,0,0,0,0,0
GUY,0,0,0,0,0,3,3,1,0,0,0,3,1,1,3,0,0,3,0,0,1,0,3,3,0,0,0,0,1,0,0,1,0,0,3,0,3,1,0,0,3,2,0,1,0,0,0,1,3,3,3,1,0,0,0,0,3,1,3,0,0,1,3,0,0,0,0,3,0,0,1,-1,3,0,3,0,0,2,3,1,0,3,0,0,3,0,1,0,1,0,3,0,0,1,0,0,3,0,0,0,0,0,1,1,1,3,1,0,0,0,1,3,0,3,0,0,0,0,0,1,0,0,0,1,0,0,1,0,0,0,0,0,0,0,1,3,3,0,0,3,3,0,0,3,0,3,1,3,3,1,0,0,0,0,0,1,0,3,0,0,1,1,3,3,0,0,2,3,0,3,0,0,0,0,0,3,0,1,1,0,3,0,1,0,1,1,0,0,0,0,3,0,3,0,0,0,0,1,1
HTI,0,0,0,0,0,0,0,1,0,0,0,0,0,1,3,0,0,0,3,0,1,0,0,0,0,0,0,0,1,0,0,1,0,0,0,0,0,1,0,0,0,2,0,1,0,0,0,1,3,0,3,1,0,0,0,0,0,1,0,0,0,1,3,0,0,0,0,0,0,0,1,3,-1,0,3,0,0,2,3,1,0,0,3,0,0,0,1,0,1,0,0,0,0,1,0,0,1,0,0,0,0,0,1,1,1,3,1,0,0,0,1,1,0,3,0,0,0,0,0,1,0,0,0,1,0,0,0,0,0,0,0,0,0,0,1,3,0,0,0,0,3,0,0,1,0,0,3,0,0,1,0,0,0,1,0,1,0,3,0,0,0,1,0,3,0,0,2,3,0,1,0,0,0,3,0,1,0,1,1,0,0,0,1,0,1,1,0,0,0,0,0,0,0,0,0,0,0,1,1
HND,0,3,0,3,0,0,3,1,0,3,1,3,0,1,0,0,3,3,0,0,1,3,0,3,0,3,0,0,1,0,0,1,0,0,3,0,3,1,0,0,3,2,3,1,3,3,3,1,3,3,3,0,3,0,0,3,0,1,0,3,3,1,3,3,3,0,3,0,3,0,1,0,3,-1,3,3,3,2,3,1,0,3,3,3,0,3,1,0,1,0,3,0,0,1,3,0,1,0,0,3,3,3,1,1,1,3,1,0,3,0,1,1,0,3,3,3,0,3,0,1,0,0,0,1,3,0,3,0,0,0,3,3,0,0,1,3,3,0,3,3,3,3,3,1,3,3,1,3,1,1,3,0,0,1,0,1,0,3,3,3,0,1,0,3,0,3,2,3,0,1,3,3,0,3,0,1,0,1,1,0,3,3,3,0,1,1,0,3,3,0,3,0,0,3,0,0,0,1,1
HKG,0,3,0,3,0,3,3,1,2,3,1,3,1,0,3,3,3,3,3,0,1,3,3,3,3,3,1,0,1,0,2,3,0,0,3,0,3,1,0,0,0,2,3,1,3,3,3,1,3,3,3,3,0,0,0,3,0,1,3,3,3,1,0,0,3,0,3,3,0,0,1,3,3,0,-1,3,3,2,3,1,0,3,3,3,3,3,1,3,1,3,3,1,0,1,3,1,3,0,0,3,3,3,3,1,3,3,1,0,3,0,1,3,3,3,3,3,3,3,3,1,3,3,0,1,3,3,3,3,0,0,3,3,1,0,1,3,3,1,0,3,3,3,3,3,3,3,1,3,3,1,3,0,0,0,3,1,0,3,3,3,0,1,3,3,0,3,2,3,0,3,3,3,0,1,0,3,3,1,1,1,3,3,3,0,1,3,3,3,3,0,3,1,3,3,3,1,3,3,3
HUN,0,3,0,3,1,3,3,3,2,3,1,3,1,1,3,3,3,3,0,0,3,3,3,3,3,3,1,0,1,0,2,3,0,0,3,0,3,1,0,0,3,2,3,1,3,3,3,1,3,3,3,1,3,0,0,3,3,1,3,3,3,1,3,3,3,0,3,3,3,0,1,0,3,3,3,-1,3,2,3,1,0,3,3,3,3,3,1,3,1,3,3,1,3,1,3,1,1,0,0,3,3,3,3,1,1,3,1,0,3,3,1,3,3,3,3,3,0,3,3,1,1,0,0,1,3,3,3,0,0,0,3,3,1,0,3,3,3,1,3,3,3,3,3,3,3,0,1,3,3,3,3,3,0,3,3,1,0,3,3,3,3,1,3,3,0,3,2,3,0,1,3,3,0,3,1,1,3,3,1,3,3,3,3,0,3,1,3,3,3,2,3,3,3,3,3,1,0,1,1
ISL,0,3,0,3,1,3,3,3,2,3,1,3,1,1,3,3,3,3,0,0,3,3,3,3,3,3,1,0,1,0,2,3,0,0,3,0,3,1,0,0,3,2,3,1,3,3,3,1,3,3,3,1,3,0,0,3,0,1,3,3,3,1,3,3,3,0,3,3,3,0,1,0,3,3,3,3,-1,2,3,1,0,3,3,3,3,3,1,3,1,3,3,1,3,1,3,1,3,0,0,3,3,3,3,1,1,3,1,0,3,1,1,3,3,3,3,3,0,3,3,1,1,3,0,1,3,3,3,0,0,0,3,3,1,0,1,3,3,1,3,3,3,3,3,3,3,0,1,3,3,1,3,3,0,1,3,1,0,3,3,3,3,1,3,3,0,3,2,3,0,1,3,3,0,3,1,1,3,3,1,3,3,3,3,0,3,1,3,3,3,2,3,3,3,3,3,1,0,1,1
IND,0,0,0,0,1,0,0,1,0,0,1,0,0,0,0,0,0,0,0,3,1,0,0,0,0,0,0,0,1,0,0,1,0,0,0,0,0,1,0,0,0,2,0,0,0,0,0,1,3,0,3,0,3,0,0,0,0,1,3,0,0,1,0,0,0,0,0,3,0,0,1,0,3,0,2,0,0,-1,3,1,0,0,0,0,3,0,1,0,1,0,0,0,0,1,0,0,1,0,0,0,0,0,3,1,0,1,1,0,0,1,1,3,0,3,0,0,0,0,0,1,1,0,0,3,0,0,0,0,0,0,0,0,0,0,1,3,0,0,0,0,0,0,0,3,0,0,1,3,1,1,0,0,0,3,3,1,0,0,0,0,0,1,0,0,0,0,2,3,0,1,0,0,0,0,0,1,1,1,1,0,3,3,0,0,1,1,0,0,0,0,0,1,3,0,0,1,0,0,1
IDN,0,0,0,0,1,0,0,1,0,0,1,0,0,0,0,3,0,0,0,0,1,0,0,3,3,0,0,0,3,0,0,1,0,0,3,0,3,1,0,0,0,2,0,1,0,0,0,1,3,0,3,0,0,0,0,0,0,1,3,0,0,1,3,0,0,0,0,0,0,0,1,3,3,0,3,0,0,2,-1,1,0,0,0,0,0,3,1,0,1,0,0,0,1,3,0,0,1,0,0,0,0,0,3,1,1,3,1,3,0,1,1,1,0,3,0,0,0,0,3,1,3,0,0,1,0,0,1,0,0,0,0,0,1,0,1,3,0,1,0,3,3,0,0,3,0,0,3,0,0,1,0,0,0,0,3,1,0,3,0,0,0,1,0,0,0,0,2,3,0,1,0,0,0,0,1,1,3,1,1,0,0,0,1,0,1,1,0,0,0,0,0,3,0,0,0,3,0,0,1
IRN,0,0,0,0,0,0,0,3,0,0,1,0,0,0,0,0,0,0,0,0,1,0,0,0,0,0,0,0,1,0,0,1,0,0,0,0,0,1,0,0,0,2,0,0,0,0,0,1,3,0,3,0,0,0,0,0,0,1,0,0,0,1,0,3,0,0,0,0,0,0,1,0,3,0,0,0,0,2,0,-1,0,0,0,0,0,0,0,0,1,0,0,0,0,0,0,1,1,0,0,0,0,0,1,1,0,3,1,0,0,0,1,0,0,3,0,0,0,0,0,1,0,0,0,1,0,0,0,0,0,0,0,0,1,0,1,0,0,0,0,0,0,0,0,1,0,0,1,0,0,1,0,0,0,0,0,1,0,0,0,0,0,1,0,0,0,0,2,0,0,0,0,0,0,0,0,0,0,1,1,0,0,0,3,0,1,1,0,0,0,0,0,0,0,0,3,0,0,0,1
IRQ,0,0,0,0,0,0,0,0,0,0,0,0,0,0,0,0,0,0,0,0,1,0,0,0,0,0,0,0,1,0,0,1,0,0,0,0,0,1,0,0,0,2,0,0,0,0,0,1,3,0,3,0,0,0,0,0,0,1,0,0,0,1,0,0,0,0,0,0,0,0,1,0,3,0,0,0,0,0,0,0,-1,0,0,0,0,0,0,0,0,0,0,0,0,0,0,1,1,0,0,0,0,0,1,1,0,3,1,0,0,0,1,0,0,3,0,0,0,0,0,1,0,0,0,0,0,0,0,0,0,0,0,0,0,0,1,0,0,0,0,0,0,0,0,1,0,0,1,0,0,1,0,0,0,0,0,1,0,0,0,0,0,1,0,0,0,0,2,0,0,0,0,0,0,0,0,1,0,1,1,0,0,0,0,0,1,1,0,0,0,0,0,0,0,0,0,0,0,0,0
IRL,0,3,0,3,1,3,3,3,2,3,1,3,1,1,3,3,3,3,0,0,3,3,3,3,3,3,1,0,1,0,2,3,0,0,3,0,3,1,0,0,3,2,3,1,3,3,3,1,3,3,3,1,3,0,0,3,3,1,3,3,3,1,3,3,3,0,3,3,3,0,1,3,3,3,3,3,3,2,3,1,0,-1,3,3,3,3,1,3,1,3,3,1,3,1,3,1,3,0,0,3,3,3,3,1,1,3,1,0,3,3,1,3,3,3,3,3,0,3,3,1,1,3,0,1,3,3,3,0,0,0,3,3,1,0,1,3,3,1,3,3,3,3,3,3,3,0,1,3,3,1,3,3,0,3,3,1,0,3,3,3,1,1,3,3,0,3,2,3,0,0,3,3,0,3,1,1,3,1,1,1,3,3,1,0,1,1,3,3,3,2,3,3,3,3,3,1,0,3,1
ISR,0,3,0,3,1,0,3,1,0,3,1,3,0,1,3,3,3,3,0,0,1,3,3,3,0,3,0,0,1,0,2,1,3,0,3,0,3,1,0,0,3,2,3,1,3,3,3,1,3,3,3,0,3,0,0,3,3,1,3,3,3,1,0,3,3,0,3,3,3,0,1,0,3,3,3,3,3,2,0,0,0,3,-1,3,3,3,1,3,1,0,3,0,1,1,3,0,3,0,0,3,3,3,3,1,3,0,1,0,3,1,1,3,3,3,3,3,3,3,0,1,1,0,1,1,3,3,3,0,0,0,3,3,0,0,3,3,3,1,3,3,3,3,3,1,3,3,1,3,3,1,3,0,0,1,3,1,0,3,3,3,1,1,3,3,0,3,2,3,0,3,3,3,0,3,1,1,3,1,1,1,3,0,3,0,1,1,3,0,3,0,3,3,3,3,0,0,0,1,1
ITA,0,3,0,3,1,3,3,3,2,3,1,3,1,1,3,3,3,3,0,0,3,3,3,3,3,3,1,0,1,0,2,3,0,0,3,0,3,1,0,0,3,2,3,1,3,3,3,1,3,3,3,1,3,0,0,3,3,1,3,3,3,1,3,3,3,0,3,3,3,0,1,3,3,3,3,3,3,2,3,1,0,3,3,-1,3,3,1,3,1,3,3,1,3,1,3,1,3,0,0,3,3,3,3,1,1,3,1,0,3,3,1,3,3,3,3,3,0,3,3,1,1,3,0,1,3,3,3,0,0,0,3,3,1,0,3,3,3,1,3,3,3,3,3,3,3,0,1,3,3,3,3,3,0,3,3,1,0,3,3,3,3,1,3,3,0,3,2,3,0,1,3,3,0,3,1,1,3,3,1,3,3,3,3,0,3,1,3,3,3,2,3,3,3,3,3,3,0,1,1
JAM,0,0,0,0,0,3,3,1,0,0,1,3,0,3,3,0,0,3,0,0,1,0,3,3,0,0,0,0,1,0,0,1,0,0,3,0,3,1,0,0,0,2,0,1,0,0,0,1,3,3,3,1,0,0,0,0,3,1,3,0,0,1,3,0,0,0,0,3,0,0,1,3,3,0,3,0,0,2,3,1,0,0,3,0,-1,0,1,0,3,3,0,0,0,1,0,0,3,0,0,0,0,0,1,1,3,3,1,0,0,0,1,3,3,3,0,0,0,0,0,1,1,0,0,1,0,0,1,0,0,0,0,0,0,0,1,3,3,0,0,3,3,0,0,1,0,3,1,3,3,1,0,0,0,1,3,1,0,3,0,0,0,1,3,3,0,0,2,3,0,3,0,0,0,0,0,3,0,1,1,0,3,0,1,0,1,3,0,0,0,0,3,0,3,0,3,0,0,3,3
JPN,0,3,0,3,1,3,3,3,2,3,1,3,1,1,3,3,3,3,0,0,3,3,3,0,3,3,0,0,1,0,2,1,0,0,3,3,3,1,0,0,3,2,3,1,3,3,3,1,3,3,3,1,3,0,0,3,3,1,3,3,3,1,0,3,3,0,3,3,3,0,1,3,3,3,3,3,3,2,3,1,0,3,3,3,3,-1,1,3,1,3,3,1,3,3,3,1,3,0,0,3,3,3,3,1,1,3,1,0,3,1,1,3,3,3,3,3,3,3,3,1,3,3,0,1,3,3,3,0,0,0,3,3,1,0,1,3,3,1,3,3,3,3,3,3,3,0,1,3,3,1,3,3,0,3,3,1,0,3,3,3,1,1,3,3,0,3,2,3,0,3,3,3,0,3,1,1,3,1,1,1,3,3,3,0,1,1,3,3,3,2,3,3,3,3,3,3,0,1,1
JOR,0,0,0,0,0,0,0,1,0,0,1,0,0,0,0,0,0,0,0,0,1,0,0,0,0,0,0,0,1,0,0,1,0,0,0,0,0,1,0,0,0,2,0,0,0,0,0,1,3,0,3,3,0,0,0,0,0,1,0,0,0,1,0,3,0,0,0,0,0,0,1,0,3,0,3,0,0,2,3,0,0,0,0,0,0,0,-1,0,1,0,3,0,0,0,0,3,1,0,3,0,0,0,1,1,1,3,1,0,0,0,1,1,0,3,0,0,0,0,0,1,1,0,0,1,0,0,1,0,0,0,0,0,0,0,1,3,0,0,0,0,0,0,0,1,0,0,1,3,0,1,0,0,0,0,0,1,0,0,0,0,0,1,3,0,0,0,2,0,0,0,0,0,3,0,1,1,0,1,1,0,0,3,3,0,1,1,0,0,0,0,0,0,0,0,0,0,1,0,0
KAZ,0,3,0,0,0,3,3,3,0,0,3,0,1,1,3,3,0,0,0,0,1,0,0,3,0,0,0,0,1,0,0,1,0,0,0,0,3,1,0,0,3,2,0,1,0,0,0,1,3,3,3,1,0,0,0,0,0,1,0,0,0,1,0,3,0,0,0,0,0,0,1,0,3,0,3,0,0,2,3,1,0,0,0,0,1,0,1,-1,1,0,0,0,3,1,0,1,1,0,0,0,0,0,1,1,0,3,1,0,0,1,1,1,0,3,3,0,3,0,0,1,1,3,0,1,0,0,1,0,0,0,0,0,0,0,1,3,0,0,0,0,3,0,0,3,0,3,1,0,0,1,0,0,0,0,3,1,0,0,0,0,0,1,0,3,0,0,2,3,0,0,0,0,0,0,3,0,1,1,1,0,0,0,3,0,1,1,3,1,0,0,0,3,0,0,0,1,0,1,1
KEN,0,0,0,0,0,3,0,0,0,0,0,3,0,0,3,0,0,0,3,0,1,0,3,0,0,0,1,3,1,0,0,1,0,0,0,0,0,1,0,1,0,2,0,3,0,0,0,1,3,0,0,0,0,0,0,0,3,3,3,0,0,1,3,0,0,3,0,3,0,0,1,0,3,0,3,0,0,2,3,1,0,0,0,0,3,0,1,0,-1,3,0,0,0,1,0,0,3,0,0,0,0,0,1,1,3,3,1,0,0,0,1,3,0,3,0,0,0,0,0,1,1,3,0,1,0,0,0,0,1,0,0,0,0,0,1,0,3,0,0,0,3,0,0,1,0,0,3,3,1,1,0,0,0,3,0,1,1,3,0,0,0,1,0,0,1,0,0,3,1,0,0,0,0,0,0,3,0,1,1,0,3,0,0,0,1,3,0,0,0,0,0,0,3,0,0,0,0,3,3
KIR,0,0,0,3,0,3,0,1,0,3,0,3,0,1,3,0,3,3,0,0,1,3,3,0,0,3,0,0,1,0,0,1,0,0,0,0,0,1,0,0,3,2,3,1,3,3,3,1,3,3,3,1,0,0,0,3,0,1,3,3,3,1,3,0,3,0,3,3,0,0,1,0,3,0,3,3,3,2,3,1,0,3,0,3,3,0,1,0,3,-1,3,0,0,1,3,0,3,0,0,3,3,3,3,1,3,3,1,0,3,1,1,3,0,3,3,3,0,0,0,1,0,0,0,1,3,0,1,0,0,0,0,3,0,0,1,3,3,1,0,3,3,3,3,1,3,0,1,3,3,1,3,0,0,1,0,1,0,3,3,3,1,1,0,3,0,3,2,3,0,0,3,3,0,1,0,3,0,1,1,1,3,3,1,0,1,1,0,0,3,0,0,0,3,3,0,0,0,3,3
XKX,0,3,0,0,0,0,0,0,0,0,0,0,0,1,0,0,0,0,0,0,1,0,0,0,0,0,0,0,1,0,0,1,0,0,0,0,0,1,0,0,0,2,0,1,0,0,0,1,3,0,3,0,0,0,0,0,0,1,0,0,0,1,3,0,0,0,0,0,0,0,1,0,3,0,0,0,0,0,0,1,0,0,0,0,1,0,1,0,0,0,-1,0,0,1,0,0,1,0,0,0,0,0,1,1,0,0,1,0,0,1,1,0,0,3,0,0,0,3,0,1,0,0,0,1,0,0,0,0,0,0,3,0,1,0,1,3,0,0,0,0,0,0,0,1,0,0,1,0,0,1,0,0,0,0,3,1,0,0,0,0,0,1,0,0,0,0,2,3,0,0,0,0,0,0,0,1,0,1,1,0,0,0,3,0,1,1,0,0,0,0,0,0,0,0,0,0,0,0,0
KWT,0,3,0,0,0,0,0,1,0,0,1,3,3,1,0,3,0,0,0,0,1,3,3,0,1,0,0,0,1,0,0,1,0,0,0,0,0,1,0,0,0,2,0,1,0,0,0,1,3,3,3,3,3,0,0,0,3,1,0,0,0,1,0,3,0,0,0,0,3,0,1,0,3,3,3,0,0,0,3,1,0,0,0,0,0,0,3,0,1,0,3,-1,3,1,0,3,1,0,0,0,0,0,1,1,1,3,1,0,0,1,1,3,0,3,0,0,0,3,3,1,1,0,0,1,0,3,3,0,0,0,0,0,3,0,1,3,3,0,0,0,3,0,0,3,0,0,1,3,3,1,0,3,3,1,3,1,0,3,0,0,1,1,0,3,0,0,2,3,3,0,0,0,3,1,1,1,3,1,1,0,0,3,3,0,1,1,0,3,2,0,0,1,3,0,0,0,1,0,1
KGZ,0,0,0,0,0,3,0,3,0,0,3,0,0,1,3,3,0,0,0,0,1,0,0,0,0,0,0,0,1,0,0,1,0,0,0,0,0,1,0,0,0,2,0,1,0,0,0,1,3,0,3,0,0,0,0,0,0,1,0,0,0,1,0,3,0,0,0,0,0,0,1,0,3,0,0,0,0,0,3,1,0,0,0,0,1,0,1,3,1,0,0,0,-1,1,0,1,1,0,0,0,0,0,1,1,1,3,1,0,0,1,1,1,0,3,3,0,3,0,0,1,1,3,0,1,0,0,1,0,0,0,0,0,0,0,1,3,0,0,0,0,3,0,0,1,0,3,1,0,1,1,0,0,0,0,3,1,0,0,0,0,0,1,0,0,0,0,2,3,0,0,0,0,0,0,3,0,0,1,1,0,0,0,3,0,1,1,3,0,0,0,0,3,0,0,0,3,0,0,1
LAO,0,0,0,0,0,0,0,1,0,0,0,0,0,1,0,0,0,0,0,0,1,0,0,0,3,0,0,0,3,0,0,1,0,0,0,0,0,1,0,0,0,2,0,1,0,0,0,1,3,0,3,1,0,0,0,0,0,1,0,0,0,1,3,0,0,0,0,0,0,0,1,0,3,0,0,0,0,2,3,1,0,0,0,0,0,0,0,0,1,0,0,1,0,-1,0,0,1,0,0,0,0,0,1,1,1,3,1,0,0,0,1,0,0,3,0,0,3,0,0,1,3,0,0,1,0,0,0,0,0,0,0,0,0,0,1,3,0,0,0,0,3,0,0,1,0,3,1,0,0,1,0,0,0,0,0,1,0,3,0,0,0,1,0,0,0,0,2,3,0,0,0,0,0,0,0,1,3,1,1,0,0,0,1,0,1,1,0,0,0,0,0,0,0,0,0,3,0,1,0
LVA,0,3,0,3,1,3,3,3,2,3,1,3,1,1,3,3,3,3,0,0,3,3,3,3,3,3,1,0,1,0,2,3,0,0,3,0,3,1,0,0,3,2,3,1,3,3,3,1,3,3,3,1,3,0,0,3,3,1,3,3,3,1,3,3,3,0,3,3,3,0,1,0,3,3,3,3,3,2,3,1,0,3,3,3,3,3,1,3,1,3,3,1,3,1,-1,1,1,0,0,3,3,3,3,1,1,3,1,0,3,3,1,3,3,3,3,3,0,3,3,1,1,0,0,1,3,3,3,0,0,0,3,3,1,0,3,3,3,1,3,3,3,3,3,3,3,0,1,3,3,3,3,3,0,3,3,1,0,3,3,3,3,1,0,3,0,3,2,3,0,1,3,3,0,3,1,1,1,3,1,3,3,3,3,0,3,1,3,3,3,2,3,3,3,3,3,0,0,1,1
LBN,0,0,0,0,0,0,0,1,0,0,0,0,0,0,0,0,0,0,0,0,1,0,0,0,0,0,0,0,1,0,0,1,0,0,0,0,0,1,0,0,0,2,0,1,0,0,0,1,3,0,3,0,0,0,0,0,0,1,0,0,0,1,0,3,0,0,0,0,0,0,1,0,3,0,0,0,0,0,3,3,1,0,0,0,0,0,3,0,0,0,0,0,0,0,0,-1,1,0,0,0,0,0,3,1,0,3,1,0,0,0,1,1,0,3,0,0,0,0,0,1,0,0,0,1,0,0,0,0,0,0,0,0,1,0,1,3,0,0,0,0,0,0,0,3,0,0,1,0,0,1,0,0,0,0,0,1,0,0,0,0,0,1,0,0,0,0,2,0,0,0,0,0,3,0,1,0,0,1,1,0,0,0,3,0,1,1,0,0,0,0,0,0,0,0,0,0,0,0,0
LSO,0,0,0,0,1,3,0,0,0,0,0,3,0,3,3,0,0,3,3,0,1,0,3,0,0,0,0,0,1,0,0,1,0,0,0,0,0,1,0,0,0,2,0,1,0,0,0,1,3,0,3,0,0,0,0,0,3,1,3,0,0,1,3,0,0,1,0,3,0,0,1,3,3,0,3,0,0,2,3,1,0,3,3,0,3,3,1,0,3,3,3,0,0,0,0,0,-1,0,0,0,0,0,1,1,3,3,1,0,0,0,1,3,0,3,0,0,0,0,0,1,0,3,0,1,0,0,1,0,0,0,0,0,0,0,1,3,0,0,0,0,3,0,0,1,0,0,1,3,3,1,0,0,0,1,0,1,0,3,0,0,0,1,3,3,0,0,2,3,0,0,0,0,0,0,0,3,0,1,1,0,3,0,0,0,1,3,0,0,0,0,0,0,3,0,0,0,0,3,3
LBR,0,0,0,0,0,0,0,0,0,0,0,0,0,1,0,0,0,0,3,0,1,0,0,0,0,0,3,0,1,0,0,3,3,0,0,0,0,1,0,0,0,3,0,1,0,0,0,1,3,0,3,0,0,0,0,0,0,1,0,0,0,1,3,0,0,3,0,0,0,3,3,0,3,0,0,0,0,2,0,1,0,0,0,0,0,0,0,0,1,0,0,0,0,0,0,0,1,-1,0,0,0,0,1,1,0,0,1,3,0,0,1,1,0,3,0,0,0,0,0,1,0,0,0,0,0,0,0,3,3,0,0,0,0,0,1,0,0,0,0,0,3,0,0,1,0,0,1,0,0,1,0,0,0,3,0,1,3,3,0,0,0,1,0,3,0,0,0,3,0,0,0,0,0,0,0,1,0,1,3,0,0,0,0,0,1,1,0,3,0,0,0,0,0,0,0,0,0,0,0
LBY,0,0,3,0,0,0,0,0,0,0,0,0,0,0,0,0,0,0,3,0,1,0,0,0,0,0,1,0,1,0,0,1,0,0,0,0,0,1,0,0,0,2,0,1,0,0,0,1,3,0,3,0,0,0,0,0,0,1,0,0,0,1,0,0,0,1,0,0,0,0,1,0,3,0,0,0,0,0,1,1,0,0,0,0,0,0,0,0,0,0,0,0,0,0,0,1,1,0,-1,0,0,0,1,1,0,3,1,0,0,0,3,0,0,3,0,0,0,0,0,1,0,0,0,1,0,0,0,0,0,0,0,0,0,0,1,3,0,0,0,0,0,0,0,1,0,0,1,0,0,1,0,0,0,1,0,1,0,0,0,0,0,1,0,0,0,0,2,3,0,0,0,0,0,0,0,1,0,1,1,0,0,3,0,0,1,1,0,0,0,0,0,0,0,0,0,0,0,0,0
LIE,0,3,0,3,0,3,3,3,2,3,1,3,1,1,3,3,3,0,0,0,3,3,3,3,3,3,1,0,1,0,2,3,0,0,3,0,3,1,0,0,3,2,3,1,3,3,3,1,3,3,3,1,3,0,0,3,0,1,3,3,3,1,3,3,3,0,3,3,3,0,1,0,3,3,3,3,3,2,3,1,0,3,3,3,3,3,1,0,1,3,3,1,3,1,3,1,1,0,0,-1,3,3,3,1,1,3,1,0,3,0,1,3,3,3,3,3,0,3,3,1,0,3,0,1,3,3,3,0,0,0,3,3,1,0,1,3,3,1,3,3,3,3,3,3,3,0,1,3,3,1,3,3,0,1,3,1,0,3,3,3,3,1,3,3,0,3,2,3,0,1,3,3,0,3,1,1,3,3,1,3,3,3,3,0,3,1,3,3,3,2,3,3,3,3,3,1,0,1,1
LTU,0,3,0,3,1,3,3,3,2,3,1,3,1,1,3,3,3,3,0,0,3,3,3,3,3,3,1,0,1,0,2,3,0,0,3,0,3,1,0,0,3,2,3,1,3,3,3,1,3,3,3,1,3,0,0,3,3,1,3,3,3,1,3,3,3,0,3,3,3,0,1,0,3,3,3,3,3,2,3,1,0,3,3,3,3,3,1,3,1,3,3,1,3,1,3,1,1,0,0,3,-1,3,3,1,1,3,1,0,3,3,1,3,3,3,3,3,0,3,3,1,1,0,0,1,3,3,3,0,0,0,3,3,1,0,3,3,3,1,3,3,3,3,3,3,3,0,1,3,3,3,3,3,0,3,3,1,0,3,3,3,3,1,0,3,0,3,2,3,0,1,3,3,0,3,1,1,1,3,1,3,3,3,3,0,3,1,3,3,3,2,3,3,3,3,3,1,0,1,1
LUX,0,3,0,3,1,3,3,3,2,3,1,3,1,1,3,3,3,3,0,0,3,3,3,3,3,3,1,0,1,0,2,3,0,0,3,0,3,1,0,0,3,2,3,1,3,3,3,1,3,3,3,1,3,0,0,3,3,1,3,3,3,1,3,3,3,0,3,3,3,0,1,3,3,3,3,3,3,2,3,1,0,3,3,3,3,3,1,3,1,3,3,1,3,3,3,1,3,0,0,3,3,-1,3,1,1,3,1,0,3,3,1,3,3,3,3,3,0,3,3,1,1,3,0,1,3,3,3,0,0,0,3,3,1,0,3,3,3,1,3,3,3,3,3,3,3,0,1,3,3,3,3,3,0,3,3,1,0,3,3,3,3,1,3,3,0,3,2,3,0,1,3,3,0,3,1,1,3,3,1,3,3,3,3,0,3,1,3,3,3,2,3,3,3,3,3,1,0,1,1
MAC,0,3,0,3,0,3,0,3,0,3,1,0,1,1,3,3,3,0,0,0,1,3,0,3,3,3,0,0,1,0,0,3,0,0,3,0,0,1,0,0,0,2,3,1,3,3,3,1,3,3,3,3,0,0,0,3,0,1,3,3,3,1,0,0,3,0,3,3,0,0,1,0,3,0,3,3,3,2,3,1,0,3,3,3,0,3,1,0,1,3,3,0,0,1,3,1,1,0,0,3,3,3,-1,1,1,3,1,3,3,0,1,3,3,3,3,3,3,3,3,1,3,3,0,1,3,3,3,0,0,0,3,3,1,0,1,3,0,1,0,0,3,3,3,1,3,3,1,3,1,3,3,0,0,0,3,1,0,3,3,3,0,1,3,3,0,3,2,3,0,0,3,3,0,1,0,3,3,1,1,1,0,0,3,0,1,1,0,0,3,0,3,0,3,3,0,1,0,0,1
MDG,0,0,0,0,1,3,0,0,0,0,0,0,0,1,0,0,0,0,3,0,1,0,0,0,0,0,0,0,1,0,0,1,0,0,0,0,0,1,0,0,0,2,0,1,0,0,0,1,3,0,3,0,3,0,0,0,3,1,0,0,0,1,0,0,0,1,0,0,3,0,1,0,3,3,3,0,0,2,3,1,0,0,0,0,0,0,0,0,1,0,0,0,0,1,0,0,1,0,0,0,0,0,1,-1,1,3,1,0,0,0,1,1,0,3,0,0,0,0,0,1,0,0,0,1,0,0,3,0,0,0,0,0,0,0,1,0,3,0,0,0,3,0,0,1,0,0,1,0,1,1,0,0,0,1,0,1,0,3,0,0,0,1,0,0,0,0,2,3,0,0,0,0,0,0,0,3,0,1,1,0,0,0,0,0,1,3,0,0,0,0,0,0,0,0,0,0,0,1,3
MWI,0,0,0,0,1,3,0,0,0,0,0,3,0,3,3,0,0,3,3,0,1,0,3,0,0,0,0,0,1,0,0,1,0,0,0,0,0,1,0,0,0,2,0,1,0,0,0,1,3,0,3,0,0,0,0,0,3,1,3,0,0,1,3,0,0,1,0,3,0,0,1,0,3,0,3,0,0,2,3,1,0,0,3,0,3,0,1,0,3,3,3,0,0,1,0,0,3,0,0,0,0,0,1,1,-1,3,1,0,0,0,1,3,0,3,0,0,0,0,0,3,0,3,0,1,0,0,1,0,0,0,0,0,0,0,1,3,0,0,0,0,3,0,0,1,0,0,1,3,3,1,0,0,0,1,0,1,0,3,0,0,0,1,3,0,0,0,2,3,0,0,0,0,0,0,0,3,0,1,1,0,3,0,0,0,1,3,0,0,0,0,0,0,3,0,0,0,0,3,3
MYS,0,3,3,3,0,3,3,1,2,3,1,3,1,1,3,3,3,3,0,0,1,3,3,3,3,3,0,0,3,0,0,1,0,0,3,0,0,1,0,0,3,2,3,3,3,3,3,1,3,3,3,1,3,0,0,3,3,1,3,3,3,1,3,3,3,0,3,3,3,0,1,3,3,3,3,3,3,2,3,3,0,3,0,3,3,3,1,3,3,3,3,1,3,3,3,1,3,0,0,3,3,3,3,1,3,-1,1,0,3,1,1,3,3,3,3,3,3,3,3,1,1,3,0,1,3,3,3,0,0,0,3,3,1,0,1,3,3,1,0,3,3,3,3,3,3,0,1,3,1,1,3,0,0,3,0,1,0,3,3,3,1,1,3,3,0,3,2,3,1,3,3,3,0,3,1,3,3,1,1,1,3,3,3,0,1,1,0,3,3,0,3,3,3,3,3,3,1,3,3
MDV,0,0,0,0,0,3,0,1,0,0,1,3,0,3,3,0,0,3,0,3,1,0,3,0,3,0,0,0,1,0,0,1,0,0,0,0,0,1,0,0,3,2,0,1,0,0,0,1,3,0,3,1,0,0,0,0,3,1,3,0,0,1,3,0,0,0,0,3,0,0,1,0,3,0,3,0,0,3,3,1,0,3,0,0,3,0,1,0,3,0,3,0,0,1,0,0,3,0,0,0,0,0,1,1,1,3,-1,0,0,1,1,3,0,3,0,0,0,0,0,1,1,0,0,1,0,0,1,0,0,0,0,0,0,3,1,3,3,1,0,0,3,0,0,3,0,0,1,3,3,1,0,0,0,0,0,1,0,3,0,0,1,1,3,0,0,0,1,3,0,0,0,0,0,0,0,1,1,1,1,0,3,3,1,0,1,1,0,1,3,0,0,0,3,0,0,0,0,3,3
MLI,0,0,3,0,0,0,0,0,0,0,0,3,0,1,3,0,0,0,3,0,1,0,0,0,0,0,3,0,1,3,0,3,0,3,0,0,0,1,0,0,0,3,0,1,0,0,0,1,3,0,3,0,0,0,0,0,0,1,0,0,0,1,3,0,0,3,0,0,0,3,3,0,3,0,3,0,0,2,3,1,0,0,0,0,0,0,0,0,1,0,0,0,0,1,0,0,1,3,0,0,0,0,3,1,0,0,1,-1,0,0,3,0,0,3,0,0,0,0,0,1,0,0,0,1,0,0,0,3,3,0,0,0,0,0,1,0,0,0,0,0,3,0,0,1,0,0,1,0,1,1,0,0,0,3,0,1,3,0,0,0,0,1,0,0,0,0,0,3,0,0,0,0,0,0,0,0,0,1,3,0,0,3,0,0,1,1,0,0,0,0,0,0,0,0,0,0,0,0,0
MLT,0,3,0,3,1,3,3,3,2,3,1,3,1,1,3,3,3,3,0,0,1,3,3,3,3,3,1,0,1,0,2,3,0,0,3,0,3,1,0,0,3,2,3,1,3,3,3,1,3,3,3,1,3,0,0,3,3,1,3,3,3,1,3,3,3,0,3,3,3,0,1,0,3,3,3,3,3,2,3,1,0,3,3,3,3,3,1,3,1,3,3,1,3,1,3,1,1,0,0,3,3,3,3,1,1,3,1,0,-1,3,1,3,3,3,3,3,0,3,3,1,1,0,0,1,3,3,3,0,0,0,3,3,1,0,3,3,3,1,3,3,3,3,3,3,3,0,1,3,3,3,3,3,0,3,3,1,0,3,3,3,3,1,3,3,0,3,2,3,0,1,3,3,0,3,1,3,1,3,1,3,3,3,1,0,3,3,3,3,3,2,3,3,3,3,3,1,0,3,3
MHL,0,0,0,3,0,3,0,1,0,3,0,3,0,1,0,0,3,3,0,0,1,3,0,0,0,3,0,0,1,0,0,1,0,0,0,0,3,1,0,0,3,2,3,1,3,3,3,1,3,3,3,1,3,0,0,3,0,1,3,3,3,1,0,0,3,0,3,0,3,0,1,0,3,3,3,3,3,2,3,1,0,0,0,3,0,0,1,0,1,3,3,0,0,1,3,0,1,0,0,3,3,3,1,1,1,3,1,0,3,-1,1,1,3,3,3,3,0,0,0,1,0,0,1,1,3,0,3,0,0,0,0,3,0,0,3,3,3,1,0,3,3,3,3,1,3,0,1,0,3,1,3,0,0,1,0,1,0,3,3,3,1,1,0,3,0,3,2,3,0,0,3,3,0,3,0,1,0,1,1,1,0,0,1,0,1,1,0,0,3,3,0,0,3,3,0,1,0,3,1
MRT,0,0,3,0,0,0,0,0,0,0,0,0,0,1,3,0,0,0,3,0,1,0,0,0,0,0,3,0,1,0,0,3,0,3,0,0,0,1,1,0,0,3,0,1,0,0,0,1,3,0,3,0,0,0,0,0,0,1,0,0,0,1,3,0,0,1,0,0,0,3,1,0,3,0,3,0,0,0,3,1,0,0,0,0,0,0,0,0,1,0,0,0,0,1,0,1,1,0,0,0,0,0,1,1,0,3,1,3,0,0,-1,1,0,3,0,0,0,0,0,1,0,0,0,1,0,0,1,3,0,0,0,0,0,0,1,0,0,0,0,0,3,0,0,1,0,0,1,0,1,1,0,0,0,3,0,1,3,3,0,0,0,1,0,0,0,0,2,3,0,0,0,0,3,0,0,0,0,1,0,0,0,3,0,0,1,1,0,0,0,0,0,0,0,0,0,0,0,0,0
MUS,0,3,0,3,3,3,0,0,0,3,1,3,0,0,3,0,3,3,3,0,1,3,3,0,0,3,0,0,1,0,0,1,0,0,3,3,0,1,0,1,3,2,3,1,3,3,3,1,3,3,3,0,0,0,0,3,3,1,3,3,3,3,3,3,3,3,3,3,0,0,1,0,3,0,3,3,3,2,3,1,0,0,3,3,3,3,1,0,3,3,3,0,0,1,3,0,3,0,0,3,3,3,3,1,3,3,1,0,3,1,1,-1,0,3,3,3,0,3,0,3,1,3,0,1,3,3,1,0,0,0,3,3,0,0,1,3,3,0,0,0,3,3,3,1,3,3,3,3,3,1,3,0,0,3,0,1,0,3,3,3,0,1,3,3,0,3,2,3,0,0,3,3,0,1,0,3,1,1,1,0,3,3,1,0,1,3,0,1,3,0,0,0,3,3,0,0,0,3,3
MEX,0,3,0,3,0,3,3,1,0,3,1,3,1,0,3,3,3,3,0,0,3,3,3,3,0,3,0,0,1,0,2,1,0,0,3,0,3,1,0,0,3,2,3,1,3,3,3,1,3,3,3,1,3,0,0,3,0,1,3,3,3,1,0,3,3,0,3,3,3,0,1,0,3,3,3,3,3,2,3,1,0,3,3,3,3,3,1,3,1,0,3,0,1,1,3,1,1,0,0,3,3,3,3,1,1,3,1,0,3,1,1,3,-1,3,3,3,0,3,3,1,1,0,0,1,3,3,3,0,0,0,3,3,0,0,1,3,3,1,3,3,3,3,3,3,3,0,1,3,3,1,3,0,0,0,3,1,0,3,3,3,0,1,0,3,0,3,2,3,0,1,3,3,0,0,1,1,0,1,1,0,3,3,1,0,1,1,0,3,3,0,3,0,3,3,3,1,0,1,1
FSM,0,0,0,3,0,0,0,1,0,3,0,0,0,1,0,3,3,3,0,0,1,3,0,0,0,3,0,0,1,0,0,1,0,0,0,0,3,1,0,0,3,2,3,1,3,3,3,1,3,3,3,1,0,0,0,3,0,1,3,3,3,1,3,0,3,0,3,0,0,0,1,0,3,0,3,3,3,2,0,1,0,0,3,3,0,0,0,0,1,3,3,0,0,1,3,0,1,0,0,3,3,3,1,1,1,0,1,0,3,3,1,1,3,-1,3,3,0,0,0,1,0,0,1,1,3,0,1,0,0,0,0,3,0,0,3,3,3,1,0,3,3,3,3,1,3,0,1,0,3,1,3,0,0,1,0,1,0,3,3,3,1,1,0,3,0,3,2,3,0,0,3,3,0,0,0,1,0,1,1,1,0,0,1,0,1,1,0,0,3,3,0,0,3,3,0,1,0,1,1
MDA,0,3,0,3,0,3,0,3,0,3,3,3,0,1,3,3,3,0,0,0,1,3,0,0,0,3,0,0,1,0,0,1,0,0,3,0,3,1,0,0,0,2,3,1,3,3,3,1,3,0,3,0,0,0,0,3,0,1,3,3,3,1,0,3,3,0,3,0,0,0,1,0,3,0,0,3,3,2,3,1,0,0,3,3,1,0,0,3,1,0,0,0,3,1,3,1,1,0,0,3,3,3,3,1,1,3,1,0,3,0,1,1,0,3,-1,3,0,3,0,1,0,3,0,1,3,0,1,0,0,0,3,3,1,0,1,3,3,0,0,3,0,3,3,3,3,3,1,3,0,1,3,0,0,0,3,1,0,0,3,3,0,1,0,0,0,3,2,3,0,0,3,3,0,0,3,1,0,1,1,0,0,3,3,0,1,1,3,0,0,0,0,3,0,3,0,1,0,1,1
MCO,0,3,0,3,1,3,3,3,2,3,1,3,1,1,0,3,3,3,0,0,3,3,3,3,0,3,0,0,1,0,2,3,0,0,3,0,3,1,0,0,3,2,3,1,3,3,3,1,3,3,3,1,3,0,0,3,3,1,3,3,3,1,3,3,3,0,3,3,3,0,1,0,3,3,3,3,3,2,3,1,0,3,3,3,3,3,1,3,1,0,3,1,3,1,3,1,1,0,0,3,3,3,3,1,1,3,1,0,3,1,1,3,3,3,3,-1,0,3,3,1,1,0,0,1,3,3,3,0,0,0,3,3,1,0,1,3,3,1,3,3,3,3,3,3,3,0,1,3,3,1,3,3,0,1,3,1,0,3,3,3,1,1,3,3,0,3,2,3,0,0,3,3,0,3,1,1,3,1,1,1,0,3,3,0,1,1,3,3,3,2,3,3,3,3,3,1,0,1,1
MNG,0,0,0,0,0,0,0,1,0,0,0,0,0,1,0,3,0,0,0,0,1,0,0,3,0,0,0,0,1,0,0,1,0,0,0,3,0,1,0,0,0,2,0,3,0,0,0,1,3,0,3,0,0,0,0,0,0,1,0,0,0,1,0,0,0,0,0,0,0,0,1,0,3,0,3,0,0,2,3,1,0,0,3,0,0,0,0,3,1,0,0,0,3,3,0,0,1,0,0,0,0,0,3,1,1,3,1,0,0,1,1,1,0,3,0,0,-1,0,0,1,1,0,0,1,0,0,0,0,0,0,0,0,0,0,1,3,3,0,0,0,3,0,0,1,0,3,1,0,1,1,0,0,0,0,3,1,0,3,0,0,0,1,0,0,0,0,2,3,0,0,0,0,0,0,1,1,3,1,1,0,0,0,3,0,1,1,3,0,0,0,3,3,0,0,0,1,0,1,0
MNE,0,3,0,3,0,0,3,3,0,3,0,0,0,1,0,3,3,0,0,0,1,3,0,3,0,3,0,0,1,0,0,1,0,0,3,0,3,1,0,0,3,2,3,3,3,3,3,1,3,0,3,1,0,0,0,3,3,1,0,3,3,1,3,3,3,0,3,0,0,0,1,0,3,0,3,3,3,2,0,1,0,0,3,3,1,0,1,0,1,0,3,0,1,1,3,1,1,0,0,3,3,3,3,1,1,1,1,0,3,0,1,1,0,3,3,3,0,-1,0,1,0,0,0,1,3,0,1,0,0,0,3,3,1,0,1,3,3,0,0,3,0,3,3,1,3,3,1,0,3,1,3,0,0,0,3,1,0,3,3,3,0,1,0,3,0,3,2,3,0,0,3,3,0,1,0,1,0,1,1,0,3,3,3,0,1,1,3,3,0,0,3,3,0,3,0,1,0,3,0
MAR,0,0,3,0,1,0,0,0,0,0,1,0,0,0,0,0,0,3,3,0,1,0,0,3,0,0,0,0,1,0,0,0,0,0,0,0,0,1,1,0,0,3,0,1,0,0,0,1,3,0,3,0,0,0,0,0,0,1,0,0,0,3,3,0,0,0,0,3,0,3,1,0,3,0,3,0,0,0,3,1,0,0,0,0,0,0,1,0,1,0,0,0,0,1,0,1,1,0,0,0,0,0,3,1,0,3,1,3,0,1,1,1,0,3,0,0,0,0,-1,1,1,0,0,1,0,0,1,3,0,0,0,0,0,0,1,3,0,0,0,0,3,0,0,1,0,0,1,0,0,1,0,3,0,3,0,1,0,0,0,0,0,1,0,3,0,0,2,3,0,0,0,0,3,0,1,1,0,1,1,0,0,3,3,0,1,1,0,0,0,0,0,0,3,0,0,0,0,0,0
MOZ,0,0,0,0,3,0,0,0,0,0,0,0,0,1,0,0,0,0,3,0,1,0,3,0,0,0,0,0,1,0,0,1,0,0,0,0,0,1,0,0,0,2,0,1,0,0,0,1,3,0,3,0,0,0,0,0,3,1,0,0,0,1,0,0,0,1,0,3,0,0,1,0,3,0,3,0,0,2,3,1,0,0,0,0,3,0,0,0,1,0,0,0,0,0,0,0,1,0,0,0,0,0,1,1,3,0,1,0,0,0,1,3,0,3,0,0,0,0,0,-1,0,3,0,1,0,0,1,0,0,0,0,0,0,0,1,0,0,0,0,0,3,0,0,1,0,0,1,0,1,1,0,3,0,0,0,1,0,3,0,0,0,1,3,0,0,0,2,3,0,0,0,0,0,0,0,3,0,1,1,0,0,0,0,0,1,1,0,0,0,0,0,0,3,0,0,0,0,3,3
MMR,0,0,0,0,0,0,0,1,0,0,0,0,0,0,0,0,0,0,0,0,1,0,0,0,3,0,0,0,1,0,0,1,0,0,0,0,0,1,0,0,0,2,0,1,0,0,0,1,3,0,3,0,0,0,0,0,0,1,0,0,0,1,0,0,0,0,0,0,0,0,1,0,3,0,0,0,0,2,3,1,0,0,0,0,0,0,1,0,1,0,0,0,0,3,0,0,1,0,0,0,0,0,1,1,1,1,1,0,0,0,1,1,0,3,0,0,0,0,0,1,-1,0,0,1,0,0,1,0,0,0,0,0,0,0,0,0,0,0,0,0,3,0,0,1,0,0,1,0,0,1,0,0,0,0,0,1,0,3,0,0,0,1,0,0,0,0,2,3,0,0,0,0,0,0,0,1,3,1,1,0,0,0,1,0,1,1,0,0,0,0,0,0,0,0,0,3,0,1,0
NAM,0,0,0,0,3,3,0,0,0,0,0,3,0,1,0,0,0,3,3,0,1,0,3,3,0,0,0,0,1,0,0,1,0,0,0,0,0,1,0,0,0,2,0,3,0,0,0,1,3,3,3,0,0,0,0,0,3,1,0,0,0,1,3,0,0,1,0,3,0,0,1,0,3,0,3,0,0,2,3,1,0,0,0,0,3,0,0,0,3,0,3,0,0,1,0,0,3,0,0,0,0,0,3,1,3,3,1,0,0,0,1,3,0,3,0,0,0,0,0,1,0,-1,0,1,0,0,1,0,0,0,0,0,0,0,1,0,3,0,0,0,3,0,0,1,0,0,1,0,0,1,0,0,0,1,0,1,0,3,0,0,0,1,3,0,0,0,2,3,0,0,0,0,0,0,0,3,0,1,1,0,3,3,1,0,1,1,0,0,3,0,0,0,3,0,0,0,0,3,3
NRU,0,0,0,0,0,3,0,1,0,0,0,3,0,1,0,0,0,0,0,0,1,0,3,0,0,0,0,0,1,0,0,1,0,0,0,0,0,1,0,0,3,2,0,1,0,0,0,1,3,3,3,1,0,0,0,0,3,1,3,0,0,1,3,0,0,0,0,3,0,0,1,0,3,0,3,0,0,2,3,1,0,3,3,0,3,0,1,0,3,3,3,0,0,0,0,0,3,0,0,0,0,0,1,1,3,3,1,0,0,1,1,3,0,3,0,0,0,0,0,1,0,0,-1,1,0,0,1,0,0,0,0,0,0,0,1,3,3,1,0,3,0,0,0,1,0,3,1,3,3,1,0,0,0,0,0,1,0,3,0,0,1,1,0,3,0,0,2,3,0,0,0,0,0,3,0,3,0,1,1,1,3,0,1,0,1,1,0,0,3,0,0,0,3,0,0,1,0,1,3
NPL,0,0,0,0,0,0,0,0,0,0,1,0,0,1,0,0,0,0,0,0,1,0,0,0,0,0,0,0,1,0,0,1,0,0,0,0,0,1,0,0,0,2,0,0,0,0,0,1,3,0,0,1,0,0,0,0,0,1,0,0,0,1,3,0,0,0,0,0,0,0,1,0,3,0,0,0,0,3,3,1,0,0,0,0,0,0,0,0,1,0,0,0,0,1,0,0,1,0,0,0,0,0,0,1,0,1,1,0,0,0,1,1,0,3,0,0,0,0,0,1,1,0,0,-1,0,0,0,0,0,0,0,0,0,3,1,3,0,0,0,0,3,0,0,1,0,0,1,0,0,1,0,0,0,1,0,1,0,3,0,0,0,1,0,0,0,0,2,3,0,0,0,0,0,0,0,1,0,1,1,0,0,0,0,0,1,1,0,0,0,0,0,0,0,0,0,0,0,0,0
NLD,0,3,0,3,1,3,3,3,2,3,1,3,1,1,3,3,3,3,0,0,3,3,3,3,3,3,1,0,1,0,2,3,0,0,3,0,3,1,0,0,3,2,3,1,3,3,3,1,3,3,3,1,3,0,0,3,3,1,3,3,3,1,3,3,3,0,3,3,3,0,1,3,3,3,3,3,3,2,3,1,0,3,3,3,3,3,1,3,1,3,3,1,3,1,3,1,3,0,0,3,3,3,3,1,1,3,1,0,3,3,1,3,3,3,3,3,0,3,3,1,1,3,0,1,-1,3,3,0,0,0,3,3,1,0,3,3,3,1,3,3,3,3,3,3,3,0,1,3,3,3,3,3,0,3,3,1,0,3,3,3,3,1,3,3,0,3,2,3,0,1,3,3,0,3,1,1,3,3,1,3,3,3,1,0,3,1,3,3,3,2,3,3,3,3,3,1,0,1,1
NZL,0,3,0,3,1,3,3,3,3,3,1,3,1,1,3,3,3,3,0,0,3,3,3,3,3,3,1,0,1,0,2,1,0,0,3,0,3,1,0,0,3,2,3,1,3,3,3,1,3,3,3,1,3,0,0,3,3,1,3,3,3,1,3,3,3,0,3,3,3,0,1,3,3,3,3,3,3,2,3,1,0,3,3,3,3,3,1,3,1,3,3,1,3,1,3,1,3,0,0,3,3,3,3,1,1,3,1,0,3,1,1,3,3,3,3,3,0,3,3,1,1,3,0,1,3,-1,3,0,0,0,3,3,3,0,1,3,3,1,1,3,3,3,3,3,3,0,1,3,3,1,3,0,0,1,3,1,0,3,3,3,1,1,0,3,0,3,2,3,0,0,3,3,0,3,1,1,3,1,1,1,1,3,3,0,1,1,0,3,3,2,3,3,3,3,3,1,0,1,1
NIC,0,3,0,3,0,0,3,1,0,3,0,3,0,1,3,3,3,3,0,0,1,3,0,3,0,3,0,0,1,0,0,1,0,0,3,0,0,1,0,0,0,2,3,1,3,3,3,1,3,3,3,1,3,0,0,3,0,1,0,3,3,1,0,0,3,0,3,0,3,0,1,0,3,3,0,3,3,2,3,1,0,3,0,3,0,0,1,0,1,0,3,0,0,1,3,0,1,0,0,3,3,3,1,1,1,3,1,0,3,0,1,1,0,3,3,3,0,3,0,1,0,0,0,1,3,0,-1,0,0,0,3,3,0,0,1,3,3,0,3,0,3,3,3,1,3,3,1,3,1,1,3,0,0,0,0,1,0,3,3,3,0,1,0,3,0,3,2,3,0,1,3,3,0,3,0,1,0,1,1,0,3,0,3,0,1,1,0,0,3,0,3,0,0,3,0,0,0,1,1
NER,0,0,0,0,0,0,0,0,0,0,0,0,0,1,0,0,0,0,3,0,1,0,0,0,0,0,3,0,1,0,0,3,3,3,0,0,0,1,1,0,0,3,0,1,0,0,0,1,3,0,3,0,0,0,0,0,0,1,0,0,0,1,3,0,0,3,0,0,0,3,3,0,3,0,3,0,0,2,0,1,0,0,0,0,0,0,0,0,1,0,0,0,0,0,0,0,1,3,0,0,0,0,1,1,0,0,1,3,0,0,3,1,0,3,0,0,0,0,3,1,0,0,0,1,0,0,1,-1,3,0,0,0,0,0,1,0,0,0,0,0,3,0,0,1,0,0,1,0,0,1,0,0,0,3,0,1,3,3,0,0,0,1,0,0,0,0,2,3,0,0,0,0,0,0,0,0,0,1,3,0,0,3,0,0,1,1,0,0,0,0,0,0,0,0,0,0,0,0,0
NGA,0,0,0,0,0,0,0,0,0,0,0,0,0,0,3,0,0,0,3,0,1,0,0,0,0,0,3,0,1,3,0,3,0,3,0,0,0,1,0,0,0,3,0,0,0,0,0,1,3,0,0,0,0,0,0,0,0,1,3,0,0,1,3,0,0,3,0,0,0,3,3,0,3,0,0,0,0,0,0,1,0,0,0,0,0,0,0,0,1,0,0,0,0,0,0,1,1,3,0,0,0,0,0,1,0,0,1,3,0,0,1,1,0,3,0,0,0,0,0,1,0,0,0,0,0,0,0,3,-1,0,0,0,0,0,1,0,0,0,0,0,0,0,0,1,0,0,1,3,0,1,0,0,0,3,0,1,3,0,0,0,0,1,0,0,0,0,0,0,0,0,0,0,0,0,0,0,0,1,3,0,0,0,0,0,1,1,0,0,0,0,0,0,3,0,0,0,0,0,0
PRK,0,0,0,0,0,0,0,1,0,0,0,0,0,1,0,3,0,0,0,0,1,0,0,0,0,0,0,0,1,0,0,1,0,0,0,0,0,1,0,0,0,2,0,1,0,0,0,1,3,0,0,0,0,0,0,0,0,1,0,0,0,1,3,0,0,0,0,0,0,0,1,3,3,0,0,0,0,0,0,1,0,0,0,0,0,0,1,0,0,0,0,0,3,1,0,0,1,0,0,0,0,0,1,1,1,0,1,0,0,0,1,0,0,3,0,0,0,0,0,1,1,0,0,1,0,0,1,0,0,-1,0,0,0,0,1,3,0,0,0,0,0,0,0,1,0,0,1,0,0,1,0,0,0,0,0,1,0,0,0,0,0,1,0,0,0,0,2,3,0,0,0,0,0,0,0,1,0,1,1,0,0,0,0,0,1,1,0,0,0,0,0,0,0,0,0,0,0,0,0
MKD,0,3,0,3,0,3,3,1,0,3,1,3,0,1,0,3,3,0,0,0,1,3,0,3,0,3,0,0,1,0,0,1,0,0,3,0,3,1,0,0,0,2,3,3,3,3,3,1,3,3,3,1,3,0,0,3,0,1,0,3,3,1,3,0,3,0,3,0,3,0,1,0,3,3,3,3,3,2,3,1,0,0,3,3,1,3,1,0,1,0,3,0,1,1,3,1,1,0,0,3,3,3,3,1,1,3,1,0,3,0,1,1,0,3,3,3,0,3,0,1,0,0,0,1,3,0,3,0,0,0,-1,3,1,0,1,3,3,0,0,3,0,3,3,3,3,0,1,0,0,1,3,0,0,0,3,1,0,3,3,3,0,1,0,0,0,3,2,3,0,0,3,3,0,3,0,1,0,1,1,0,0,3,3,0,1,1,3,0,0,0,0,1,0,3,0,1,0,1,1
NOR,0,3,0,3,1,3,3,3,2,3,1,3,1,1,3,3,3,3,0,0,3,3,3,3,3,3,1,0,1,0,2,3,0,0,3,0,3,1,0,0,3,2,3,1,3,3,3,1,3,3,3,1,3,0,0,3,3,1,3,3,3,1,3,3,3,0,3,3,3,0,1,3,3,3,3,3,3,2,3,1,0,3,3,3,3,3,1,3,1,3,3,1,3,1,3,1,3,0,0,3,3,3,3,1,1,3,1,0,3,3,1,3,3,3,3,3,0,3,3,1,1,3,0,1,3,3,3,0,0,0,3,-1,1,0,1,3,3,1,3,3,3,3,3,3,3,0,1,3,3,1,3,3,0,1,3,1,0,3,3,3,3,1,3,3,0,3,2,3,0,1,3,3,0,3,1,1,3,3,1,3,3,3,1,0,3,1,3,3,3,2,3,3,3,3,3,3,0,1,1
OMN,0,0,0,0,0,0,0,1,0,0,1,3,3,1,0,3,0,0,0,0,1,3,3,0,3,0,0,0,1,0,0,1,0,0,0,0,0,1,0,0,0,2,0,1,0,0,0,1,3,0,3,3,0,0,0,0,0,1,0,0,0,1,0,3,0,0,0,0,0,0,1,0,3,0,3,0,0,2,3,1,0,0,0,0,0,0,3,0,1,0,3,3,1,1,0,3,1,0,0,0,0,0,1,1,0,3,1,0,0,0,1,3,0,3,0,0,0,0,3,1,0,0,0,1,0,3,1,0,0,0,0,0,-1,0,1,3,0,0,1,0,3,0,0,3,0,0,1,0,0,1,0,0,3,1,3,1,0,3,0,0,0,1,0,3,0,0,2,3,0,0,0,0,3,1,1,1,3,1,1,0,0,3,1,0,1,1,0,3,2,0,0,1,3,0,0,0,1,0,0
PAK,0,0,0,0,0,0,0,0,0,0,1,0,0,0,0,0,0,0,0,0,1,0,0,0,0,0,0,0,1,0,0,1,0,0,0,0,0,1,0,0,0,2,0,0,0,0,0,1,3,0,0,0,0,0,0,0,0,1,0,0,0,1,0,0,0,0,0,0,0,0,1,0,3,0,0,0,0,0,0,0,0,0,0,0,0,0,0,0,1,0,0,0,0,0,0,0,1,0,0,0,0,0,0,1,0,1,1,0,0,0,1,0,0,3,0,0,0,0,0,1,1,0,0,1,0,0,0,0,0,0,0,0,0,-1,1,0,0,0,0,0,0,0,0,3,0,0,1,0,0,1,0,0,0,0,0,1,0,0,0,0,0,1,0,0,0,0,0,3,0,0,0,0,0,0,0,0,0,1,1,0,3,0,1,0,1,1,0,0,0,0,0,0,3,0,0,0,0,0,0
PLW,0,0,0,3,0,0,0,1,0,3,0,0,0,1,0,0,3,3,0,0,1,3,0,0,0,3,0,0,1,0,0,1,0,0,0,0,3,1,0,0,3,2,3,1,3,3,3,1,3,0,3,1,0,0,0,3,0,1,3,3,3,1,3,0,3,0,3,0,0,0,1,0,3,0,3,3,3,2,3,1,0,0,3,3,0,0,1,0,1,3,3,0,0,1,3,0,1,0,0,3,3,3,1,1,1,3,1,0,3,3,1,1,3,3,3,3,0,0,0,1,0,0,1,1,3,0,1,0,0,0,0,3,0,0,-1,3,3,1,0,3,3,3,3,1,3,3,1,0,1,1,3,0,0,1,0,1,0,3,3,3,1,1,0,3,0,3,2,3,0,0,3,3,0,3,0,1,0,1,1,1,0,0,1,0,1,1,0,0,3,3,0,0,3,3,0,1,0,0,1
PSE,0,0,0,0,0,0,0,0,0,0,0,0,0,1,0,0,0,0,0,0,3,0,0,0,0,0,0,0,1,0,0,1,0,0,0,0,0,1,0,0,0,2,0,1,0,0,0,1,3,0,3,0,0,0,0,0,3,1,0,0,0,1,0,0,0,0,0,0,0,0,1,0,0,0,0,0,0,2,3,1,0,0,0,0,0,0,3,0,0,0,0,0,0,1,0,0,1,0,0,0,0,0,1,1,0,3,1,0,0,0,1,0,0,3,0,0,0,0,0,1,0,0,0,0,0,0,3,0,0,0,0,0,0,0,1,-1,0,0,0,0,0,0,0,1,0,0,1,0,1,1,0,0,0,1,0,1,0,0,0,0,0,1,0,0,0,0,2,3,0,0,0,0,0,0,0,0,0,1,1,0,0,0,0,0,1,1,0,0,0,0,0,0,0,0,3,0,0,0,1
PAN,0,3,0,3,0,3,3,1,0,3,1,3,0,1,3,3,3,3,0,0,3,3,0,3,0,3,0,0,1,0,0,1,0,0,3,0,3,1,0,0,3,2,3,1,3,3,3,1,3,3,3,1,3,0,0,3,0,1,0,3,3,1,0,3,3,0,3,0,3,0,1,3,0,3,3,3,3,2,3,1,0,3,3,3,3,0,1,0,1,0,3,0,0,1,3,1,1,0,0,3,3,3,1,1,1,3,1,0,3,0,1,1,3,3,3,3,0,3,0,1,1,0,0,1,3,0,3,0,0,0,3,3,0,0,1,3,-1,0,3,3,3,3,3,3,3,3,1,3,3,1,3,0,0,0,0,1,0,3,3,3,0,1,3,3,0,3,2,3,0,1,3,3,0,1,0,1,0,1,1,0,3,0,3,0,1,1,3,0,3,0,3,0,0,3,0,1,0,1,1
PNG,0,0,0,0,0,3,0,1,0,0,0,3,0,3,0,0,0,3,0,0,1,0,3,0,0,0,0,0,1,0,2,1,0,0,0,0,3,1,0,0,0,2,0,1,0,0,0,1,3,3,3,1,0,0,0,0,3,1,3,0,0,1,3,0,0,0,0,3,0,0,1,0,3,0,3,0,0,2,3,1,0,0,3,0,3,0,0,0,3,0,3,0,0,1,0,0,3,0,0,0,0,0,1,1,1,3,1,0,0,1,1,3,0,3,0,0,0,0,0,1,0,0,1,1,0,0,1,0,0,0,0,0,0,0,1,3,3,-1,0,3,3,0,0,1,0,0,1,3,1,1,0,0,0,1,0,1,0,3,0,0,1,1,0,0,0,0,2,3,0,0,0,0,0,0,0,3,1,1,1,1,0,0,1,0,1,1,0,0,3,0,0,0,3,0,0,1,0,0,1
PRY,0,3,0,3,0,0,3,1,0,3,1,3,1,1,0,0,3,3,0,0,3,3,3,3,0,3,1,0,1,0,0,1,0,0,3,0,3,1,0,0,3,2,3,1,3,3,3,1,3,3,3,1,3,0,0,3,0,1,3,3,3,1,0,0,3,0,3,0,3,0,1,0,3,3,3,3,3,2,3,1,0,3,3,3,3,0,1,0,1,0,3,0,0,1,3,0,1,0,0,3,3,3,1,1,1,3,1,0,3,0,1,3,3,3,3,3,0,3,0,1,0,0,0,1,3,0,3,0,0,0,3,3,1,0,1,3,3,0,-1,3,3,3,3,3,3,3,1,3,1,1,3,0,0,0,3,1,0,3,3,3,0,1,3,3,0,3,2,3,0,1,3,3,0,3,0,1,0,1,1,0,0,0,3,0,1,1,3,3,3,0,3,0,0,3,3,0,0,1,1
PER,0,3,0,3,0,3,3,1,0,3,1,3,1,1,3,3,3,3,0,0,3,3,3,3,3,3,0,0,1,0,0,1,0,0,3,0,3,1,0,0,3,2,3,1,3,3,3,1,3,3,3,1,0,0,0,3,0,1,3,3,3,1,0,0,3,0,3,0,3,0,1,3,3,3,3,3,3,2,3,1,0,0,3,3,3,0,1,0,1,0,0,0,0,1,3,1,1,0,0,3,3,3,1,1,1,3,1,0,3,1,1,1,3,3,3,3,0,3,3,1,1,0,0,1,3,0,1,0,0,0,3,3,0,0,1,3,3,1,3,-1,3,3,3,3,3,3,1,3,1,1,3,0,0,0,3,1,0,3,3,3,0,1,3,3,0,3,2,3,0,1,3,3,0,1,0,1,3,1,1,0,3,0,3,0,1,1,0,0,0,0,3,0,3,3,3,1,0,1,1
PHL,0,0,0,0,0,0,0,1,0,0,0,0,0,0,0,0,0,0,0,0,3,0,0,3,3,0,0,0,3,0,0,1,0,0,0,0,3,1,0,0,3,3,0,0,0,0,0,1,3,0,3,0,0,0,0,0,0,1,3,0,0,1,3,0,0,0,0,0,0,0,1,0,3,0,3,0,0,2,3,1,0,0,3,0,0,0,0,0,1,0,0,0,1,3,0,0,1,0,0,0,0,0,3,1,1,3,1,0,0,1,1,1,0,3,0,0,3,0,3,1,3,0,0,1,0,0,1,0,0,0,0,0,0,0,1,3,0,1,0,3,-1,0,0,1,0,0,3,0,1,1,0,0,0,1,0,1,0,3,0,0,0,1,0,0,0,0,2,3,0,3,0,0,0,3,1,1,3,1,1,0,1,0,0,0,1,1,0,0,0,0,0,0,3,0,0,3,0,0,0
POL,0,3,0,3,1,3,3,3,2,3,1,3,1,1,3,3,3,3,0,0,3,3,3,3,3,3,1,0,1,0,2,3,0,0,3,0,3,1,0,0,3,2,3,1,3,3,3,1,3,3,3,1,3,0,0,3,3,1,3,3,3,1,3,3,3,0,3,3,3,0,1,0,3,3,3,3,3,2,3,1,0,3,3,3,3,3,1,3,1,3,3,1,3,1,3,1,1,0,0,3,3,3,3,1,1,3,1,0,3,3,1,3,3,3,3,3,0,3,3,1,1,0,0,1,3,3,3,0,0,0,3,3,1,0,3,3,3,1,3,3,3,-1,3,3,3,0,1,3,3,3,3,3,0,3,3,1,0,3,3,3,3,1,3,3,0,3,2,3,0,0,3,3,0,3,1,1,3,3,1,3,3,3,1,0,3,1,3,3,3,0,3,3,3,3,3,1,0,1,1
PRT,0,3,0,3,1,3,3,3,2,3,1,3,1,1,3,3,3,3,0,0,3,3,3,3,3,3,1,0,1,0,2,3,0,0,3,0,3,1,0,0,3,2,3,1,3,3,3,1,3,3,3,1,3,0,0,3,3,1,3,3,3,1,1,3,3,0,3,3,3,0,1,3,3,3,3,3,3,2,3,1,0,3,3,3,3,3,1,3,1,3,3,1,3,1,3,1,3,0,0,3,3,3,3,1,1,3,1,0,3,3,1,3,3,3,3,3,0,3,3,1,1,3,0,1,3,3,3,0,0,0,3,3,1,0,3,3,3,1,3,3,3,3,-1,3,3,0,1,3,3,3,3,3,0,3,3,1,0,3,3,3,3,1,3,3,0,3,2,3,0,1,3,3,0,3,1,1,3,3,1,3,3,3,1,0,3,1,3,3,3,2,3,3,3,3,3,1,0,1,1
QAT,0,0,0,0,0,0,3,3,0,0,1,3,0,1,0,3,0,0,0,0,1,3,3,0,1,0,0,0,1,0,0,1,0,0,0,3,3,1,0,0,3,2,0,1,0,0,0,1,3,3,3,0,3,0,0,0,3,1,0,0,0,1,0,3,0,0,0,0,3,0,1,0,3,3,3,0,0,2,3,1,0,0,0,0,0,0,3,0,1,0,3,3,0,1,0,3,1,0,0,0,0,0,1,1,0,3,1,0,0,0,1,3,0,3,0,0,0,3,3,1,1,0,0,1,0,3,3,0,0,0,0,0,3,0,1,3,3,0,1,0,3,0,0,-1,0,0,1,3,0,1,0,3,0,1,3,1,0,3,0,0,0,1,0,3,0,0,2,3,3,0,0,0,3,1,1,1,3,1,1,0,0,3,3,0,1,1,3,0,2,0,0,0,3,0,0,1,1,0,0
ROU,0,3,0,3,1,3,3,3,2,3,1,3,1,1,3,3,3,3,0,0,1,3,3,3,3,3,0,0,1,0,2,3,0,0,3,0,3,1,0,0,3,2,3,1,3,3,3,1,3,3,3,1,3,0,0,3,0,1,3,3,3,1,3,3,3,0,3,3,3,0,1,0,3,3,3,3,3,2,3,1,0,3,3,3,1,3,1,3,1,3,3,1,1,1,3,1,1,0,0,3,3,3,3,1,1,3,1,0,3,3,1,3,3,3,3,3,0,3,3,1,1,0,0,1,3,3,3,0,0,0,3,3,1,0,3,3,3,1,3,3,3,3,3,3,-1,0,1,3,3,3,3,3,0,3,3,1,0,3,3,3,3,1,0,3,0,3,2,3,0,0,3,3,0,3,1,3,1,3,1,3,3,3,3,0,3,1,3,3,3,0,3,3,3,3,3,1,0,3,1
RUS,0,0,0,0,1,3,3,3,0,0,3,3,1,1,3,3,0,0,0,0,3,3,3,3,3,0,0,0,1,0,0,1,0,0,3,0,3,1,0,0,3,2,0,3,0,0,0,1,3,3,3,1,3,0,0,0,3,1,3,0,0,1,3,3,0,0,0,3,3,0,1,3,3,3,3,0,0,2,3,1,0,0,3,0,3,0,1,3,1,0,0,0,3,3,0,1,1,0,0,0,0,0,3,1,0,3,1,0,0,1,1,3,2,3,3,0,3,3,3,1,1,3,1,1,0,0,3,0,0,0,3,0,1,0,3,3,3,0,3,3,3,0,0,3,0,-1,1,3,3,3,0,3,0,1,3,3,0,0,0,0,0,1,3,3,0,0,2,3,0,0,0,0,0,3,3,1,3,1,1,1,3,3,3,0,1,1,3,3,0,0,3,3,3,0,3,3,0,1,1
RWA,0,0,0,0,3,0,0,0,0,0,0,0,0,1,0,0,0,0,3,0,1,0,0,0,0,0,0,3,1,0,0,1,3,0,0,0,0,1,1,3,0,2,0,1,0,0,0,1,3,0,3,0,0,0,0,0,0,1,0,0,0,1,0,0,0,1,0,3,0,0,1,0,3,0,0,0,0,2,3,1,0,0,0,0,0,0,1,0,3,0,0,0,0,1,0,0,1,0,0,0,0,0,1,1,0,0,1,1,0,0,1,3,0,3,0,0,0,0,0,1,0,0,0,1,0,0,1,0,0,0,0,0,0,0,1,3,0,0,0,0,3,0,0,1,0,0,-1,0,0,1,0,0,0,1,0,1,0,3,0,0,0,1,0,0,1,0,2,3,0,0,0,0,0,0,0,3,0,1,1,0,0,0,0,0,1,3,0,0,0,0,0,0,3,0,0,0,0,1,1
KNA,0,3,0,3,0,3,3,1,0,3,0,3,0,3,3,0,3,3,0,0,1,3,3,3,0,3,0,0,1,0,0,1,0,0,3,0,3,1,0,0,3,2,3,3,3,3,3,1,3,3,3,1,3,0,0,3,0,1,3,3,3,1,3,0,3,0,3,3,3,0,1,3,3,3,3,3,3,2,3,1,0,3,3,3,3,0,1,0,3,3,3,0,0,1,3,1,3,0,0,3,3,3,1,1,3,3,1,0,3,0,1,3,0,3,0,3,0,3,0,1,0,0,0,1,3,0,3,0,0,0,3,3,0,0,1,3,3,0,0,3,3,3,3,1,3,3,1,-1,3,1,3,0,0,1,0,1,0,3,3,3,1,1,0,3,0,3,2,3,0,3,3,3,0,3,0,3,0,1,1,1,3,3,3,0,1,1,3,0,3,0,3,0,3,3,3,0,0,3,3
LCA,0,0,0,3,0,3,3,1,0,3,0,3,0,1,3,0,3,3,0,0,1,3,3,0,0,3,0,0,1,0,0,1,0,0,3,0,3,1,0,0,3,2,3,3,3,3,3,1,3,3,3,1,3,0,0,3,3,1,3,3,3,1,3,0,3,0,3,3,3,0,1,3,3,3,3,3,3,2,3,1,0,3,3,3,3,0,1,0,3,3,3,0,0,1,3,0,3,0,0,3,3,3,1,1,3,3,1,0,3,0,1,3,0,3,3,3,0,3,0,1,0,0,0,1,3,0,3,0,0,0,0,3,0,0,1,3,3,0,0,3,3,3,3,1,3,0,1,3,-1,1,3,0,0,1,0,1,0,3,3,3,1,1,0,3,0,3,2,3,0,3,3,3,0,3,0,3,0,1,1,1,3,3,1,0,1,1,0,0,3,0,0,0,3,3,3,0,0,3,3
WSM,0,0,0,3,0,3,0,1,0,3,0,3,0,3,3,0,3,3,0,0,1,3,3,0,0,3,0,0,1,0,2,1,0,0,0,0,3,1,0,0,3,2,3,1,3,3,3,1,3,0,3,1,0,0,0,3,3,1,3,3,3,1,3,0,3,0,3,3,0,0,1,0,3,0,3,3,3,2,3,1,0,3,0,3,3,0,1,0,3,3,3,0,0,1,3,1,3,0,0,3,3,3,3,1,3,3,1,0,3,1,1,3,0,3,3,3,0,3,0,1,0,0,1,1,3,0,1,0,0,0,0,3,0,3,1,3,3,1,0,3,3,3,3,1,3,3,1,0,3,-1,3,0,0,1,0,1,0,3,3,3,1,1,0,3,0,3,2,3,0,0,3,3,0,0,0,3,0,1,1,1,3,0,1,0,1,1,0,0,3,0,0,0,3,3,0,0,0,3,3
SMR,0,3,0,3,0,3,3,3,2,3,1,3,1,1,3,3,3,0,0,0,1,3,3,3,0,3,0,0,1,0,2,3,0,0,3,3,3,1,0,0,3,2,3,1,3,3,3,1,3,3,3,1,3,0,0,3,3,1,0,3,3,1,3,3,3,0,3,3,3,0,1,0,3,3,3,3,3,2,3,1,0,3,3,3,3,3,1,0,3,0,3,1,1,1,3,1,3,0,0,3,3,3,3,1,1,3,1,0,3,0,1,3,3,3,3,3,0,3,3,1,0,0,0,1,3,3,3,0,0,0,3,3,1,0,1,3,3,1,0,3,3,3,3,3,3,0,1,0,3,1,-1,3,0,0,3,1,0,3,3,3,1,1,3,3,0,3,2,3,0,0,3,3,0,3,0,1,1,1,1,0,0,3,3,0,1,1,3,3,3,2,3,3,3,3,3,1,0,1,1
STP,0,0,0,0,1,0,0,0,0,0,0,3,0,1,0,0,0,0,3,0,1,0,0,0,0,0,1,0,1,0,0,1,0,0,0,0,0,1,0,0,3,2,0,1,0,0,0,1,3,0,3,1,3,0,0,0,0,1,0,0,0,1,0,0,0,1,0,0,3,0,1,0,3,3,3,0,0,0,3,1,0,0,0,0,0,0,1,0,1,0,3,0,0,1,0,0,1,0,0,0,0,0,1,1,1,3,1,0,0,0,1,1,0,3,0,0,0,0,0,1,0,0,0,1,0,0,3,0,0,0,0,0,0,0,1,3,3,0,0,0,3,0,0,1,0,0,3,0,1,1,0,-1,0,0,0,1,0,3,0,0,0,1,0,0,0,0,2,3,0,0,0,0,0,0,0,1,0,1,1,0,0,0,0,0,1,1,0,0,0,0,0,0,0,0,0,0,0,1,1
SAU,0,0,0,0,0,0,0,0,0,0,1,0,3,1,0,3,0,0,0,0,1,0,3,0,1,0,0,0,1,0,0,1,0,0,0,0,0,1,0,0,0,2,0,1,0,0,0,1,3,0,3,3,3,0,0,0,0,1,0,0,0,1,0,3,0,0,0,0,3,0,1,0,3,3,3,0,0,0,3,1,0,0,0,0,0,0,3,0,1,0,3,3,3,1,0,3,1,0,0,0,0,0,1,1,1,3,1,0,0,0,1,3,0,3,0,0,0,0,3,1,1,0,0,1,0,3,3,0,0,0,0,0,3,0,1,3,3,0,0,0,3,0,0,3,0,0,1,3,0,1,0,0,-1,0,0,1,0,0,0,0,0,1,0,3,0,0,2,3,0,0,0,0,3,1,1,1,1,1,1,0,0,3,1,0,1,1,0,3,0,0,0,1,3,0,0,0,1,0,0
SEN,0,0,0,0,0,0,0,0,0,0,0,0,0,1,0,0,0,0,3,0,1,0,0,0,0,0,3,0,1,0,0,3,3,3,0,0,0,1,1,0,0,3,0,1,0,0,0,1,3,0,0,0,0,0,0,0,0,1,0,0,0,1,3,0,0,3,0,0,0,3,3,0,3,0,0,0,0,2,3,1,0,0,0,0,0,0,0,0,1,0,0,0,0,0,0,0,1,3,0,0,0,0,1,1,0,3,1,3,0,0,3,1,0,3,0,0,0,0,3,1,0,0,0,1,0,0,1,3,3,0,0,0,0,0,1,3,0,0,0,0,3,0,0,1,0,0,3,0,1,1,0,0,0,-1,0,1,3,3,0,0,0,1,0,0,0,0,2,3,0,0,0,0,0,0,0,0,0,1,3,0,0,3,0,0,1,1,0,0,0,0,0,0,0,0,0,0,0,0,1
SRB,0,3,0,3,0,0,3,1,0,3,1,0,0,1,0,3,3,0,0,0,1,3,0,3,0,3,0,0,1,0,0,1,0,0,3,3,3,1,0,0,3,2,3,3,3,3,3,1,3,3,3,1,0,0,0,3,3,1,3,3,3,1,3,3,3,0,3,0,0,0,1,0,3,0,3,3,3,2,3,1,0,0,3,3,1,3,1,3,1,0,3,1,3,1,3,1,1,0,0,3,3,3,3,1,0,1,1,0,3,0,1,1,0,3,3,3,3,3,0,1,1,0,0,1,3,0,1,0,0,0,3,3,1,0,1,3,3,0,0,3,0,3,3,1,3,3,1,0,0,1,3,0,0,0,-1,1,0,3,3,3,0,1,0,3,0,3,2,3,0,3,3,3,0,0,0,1,0,1,1,0,3,3,3,0,1,1,3,0,0,0,3,3,3,3,0,1,0,3,1
SYC,0,3,3,3,3,3,0,0,0,3,1,3,0,3,3,3,3,3,3,0,1,3,3,3,0,3,0,0,1,0,0,1,0,0,0,3,0,1,0,0,3,3,3,1,3,3,3,1,3,3,3,1,0,0,0,3,3,1,3,3,3,1,3,3,3,1,3,3,0,0,1,0,3,0,3,3,3,2,3,1,0,3,0,3,3,0,1,0,3,3,3,0,0,1,3,0,3,0,0,3,3,3,3,1,3,3,1,0,3,1,1,3,0,3,3,3,0,3,0,1,0,3,0,1,3,3,1,0,3,0,3,3,1,0,1,3,3,0,0,0,3,3,3,3,3,3,3,3,3,1,3,0,0,1,3,-1,0,3,3,3,0,1,3,3,0,3,1,3,0,0,3,3,0,0,0,3,0,1,1,1,3,3,3,0,1,3,0,3,3,0,3,0,3,3,0,0,0,3,3
SLE,0,0,0,0,0,0,0,0,0,0,0,3,0,3,3,0,0,3,3,0,1,0,3,0,0,0,3,0,1,0,0,3,0,0,0,0,0,1,0,0,0,3,0,0,0,0,0,1,3,0,3,0,0,0,0,0,3,1,3,0,0,1,3,0,0,3,0,3,0,3,3,0,3,0,0,0,0,2,0,1,0,0,0,0,3,0,0,0,3,3,0,0,0,0,0,0,3,3,0,0,0,0,1,1,1,3,1,3,0,0,1,3,0,3,0,0,0,0,0,1,0,0,0,1,0,0,0,3,3,0,0,0,0,0,1,0,0,0,0,0,0,0,0,1,0,0,1,3,1,1,0,0,0,3,0,1,-1,3,0,0,0,1,0,0,0,0,0,3,0,0,0,0,0,0,0,0,0,1,3,0,3,0,0,0,1,3,0,3,0,0,0,0,3,0,0,0,0,0,0
SGP,0,3,0,3,3,3,3,3,2,3,1,3,1,1,3,3,3,3,0,0,1,3,3,3,3,3,3,0,3,0,2,3,0,0,3,3,3,1,0,0,3,3,3,3,3,3,3,3,3,3,3,1,3,0,0,3,3,1,3,3,3,1,3,3,3,3,3,3,3,3,1,0,3,3,3,3,3,2,3,1,0,3,3,3,3,3,1,3,3,3,3,1,3,3,3,1,3,0,0,3,3,3,3,1,1,3,1,0,3,1,1,3,3,3,3,3,3,3,3,1,3,3,0,1,3,3,3,0,0,0,3,3,1,0,1,3,3,1,3,3,3,3,3,3,3,0,3,3,3,1,3,0,0,3,3,1,0,-1,3,3,1,1,3,3,0,3,1,3,0,1,3,3,0,3,1,3,3,1,1,1,3,3,3,0,1,3,0,3,3,2,3,3,3,3,0,3,0,3,3
SVK,0,3,0,3,1,3,3,3,2,3,1,3,1,1,3,3,3,3,0,0,3,3,3,3,3,3,1,0,1,0,2,3,0,0,3,0,3,1,0,0,3,2,3,1,3,3,3,1,3,3,3,1,3,0,0,3,3,1,3,3,3,1,0,3,3,0,3,3,3,0,1,0,3,3,3,3,3,2,3,1,0,3,3,3,3,3,1,3,1,3,3,1,3,1,3,1,1,0,0,3,3,3,3,1,1,3,1,0,3,3,1,3,3,3,3,3,0,3,3,1,1,0,0,1,3,3,3,0,0,0,3,3,1,0,3,3,3,1,3,3,3,3,3,3,3,0,1,3,3,3,3,3,0,3,3,1,0,3,-1,3,3,1,0,3,0,3,2,3,0,1,3,3,0,3,1,1,3,3,1,3,3,3,3,0,3,1,3,3,3,2,3,3,3,3,3,1,0,1,1
SVN,0,3,0,3,1,3,3,3,2,3,1,3,1,1,3,3,3,3,0,0,3,3,3,3,3,3,1,0,1,0,2,3,0,0,3,0,3,1,0,0,3,2,3,1,3,3,3,1,3,3,3,1,3,0,0,3,3,1,3,3,3,1,3,3,3,0,3,3,3,0,1,0,3,3,3,3,3,2,3,1,0,3,3,3,3,3,1,3,1,3,3,1,3,1,3,1,1,0,0,3,3,3,3,1,1,3,1,0,3,3,1,3,3,3,3,3,0,3,3,1,1,0,0,1,3,3,3,0,0,0,3,3,1,0,3,3,3,1,3,3,3,3,3,3,3,0,1,3,3,3,3,3,0,3,3,1,0,3,3,-1,3,1,0,3,0,3,2,3,0,1,3,3,0,3,1,1,3,3,1,3,3,3,3,0,3,1,3,3,3,2,3,3,3,3,3,1,0,1,1
SLB,0,0,0,3,0,3,0,1,0,3,0,3,0,1,3,0,3,3,0,0,1,3,3,0,0,3,0,0,1,0,2,1,0,0,0,0,3,1,0,0,3,2,3,1,3,3,3,1,3,3,3,1,3,0,0,3,3,1,3,3,3,1,3,0,3,0,3,3,3,0,1,0,3,3,0,3,3,2,3,1,0,3,3,3,3,0,1,0,3,3,3,0,0,1,3,0,3,0,0,3,3,3,1,1,1,3,1,0,3,1,1,3,0,3,3,3,0,0,0,1,0,0,1,1,3,0,3,0,0,0,0,3,0,0,1,3,3,1,0,3,3,3,3,1,3,0,1,3,3,1,3,0,0,1,0,1,0,3,3,3,-1,1,0,3,0,3,2,3,0,0,3,3,0,1,0,3,0,1,1,1,3,0,0,0,1,3,0,0,3,0,0,0,3,3,0,1,0,3,3
SOM,0,0,0,0,0,0,0,0,0,0,0,0,0,1,0,0,0,0,3,0,1,0,0,0,0,0,1,0,1,0,0,1,0,0,0,0,0,1,0,0,0,2,0,0,0,0,0,1,3,0,0,0,0,0,0,0,0,1,0,0,0,1,0,0,0,1,0,0,0,0,1,0,3,0,0,0,0,0,0,0,0,0,0,0,0,0,0,0,0,0,0,0,0,1,0,1,1,0,0,0,0,0,1,1,0,3,1,0,0,0,1,0,0,3,0,0,0,0,0,1,0,0,0,0,0,0,0,0,0,0,0,0,0,0,1,3,0,0,0,0,0,0,0,1,0,0,1,0,0,1,0,0,0,0,0,1,0,0,0,0,0,-1,0,0,0,0,2,3,0,0,0,0,0,0,0,0,0,1,1,0,0,0,1,0,1,1,0,0,0,0,0,0,0,0,0,0,0,0,0
ZAF,0,0,0,0,3,3,3,1,0,0,1,3,0,0,3,0,0,3,3,0,1,0,3,3,0,0,0,0,1,0,0,1,0,0,3,0,0,1,0,0,3,2,0,1,0,0,0,1,3,3,3,0,3,0,0,0,3,1,3,0,0,1,0,3,0,1,0,3,3,0,1,3,3,3,3,0,0,2,3,1,0,3,3,0,3,0,1,0,3,0,3,0,1,1,0,0,3,0,0,0,0,0,3,1,3,3,1,0,0,1,1,3,0,3,0,0,0,0,0,3,1,3,0,1,0,0,3,0,0,0,0,0,1,0,1,3,3,0,3,3,3,0,0,3,0,3,1,3,3,1,0,0,0,1,0,1,0,3,0,0,0,1,-1,3,0,0,2,3,0,0,0,0,0,0,1,3,3,1,1,0,3,3,1,0,1,1,0,0,0,0,3,0,3,0,3,0,0,3,3
KOR,0,3,0,3,1,3,3,3,2,3,1,3,1,1,3,3,3,3,0,0,1,3,3,3,3,3,0,0,1,0,2,1,0,0,3,0,3,1,0,0,3,2,3,1,3,3,3,1,3,3,3,1,3,0,0,3,3,1,3,3,3,1,3,3,3,0,3,3,3,0,1,3,3,3,3,3,3,2,3,1,0,3,3,3,3,3,1,3,1,3,3,1,3,3,3,1,3,3,0,3,3,3,3,1,1,3,1,0,3,1,1,3,3,3,3,3,0,3,3,1,3,0,0,1,3,3,3,0,0,0,3,3,1,0,1,3,3,1,3,3,3,3,3,3,3,3,1,3,3,1,3,3,0,3,3,1,0,3,3,3,1,1,3,-1,0,3,2,3,0,3,3,3,0,3,1,1,3,1,1,1,3,3,3,0,1,1,3,3,3,2,3,3,3,3,3,3,0,1,1
SSD,0,0,0,0,0,0,0,0,0,0,0,0,0,1,0,0,0,0,3,0,1,0,3,0,0,0,0,3,1,0,0,1,0,0,0,0,0,1,0,0,0,2,0,1,0,0,0,1,3,0,3,1,0,0,0,0,0,1,0,0,0,1,0,0,0,1,0,0,0,0,1,0,3,0,0,0,0,0,0,1,0,0,0,0,0,0,0,0,1,0,0,0,0,1,0,0,1,0,0,0,0,0,1,1,0,3,1,0,0,0,1,0,0,3,0,0,0,0,0,1,0,0,0,1,0,0,0,0,0,0,0,0,0,0,1,3,0,0,0,0,0,0,0,1,0,0,3,0,0,1,0,0,0,0,0,1,0,3,0,0,0,1,0,0,-1,0,2,3,0,0,0,0,0,0,0,1,0,1,1,0,0,0,1,0,1,1,0,0,0,0,0,0,0,0,0,0,0,0,0
ESP,0,3,0,3,1,3,3,3,2,3,1,3,1,1,3,3,3,3,0,0,3,3,3,3,3,3,1,0,1,0,2,3,0,0,3,0,3,1,0,0,3,2,3,1,3,3,3,1,3,3,3,1,3,0,0,3,3,1,3,3,3,1,1,3,3,0,3,3,3,0,1,3,3,3,3,3,3,2,3,1,0,3,3,3,3,3,1,3,1,3,3,1,3,1,3,1,3,0,0,3,3,3,3,1,1,3,1,0,3,3,1,3,3,3,3,3,0,3,3,1,1,3,0,1,3,3,3,0,0,0,3,3,1,0,3,3,3,1,3,3,3,3,3,3,3,0,1,3,3,3,3,3,0,3,3,1,0,3,3,3,3,1,3,3,0,-1,2,3,0,1,3,3,0,3,1,1,3,3,1,3,3,3,1,0,3,1,3,3,3,2,3,3,3,3,3,3,0,1,1
LKA,0,0,0,0,0,0,0,0,0,0,1,3,0,0,3,0,0,0,0,0,1,0,0,0,0,0,0,0,1,0,0,1,0,0,0,0,0,1,0,0,0,2,0,0,0,0,0,1,3,0,3,0,0,0,0,0,0,1,0,0,0,1,3,0,0,0,0,3,0,0,1,0,3,0,0,0,0,2,3,1,0,0,0,0,0,0,0,0,1,0,0,0,0,1,0,0,3,0,0,0,0,0,0,1,0,1,1,0,0,0,1,1,0,3,0,0,0,0,0,1,1,0,0,1,0,0,0,0,0,0,0,0,0,0,1,0,0,0,0,0,0,0,0,1,0,0,1,3,0,1,0,0,0,0,0,1,0,3,0,0,0,1,0,0,0,0,-1,3,0,0,0,0,0,0,0,0,0,1,1,0,0,0,0,0,1,1,0,0,0,0,0,0,3,0,0,0,0,0,0
VCT,0,0,0,3,0,3,3,1,0,3,0,3,0,1,3,3,3,3,0,0,1,3,3,3,0,3,0,0,1,0,0,1,0,0,3,0,3,1,0,0,3,2,3,3,3,3,3,1,3,3,3,1,3,0,0,3,0,1,3,3,3,1,3,3,3,0,3,3,3,0,1,3,3,3,3,3,3,2,3,1,0,3,3,3,3,0,1,0,3,3,3,0,0,1,3,0,3,0,0,3,3,3,1,1,3,3,1,0,3,1,1,3,0,3,3,3,0,3,0,1,0,0,0,1,3,0,3,0,0,0,0,3,0,0,1,3,3,0,0,3,3,3,3,1,3,3,1,3,3,1,3,0,0,1,3,1,0,3,3,3,1,1,3,3,0,3,2,-1,0,3,3,3,0,3,0,3,0,1,1,1,3,0,1,0,1,3,0,3,3,0,3,0,3,3,3,0,0,3,3
SDN,0,0,0,0,0,0,0,0,0,0,0,0,0,1,0,0,0,0,3,0,1,0,0,0,0,0,0,0,1,0,0,1,0,0,0,0,0,1,0,0,0,2,0,0,0,0,0,1,3,0,3,0,0,0,1,0,0,1,0,0,0,1,0,0,0,1,0,0,0,0,1,0,3,0,0,0,0,0,0,1,0,0,0,0,0,0,0,0,1,0,0,0,0,0,0,1,1,0,0,0,0,0,1,1,0,3,1,0,0,0,1,0,0,3,0,0,0,0,0,1,0,0,0,1,0,0,0,0,0,0,0,0,0,0,1,0,0,0,0,0,0,0,0,1,0,0,1,0,1,1,0,0,0,0,0,1,0,0,0,0,0,1,0,0,0,0,0,3,-1,0,0,0,3,0,0,1,0,1,1,0,0,0,1,0,1,1,0,0,0,0,0,0,0,0,0,0,0,0,0
SUR,0,0,0,0,0,3,3,1,0,0,0,3,1,1,3,0,0,3,0,0,1,0,0,3,0,0,0,0,1,0,0,1,0,0,0,0,3,1,0,0,3,2,0,1,0,0,0,1,3,3,3,1,0,0,0,0,0,1,0,0,0,1,3,0,0,0,0,3,0,0,1,3,3,0,3,0,0,2,3,1,0,0,3,0,3,3,1,0,1,0,0,0,0,0,0,0,1,0,0,0,0,0,1,1,1,3,1,0,0,0,1,3,0,3,0,0,0,0,0,1,0,0,0,1,0,0,1,0,0,0,0,0,1,0,1,3,0,0,0,3,3,0,0,3,0,3,1,3,3,1,0,0,0,1,3,1,0,3,0,0,0,1,0,3,0,0,2,3,0,-1,0,0,0,0,0,1,0,1,1,0,3,0,1,0,1,1,0,0,0,0,0,0,0,0,0,0,0,1,1
SWE,0,3,0,3,1,3,3,3,2,3,1,3,1,1,3,3,3,3,0,0,3,3,3,3,3,3,1,0,1,0,2,3,0,0,3,0,3,1,0,0,3,2,3,1,3,3,3,1,3,3,3,1,3,0,0,3,3,1,3,3,3,1,3,3,3,0,3,3,3,0,1,3,3,3,3,3,3,2,3,1,0,3,3,3,3,3,1,3,1,3,3,1,3,1,3,1,3,0,0,3,3,3,3,1,1,3,1,0,3,3,1,3,3,3,3,3,0,3,3,1,1,3,0,1,3,3,3,0,0,0,3,3,1,0,3,3,3,1,3,3,3,3,3,3,3,0,1,3,3,3,3,3,0,3,3,1,0,3,3,3,3,1,3,3,0,3,2,3,0,1,-1,3,0,3,1,1,3,3,1,3,3,3,3,0,3,1,3,3,3,2,3,3,3,3,3,3,0,1,1
CHE,0,3,0,3,1,3,3,3,2,3,1,3,1,1,3,3,3,3,0,0,3,3,3,3,3,3,1,0,1,0,2,3,0,0,3,0,3,1,0,0,3,2,3,1,3,3,3,1,3,3,3,1,3,0,0,3,3,1,3,3,3,1,3,3,3,0,3,3,3,0,1,3,3,3,3,3,3,2,3,1,0,3,3,3,3,3,1,3,1,3,3,1,3,3,3,1,3,0,0,3,3,3,3,1,1,3,1,0,3,1,1,3,3,3,3,3,0,3,3,1,1,3,0,1,3,3,3,0,0,0,3,3,1,0,1,3,3,1,3,3,3,3,3,3,3,0,1,3,3,1,3,3,0,1,3,1,0,3,3,3,3,1,3,3,0,3,2,3,0,1,3,-1,0,3,1,1,3,3,1,3,3,3,3,0,3,1,3,3,3,2,3,3,3,3,3,1,0,1,1
SYR,0,0,0,0,0,0,0,0,0,0,0,0,0,1,0,0,0,0,0,0,1,0,0,0,0,0,0,0,1,0,0,1,0,0,0,0,0,1,0,0,0,2,0,1,0,0,0,1,3,0,3,0,0,0,0,0,0,1,0,0,0,1,0,0,0,0,0,0,0,0,1,0,3,0,0,0,0,0,0,3,0,0,0,0,0,0,0,0,0,0,0,0,0,0,0,1,1,0,0,0,0,0,1,1,0,3,1,0,0,0,0,0,0,3,0,0,0,0,0,1,0,0,0,0,0,0,0,0,0,0,0,0,0,0,1,3,0,0,0,0,0,0,0,1,0,0,1,0,0,1,0,0,0,0,0,1,0,0,0,0,0,1,0,0,0,0,0,0,3,0,0,0,-1,0,0,0,0,1,1,0,0,0,1,0,1,1,0,0,0,0,0,0,0,0,0,0,1,0,0
TWN,0,3,0,3,0,3,0,1,2,3,0,0,0,1,3,0,3,3,0,0,1,3,0,0,1,3,1,0,1,0,2,1,0,0,3,1,3,1,0,0,3,2,3,1,3,3,3,1,3,3,3,1,0,0,0,3,3,1,3,3,3,1,3,0,3,0,3,0,3,0,1,0,3,3,0,3,3,2,3,1,0,3,3,3,1,3,1,0,1,3,3,0,0,1,3,0,1,0,0,3,3,3,3,1,1,3,1,0,3,3,1,1,0,3,0,3,0,3,0,1,1,0,1,1,3,3,3,0,0,0,3,3,1,0,1,3,3,1,3,3,2,3,3,1,3,0,1,3,3,1,3,0,0,0,0,1,0,3,3,3,1,1,0,3,0,3,2,3,0,0,3,3,0,-1,0,1,1,1,1,0,0,0,1,0,3,1,0,0,3,2,3,0,3,3,0,0,0,0,0
TJK,0,0,0,0,0,3,0,3,0,0,3,0,0,1,3,3,0,0,0,0,1,0,0,0,0,0,0,0,1,0,0,1,0,0,0,0,0,1,0,0,0,2,0,1,0,0,0,1,3,0,3,0,0,0,0,0,0,1,0,0,0,1,0,3,0,0,0,0,0,0,1,0,3,0,0,0,0,2,3,1,0,0,0,0,1,0,1,3,0,0,0,0,3,1,0,1,1,0,0,0,0,0,1,1,0,3,1,0,0,1,1,1,0,3,3,0,0,0,0,1,0,3,0,1,0,0,1,0,0,0,0,0,0,0,1,3,0,0,0,0,3,0,0,1,0,3,1,0,0,1,0,0,0,0,0,1,0,0,0,0,0,1,0,0,0,0,2,3,0,0,0,0,0,0,-1,0,0,1,1,0,0,0,3,0,1,1,3,0,0,0,0,3,0,0,0,0,0,0,1
TZA,0,0,0,0,0,3,0,0,0,0,0,3,0,3,3,0,0,3,3,0,1,0,3,0,0,0,0,3,1,0,0,1,0,0,0,0,0,1,0,1,0,2,0,1,0,0,0,1,3,0,3,0,0,0,0,0,3,1,3,0,0,1,3,0,0,1,0,3,0,3,1,0,3,0,3,0,0,2,3,1,0,0,0,0,3,0,0,0,3,0,0,0,0,1,0,0,3,0,0,0,0,0,3,1,3,3,1,0,0,0,1,3,0,3,0,0,0,0,0,3,0,3,0,1,0,0,1,0,0,0,0,0,0,0,1,0,0,0,0,0,3,0,0,1,0,0,3,3,3,1,0,0,0,1,0,1,0,3,0,0,0,1,3,0,1,0,2,3,0,0,0,0,0,0,0,-1,0,1,1,0,0,0,0,0,1,3,0,0,0,0,0,0,3,0,0,0,0,3,3
THA,0,0,0,0,0,0,3,1,0,0,1,0,1,0,0,0,0,0,0,0,1,0,0,3,3,0,0,0,3,0,0,1,0,0,3,0,0,1,0,0,0,2,0,1,0,0,0,1,3,3,3,0,0,0,0,0,0,1,3,0,0,1,0,3,0,0,0,0,0,0,1,0,3,0,3,0,0,2,3,1,0,0,0,0,0,3,1,0,1,0,0,0,1,3,0,0,1,0,0,0,0,0,3,1,1,3,1,0,0,1,1,1,0,3,0,0,3,0,0,1,3,0,0,1,0,0,1,0,0,0,0,0,1,0,1,3,3,1,0,3,3,0,0,3,0,3,1,0,1,1,0,0,0,1,0,1,0,3,0,0,1,1,3,3,0,0,2,3,0,0,0,0,0,3,1,1,-1,1,1,0,0,0,3,0,1,1,0,0,0,0,0,1,3,0,0,3,0,1,0
TLS,0,0,0,3,1,0,0,1,0,3,0,0,0,1,3,0,3,0,0,0,1,3,0,0,0,3,0,0,1,0,0,1,0,0,0,0,0,1,0,0,0,2,3,1,3,3,3,1,3,0,3,1,0,0,0,3,3,1,0,3,3,1,3,0,3,0,3,0,0,0,1,0,3,0,3,3,3,2,3,1,0,0,0,3,0,0,1,0,1,0,3,0,0,1,3,0,1,0,0,3,3,3,1,1,1,3,1,0,3,0,1,1,0,3,3,3,0,3,0,1,0,0,0,1,3,0,0,0,0,0,0,3,0,0,1,3,0,0,0,0,0,3,3,1,3,0,1,0,1,1,3,3,0,0,0,1,0,3,3,3,0,1,0,0,0,3,2,3,0,0,3,3,0,0,0,1,0,-1,1,0,0,0,1,0,1,1,0,0,3,0,0,0,0,3,0,1,0,0,0
TGO,0,0,0,0,0,0,0,0,0,0,0,0,0,1,0,0,0,0,3,0,1,0,0,0,0,0,3,0,1,0,0,3,0,3,0,0,0,1,1,0,0,3,0,1,0,0,0,1,3,0,3,0,0,0,0,0,0,1,0,0,0,1,3,0,0,3,0,0,0,3,3,0,3,0,0,0,0,0,3,1,0,0,0,0,0,0,0,0,1,0,0,0,0,1,0,0,1,3,0,0,0,0,1,1,0,3,1,3,0,0,1,1,0,3,0,0,0,0,0,1,0,0,0,1,0,0,1,3,3,0,0,0,0,0,1,0,0,0,0,0,3,0,0,1,0,0,1,0,1,1,0,0,0,3,0,1,3,3,0,0,0,1,0,0,0,0,2,3,0,0,0,0,0,0,0,1,0,1,-1,0,0,0,0,0,1,1,0,0,0,0,0,0,0,0,0,0,0,0,0
TON,0,0,0,3,0,0,0,1,0,3,0,3,0,3,3,0,3,3,0,0,1,3,3,0,0,3,0,0,1,0,0,1,0,0,3,3,0,1,0,0,3,2,3,1,3,3,3,1,3,3,3,1,0,0,0,3,3,1,3,3,3,1,3,0,3,0,3,3,0,0,1,0,3,0,3,3,3,2,3,1,0,3,3,3,3,0,1,0,3,3,3,0,0,0,3,0,3,0,0,3,3,3,1,1,1,3,1,0,3,1,1,3,0,3,3,3,0,0,0,1,0,0,1,1,3,0,1,0,0,0,0,3,0,3,1,3,3,1,0,3,0,3,3,1,3,0,1,3,3,1,3,0,0,0,0,1,0,3,3,3,1,1,0,3,0,3,2,3,0,0,3,3,0,0,0,3,0,1,1,-1,3,0,0,0,1,3,0,0,3,0,0,0,3,3,0,0,0,3,3
TTO,0,3,0,3,0,3,3,1,0,3,1,3,0,1,3,0,3,3,0,0,1,3,3,3,0,3,0,0,1,0,0,1,0,0,3,0,3,1,0,0,3,2,3,1,3,3,3,1,3,3,3,1,3,0,0,3,3,1,3,3,3,1,3,0,3,3,3,3,3,0,1,3,3,3,3,3,3,2,3,1,0,3,3,3,3,0,1,0,3,3,3,0,0,1,3,0,3,0,0,3,3,3,1,1,3,3,1,0,3,0,1,3,3,3,3,3,0,3,0,1,0,0,0,1,3,0,3,0,0,0,0,3,0,3,1,3,3,0,0,3,3,3,3,1,3,0,1,3,3,1,3,0,0,1,3,1,0,3,3,3,1,1,3,3,0,3,2,3,0,3,3,3,0,0,0,3,0,1,1,0,-1,0,3,0,1,1,0,0,3,0,3,0,3,3,3,0,0,3,3
TUN,0,0,3,0,0,0,0,0,0,0,0,0,0,1,3,0,0,3,3,0,1,0,0,3,0,0,1,0,1,0,0,1,0,0,0,0,0,1,0,0,0,3,0,1,0,0,0,1,3,0,3,0,0,0,0,0,0,1,3,0,0,3,0,0,0,1,0,0,0,3,1,0,3,0,3,0,0,0,3,1,0,0,0,0,0,3,1,0,1,3,0,0,0,1,0,1,1,0,3,0,0,0,1,1,0,3,1,3,0,0,3,3,0,3,0,0,0,0,3,1,0,0,0,1,0,0,1,3,0,0,0,0,0,0,1,3,0,0,0,0,3,0,0,1,0,0,1,0,0,1,0,0,0,3,3,1,0,0,0,0,0,1,0,3,0,0,2,3,0,0,0,0,3,0,1,1,0,1,1,0,0,-1,3,0,1,1,0,0,0,0,0,0,3,0,0,0,0,0,0
TUR,0,3,0,0,0,3,3,1,0,0,1,3,1,1,3,3,0,3,0,0,3,3,3,3,3,0,0,0,1,0,0,1,0,0,3,0,3,1,0,0,3,2,0,1,0,0,0,1,3,3,3,0,3,0,0,0,3,1,3,0,0,1,3,3,0,0,0,0,3,0,1,0,3,3,3,0,0,0,3,3,3,0,0,0,3,3,3,3,1,0,3,1,3,1,0,1,1,0,1,0,0,0,3,1,0,3,1,0,0,1,1,3,2,3,3,0,3,3,3,1,1,0,0,1,0,0,3,0,0,0,3,0,1,0,1,3,3,0,3,3,3,0,0,3,0,0,1,3,3,1,0,3,0,1,3,1,0,3,0,0,0,1,3,3,0,0,2,3,1,1,0,0,0,1,1,1,3,1,1,1,3,3,-1,0,1,1,3,0,0,0,3,3,3,0,3,0,0,1,1
TKM,0,0,0,0,0,3,0,1,0,0,1,0,0,1,3,0,0,0,0,0,1,0,0,0,0,0,0,0,1,0,0,1,0,0,0,0,0,1,0,0,0,2,0,1,0,0,0,1,3,0,3,0,0,0,0,0,0,1,0,0,0,1,3,3,0,0,0,0,0,0,1,0,3,0,0,0,0,0,3,1,0,0,0,0,1,0,1,0,1,0,0,0,0,1,0,1,1,0,0,0,0,0,1,1,0,3,1,0,0,1,1,1,0,3,0,0,0,0,0,1,0,3,0,1,0,0,1,0,0,0,0,0,0,0,1,3,0,0,0,0,3,0,0,1,0,0,1,0,0,1,0,0,0,0,0,1,0,0,0,0,0,1,0,0,0,0,2,3,0,0,0,0,0,0,1,0,0,1,1,0,0,0,3,-1,1,1,0,0,0,0,0,0,0,0,0,0,0,0,1
TUV,0,0,0,3,0,3,0,1,0,3,0,3,0,1,3,0,3,3,0,0,1,3,3,0,0,3,0,0,1,0,0,1,0,0,0,0,0,1,0,0,3,2,3,1,3,3,3,1,3,3,3,1,3,0,0,3,3,1,3,3,3,1,3,0,3,0,3,3,3,0,1,0,3,3,3,3,3,2,3,1,0,3,0,3,3,0,1,0,3,3,3,0,0,1,3,0,3,0,0,3,3,3,1,1,3,3,1,0,3,1,1,3,0,3,0,3,0,0,0,1,0,0,1,1,3,0,3,0,0,0,0,3,0,0,1,3,3,1,0,3,1,3,3,1,3,0,1,3,3,1,3,0,0,1,0,1,0,3,3,3,1,1,0,3,0,3,2,3,0,0,3,3,0,3,0,3,0,1,1,1,3,0,1,0,-1,1,0,0,3,0,0,0,3,3,0,0,0,3,3
UGA,0,0,0,0,0,3,0,0,0,0,0,3,0,1,3,0,0,3,3,0,1,0,3,0,0,0,0,3,1,0,0,1,0,0,0,0,0,1,0,0,0,2,0,1,0,0,0,1,3,0,3,0,0,0,3,0,3,1,3,0,0,1,3,0,0,1,0,3,0,0,1,0,3,0,3,0,0,2,3,1,0,0,0,0,3,0,0,0,3,0,0,0,0,1,0,0,3,0,0,0,0,0,1,1,3,3,1,0,0,0,1,3,0,3,0,0,0,0,0,1,1,0,0,1,0,0,1,0,0,0,0,0,0,0,1,0,0,0,0,0,3,0,0,1,0,0,3,3,1,1,0,0,0,1,0,1,1,3,0,0,0,1,0,0,1,0,0,3,0,0,0,0,0,0,0,3,0,1,1,0,0,0,0,0,1,-1,0,0,0,0,0,0,3,0,0,0,0,3,3
UKR,0,3,0,3,0,3,3,3,0,3,3,0,0,1,3,3,3,0,0,0,1,3,0,3,3,3,0,0,1,0,0,1,0,0,3,0,0,1,0,0,3,2,3,1,3,3,3,1,3,3,3,1,3,0,0,3,3,1,3,3,3,1,0,3,3,0,3,0,3,0,1,0,3,3,3,3,3,2,3,1,0,0,3,3,3,0,1,3,1,0,0,1,3,1,3,1,1,0,0,3,3,3,1,1,0,3,1,0,3,1,1,3,2,3,3,3,3,3,0,1,1,3,0,1,3,0,3,0,0,0,3,3,1,0,1,3,3,0,3,3,0,3,3,3,3,3,1,3,0,1,3,0,0,1,3,1,0,0,3,3,0,1,0,0,0,3,2,3,0,0,3,3,0,0,3,1,1,1,1,1,0,0,3,0,1,1,-1,3,0,0,3,3,3,3,0,0,0,1,1
ARE,0,3,0,3,1,3,3,3,1,3,1,3,3,1,3,3,3,0,0,0,1,3,3,3,3,3,3,1,1,0,2,1,0,3,3,3,3,1,1,1,3,1,3,1,3,3,3,1,3,3,3,3,3,0,0,3,3,1,3,3,3,1,3,3,3,0,3,3,3,1,1,1,3,3,3,3,3,2,3,1,0,3,0,3,0,3,3,3,1,0,3,3,3,1,3,3,1,1,0,3,3,3,1,1,1,3,1,3,3,1,1,3,3,3,3,3,0,3,3,1,0,0,3,1,3,3,3,1,0,0,3,3,3,0,1,3,3,0,1,0,3,3,3,3,3,3,1,3,3,1,3,3,3,1,3,3,1,3,3,3,3,1,0,3,0,3,1,3,3,0,3,3,3,1,1,1,3,1,1,3,0,3,1,0,1,1,3,-1,2,0,3,1,3,3,0,1,1,1,1
GBR,0,3,0,3,1,3,3,3,2,3,1,3,1,1,3,3,3,3,0,0,3,3,3,3,3,3,1,0,1,0,2,3,0,0,3,0,3,1,0,0,3,2,3,1,3,3,3,1,3,3,3,1,3,0,0,3,3,1,3,3,3,1,3,3,3,0,3,3,3,0,1,3,3,3,3,3,3,2,3,0,0,3,3,3,3,3,1,3,1,3,3,1,3,1,3,1,3,0,0,3,3,3,3,1,1,3,1,0,3,3,1,3,3,3,3,3,0,3,3,1,1,3,0,1,3,3,3,0,0,0,3,3,1,0,1,3,3,1,3,3,3,3,3,3,3,0,1,3,3,1,3,3,0,3,3,1,0,3,3,3,1,1,3,3,0,3,2,3,0,1,3,3,0,3,1,1,3,1,1,1,3,3,1,0,1,1,3,3,-1,2,3,3,3,3,3,3,0,3,1
USA,0,3,0,3,1,3,3,3,2,3,1,3,1,1,3,3,3,3,0,0,1,3,3,0,3,3,1,0,1,0,3,1,3,0,3,0,3,1,0,0,3,2,3,1,3,3,3,1,3,3,3,1,3,3,0,3,3,1,3,3,3,1,1,3,3,0,3,3,3,0,1,3,3,3,3,3,3,2,3,0,0,3,3,3,3,3,1,3,1,3,3,1,3,1,3,1,3,0,0,3,3,3,3,1,1,3,1,0,3,3,1,3,3,3,3,3,3,3,3,1,1,3,0,1,3,3,3,0,0,0,3,3,1,0,3,3,3,1,1,3,3,3,3,3,3,0,1,3,3,1,3,3,0,3,3,1,0,3,3,3,1,1,3,3,0,3,2,3,0,1,3,3,0,3,1,1,3,1,1,1,3,3,1,0,1,1,3,3,3,-1,3,1,3,3,0,1,0,1,1
URY,0,3,0,3,1,0,3,3,0,3,0,3,1,1,3,3,3,3,0,0,3,3,3,3,0,3,0,0,1,0,0,1,0,0,3,0,3,1,0,0,3,2,3,1,3,3,3,1,3,3,3,1,3,0,0,3,3,1,3,3,3,1,0,3,3,0,3,0,3,0,1,3,3,3,3,3,3,2,3,1,0,3,3,3,3,3,1,0,1,0,3,0,0,1,3,0,1,0,0,3,3,3,3,1,1,3,1,0,3,1,1,1,3,3,3,3,3,3,0,1,1,0,0,1,3,3,3,0,0,0,3,3,1,0,1,3,3,1,3,3,3,3,3,3,3,3,1,3,3,1,3,0,0,0,3,1,0,3,3,3,0,1,3,3,0,3,2,3,0,1,3,3,0,0,0,1,0,1,1,0,3,0,3,0,1,1,3,3,3,0,-1,0,3,3,3,1,0,1,1
UZB,0,0,0,0,0,3,0,3,0,0,3,0,0,0,3,3,0,0,0,0,1,0,0,0,0,0,0,0,1,0,0,1,0,0,0,0,0,1,0,0,0,2,0,1,0,0,0,1,3,0,3,0,0,0,0,0,0,1,0,0,0,1,0,3,0,0,0,0,0,0,1,0,3,0,0,0,0,2,3,1,0,0,0,0,1,0,1,3,1,0,0,0,3,1,0,1,1,0,0,0,0,0,1,1,0,3,1,0,0,0,1,1,0,3,3,0,0,0,0,1,1,3,0,1,0,0,1,0,0,0,0,0,0,0,1,3,0,0,0,0,3,0,0,1,0,3,1,0,0,1,0,0,0,0,0,1,0,0,0,0,0,1,0,0,0,0,2,3,0,0,0,0,0,0,3,0,1,1,1,0,0,0,3,0,1,1,3,0,0,0,0,-1,0,0,0,0,0,0,1
VUT,0,0,0,3,0,3,0,1,0,3,0,3,0,1,3,3,3,3,0,0,1,3,3,0,0,3,0,0,1,0,0,1,0,0,0,0,0,1,0,0,3,2,3,1,3,3,3,1,3,3,3,1,3,0,0,3,3,1,3,3,3,1,3,0,3,0,3,3,3,0,1,0,3,3,3,3,3,2,3,1,0,3,3,3,3,0,0,0,3,3,3,0,0,1,3,0,3,0,0,3,3,3,1,1,1,3,1,0,3,1,1,3,0,3,3,3,0,3,0,1,0,0,1,1,3,0,3,0,0,0,0,3,0,0,1,3,3,1,0,3,3,3,3,1,3,3,1,3,3,1,3,0,0,1,0,1,0,3,3,3,1,1,0,0,0,3,2,3,0,0,3,3,0,0,0,3,0,1,1,1,3,0,1,0,1,3,0,0,3,0,0,0,-1,3,0,1,0,3,3
VAT,0,3,0,3,1,3,3,3,2,3,1,3,1,1,3,3,3,3,0,0,3,3,3,3,0,3,0,0,1,0,2,3,0,0,3,0,3,1,0,0,3,2,3,1,3,3,3,1,3,3,3,1,3,0,0,3,3,1,3,3,3,1,3,3,3,0,3,3,3,0,1,0,3,3,3,3,3,2,3,1,0,3,3,3,0,0,1,0,1,0,3,1,3,1,3,0,1,0,0,3,3,3,1,1,1,3,1,0,3,1,1,3,0,3,3,3,0,3,0,1,0,0,0,1,3,3,3,0,0,0,3,3,1,0,1,3,3,1,0,3,3,3,3,3,3,0,1,3,0,1,3,3,0,1,3,1,0,3,3,3,0,1,0,3,0,3,2,3,0,0,3,3,0,3,1,1,0,1,1,0,0,3,3,0,1,1,3,3,3,0,3,3,3,-1,0,0,0,1,1
VEN,0,3,0,3,1,3,3,1,0,3,0,3,1,1,3,3,3,3,0,0,3,3,3,3,0,3,1,0,1,0,0,1,0,0,3,0,3,1,0,0,3,2,3,1,3,3,3,1,3,3,3,1,0,0,0,3,0,1,3,3,3,1,3,0,3,0,3,3,0,0,1,0,3,0,3,3,3,2,3,3,0,0,0,3,3,0,1,0,1,0,3,0,1,1,3,1,1,0,0,3,3,3,1,1,1,3,1,0,3,0,1,1,3,3,3,3,0,3,0,1,1,0,0,1,3,0,3,0,0,0,3,3,1,0,1,3,0,0,3,3,3,3,3,3,3,3,1,3,0,1,3,0,0,0,0,1,0,3,3,3,0,1,3,3,0,3,2,3,0,1,3,3,0,0,1,1,0,1,1,0,3,0,3,0,1,1,0,0,0,0,3,0,0,3,-1,1,0,1,1
VNM,0,0,0,0,0,0,0,0,0,0,1,0,0,0,0,0,0,0,0,0,1,0,0,0,3,0,0,0,3,0,0,1,0,0,3,0,0,1,0,0,0,2,0,1,0,0,0,1,3,0,3,0,0,0,0,0,0,1,0,0,0,1,0,0,0,0,0,0,0,0,1,0,3,0,0,0,0,2,3,1,0,0,0,0,0,0,0,0,1,0,0,1,3,3,0,0,1,0,0,0,0,0,0,1,1,3,1,0,0,1,1,1,0,3,0,0,0,0,0,1,3,0,0,1,0,0,0,0,0,0,0,0,0,0,1,3,3,0,0,0,3,0,0,1,0,0,1,0,1,1,0,0,0,0,0,1,0,3,0,0,0,1,0,0,0,0,2,3,0,0,0,0,0,0,1,1,3,1,1,0,0,0,0,0,1,1,0,0,0,0,0,0,0,0,0,-1,0,1,0
YEM,0,0,0,0,0,0,0,0,0,0,0,0,0,0,0,0,0,0,0,0,1,0,0,0,0,0,0,0,1,0,0,1,0,0,0,0,0,1,0,0,0,2,0,1,0,0,0,1,3,0,3,0,0,0,0,0,0,1,0,0,0,1,0,0,0,0,0,0,0,0,1,0,3,0,0,0,0,0,0,0,0,0,0,0,0,0,0,0,0,0,0,0,0,1,0,1,1,0,0,0,0,0,1,1,0,3,1,0,0,0,1,0,0,3,0,0,0,0,0,1,0,0,0,1,0,0,0,0,0,0,0,0,0,0,1,3,0,0,0,0,0,0,0,1,0,0,1,0,0,1,0,0,0,0,0,1,0,0,0,0,0,1,0,0,0,0,2,3,3,0,0,0,3,0,1,0,0,1,1,0,0,0,0,0,1,1,0,0,0,0,0,0,0,0,0,0,-1,0,0
ZMB,0,0,0,0,3,3,0,0,0,0,0,3,0,3,3,0,0,3,3,0,1,0,3,0,0,0,0,0,1,0,0,1,0,0,0,0,0,1,0,0,0,2,0,1,0,0,0,1,3,0,3,0,0,0,0,0,3,1,3,0,0,1,3,0,0,1,0,3,0,0,1,0,3,0,3,0,0,2,3,1,0,0,0,0,3,0,0,0,3,3,0,0,0,0,0,0,3,0,0,0,0,0,1,1,3,3,1,0,0,0,1,3,0,3,0,0,0,0,0,3,0,3,0,1,0,0,1,0,0,0,0,0,0,0,1,0,0,0,0,0,3,0,0,1,0,0,1,3,3,1,0,0,0,1,0,1,0,3,0,0,0,1,3,0,0,0,2,3,0,0,0,0,0,0,0,3,0,1,1,0,3,0,1,0,1,3,0,0,0,0,0,0,3,0,0,0,0,-1,3
ZWE,0,0,0,0,3,0,0,0,0,0,0,3,0,1,3,0,0,3,3,0,1,0,3,0,0,0,0,0,1,0,0,1,0,0,0,0,0,1,0,3,0,2,0,1,0,0,0,1,3,0,3,0,0,0,0,0,3,1,3,0,0,1,3,0,0,3,0,0,0,0,1,0,3,0,3,0,0,2,3,1,0,0,0,0,0,0,1,0,3,3,0,0,0,0,0,0,3,0,0,0,0,0,1,1,3,3,1,0,0,0,1,3,0,3,0,0,0,0,0,3,0,3,0,0,0,0,1,0,0,0,0,0,0,0,1,3,0,0,0,0,3,0,0,1,0,0,1,3,1,1,0,0,0,1,0,1,0,3,0,0,0,1,3,0,0,0,2,3,0,0,0,0,0,0,0,3,0,1,1,0,3,0,0,0,1,3,0,0,0,0,0,0,3,0,0,0,0,3,-1
