Passport,AF,AL,DZ,AD,AO,AG,AR,AM,AU,AT,AZ,BS,BH,BD,BB,BY,BE,BZ,BJ,BT,BO,BA,BW,BR,BN,BG,BF,BI,KH,CM,CA,CV,CF,TD,CL,CN,CO,KM,CG,CD,CR,CI,HR,CU,CY,CZ,DK,DJ,DM,DO,EC,EG,SV,GQ,ER,EE,SZ,ET,FJ,FI,FR,GA,GM,GE,DE,GH,GR,GD,GT,GN,GW,GY,HT,HN,HK,HU,IS,IN,ID,IR,IQ,IE,IL,IT,JM,JP,JO,KZ,KE,KI,XK,KW,KG,LA,LV,LB,LS,LR,LY,LI,LT,LU,MO,MG,MW,MY,MV,ML,MT,MH,MR,MU,MX,FM,MD,MC,MN,ME,MA,MZ,MM,NA,NR,NP,NL,NZ,NI,NE,NG,KP,MK,NO,OM,PK,PW,PS,PA,PG,PY,PE,PH,PL,PT,QA,RO,RU,RW,KN,LC,WS,SM,ST,SA,SN,RS,SC,SL,SG,SK,SI,SB,SO,ZA,KR,SS,ES,LK,VC,SD,SR,SE,CH,SY,TW,TJ,TZ,TH,TL,TG,TO,TT,TN,TR,TM,TV,UG,UA,AE,GB,US,UY,UZ,VU,VA,VE,VN,YE,ZM,ZW
AF,-1,0,0,0,0,0,0,0,0,0,0,0,0,1,0,0,0,0,0,0,1,0,0,0,0,0,0,0,1,0,0,1,0,0,0,0,0,1,0,0,0,2,0,0,0,0,0,1,3,0,0,0,0,0,0,0,0,1,0,0,0,1,0,0,0,0,0,0,0,0,1,0,3,0,0,0,0,0,0,0,0,0,0,0,0,0,0,0,0,0,0,0,0,0,0,0,1,0,0,0,0,0,1,1,0,0,1,0,0,0,1,0,0,3,0,0,0,0,0,1,0,0,0,0,0,0,0,0,0,0,0,0,0,0,1,0,0,0,0,0,0,0,0,1,0,0,1,0,0,1,0,0,0,0,0,1,0,0,0,0,0,1,0,0,0,0,0,3,0,0,0,0,0,0,0,0,0,1,1,0,0,0,0,0,1,1,0,0,0,0,0,0,0,0,0,0,0,0,0
AL,0,-1,0,3,0,3,0,3,0,3,1,0,0,1,3,3,3,0,0,0,1,3,0,3,0,3,0,0,1,0,0,1,0,0,3,0,3,1,0,0,0,2,3,1,3,3,3,1,3,3,3,1,3,0,0,3,0,1,0,3,3,1,3,3,3,0,3,0,0,0,1,0,3,0,3,3,3,2,3,1,0,0,3,3,1,0,0,0,1,0,3,0,1,1,3,0,1,0,0,3,3,3,3,1,1,3,1,0,3,0,1,1,0,3,3,3,0,3,0,1,1,0,0,1,3,0,0,0,0,0,3,3,1,0,1,3,0,0,0,0,0,3,3,1,3,0,1,0,0,1,3,0,0,0,3,1,0,3,3,3,0,1,0,3,0,3,2,3,0,0,3,3,0,0,0,1,0,1,1,0,3,0,3,0,1,1,3,0,0,0,0,1,0,3,0,0,0,1,1
DZ,0,0,-1,0,1,0,0,0,0,0,1,0,0,0,0,0,0,0,3,0,1,0,0,0,0,0,0,0,1,0,0,1,0,0,0,0,0,1,0,0,0,2,0,1,0,0,0,1,3,0,3,0,0,0,0,0,0,1,0,0,0,1,0,0,0,1,0,0,0,3,1,0,3,0,3,0,0,0,3,1,0,0,0,0,0,0,1,0,1,0,0,0,0,0,0,1,1,0,0,0,0,0,1,1,0,3,1,3,0,0,3,1,0,3,0,0,0,0,3,1,1,0,0,1,0,0,1,0,0,0,0,0,0,0,1,3,0,0,0,0,0,0,0,1,0,0,1,0,0,1,0,0,0,1,0,1,0,0,0,0,0,1,0,0,0,0,2,3,0,0,0,0,3,0,1,1,0,1,1,0,0,3,1,0,1,1,0,0,0,0,0,1,0,0,0,0,1,0,1
AD,0,3,0,-1,0,3,3,3,2,3,1,3,1,1,0,3,3,3,0,0,3,3,0,3,0,3,0,0,1,0,2,3,0,0,3,0,3,1,0,0,3,2,3,1,3,3,3,1,3,3,3,1,3,0,0,3,3,1,0,3,3,1,3,3,3,0,3,0,3,0,1,0,3,3,3,3,3,2,3,1,0,3,3,3,1,3,1,0,1,0,3,1,1,1,3,1,1,0,0,3,3,3,3,1,1,3,1,0,3,1,1,1,3,3,3,3,0,3,3,1,0,0,0,1,3,3,3,0,0,0,3,3,1,0,1,3,3,1,3,3,3,3,3,3,3,0,1,0,3,1,3,3,0,1,3,1,0,3,3,3,1,1,3,3,0,3,2,3,0,0,3,3,0,3,1,1,1,1,1,0,0,3,3,0,1,1,3,3,3,2,3,3,3,3,3,1,0,1,1
AO,0,0,0,0,-1,0,0,0,0,0,0,0,0,1,0,0,0,0,3,0,1,0,3,0,0,0,0,0,1,0,0,3,0,0,0,0,0,1,0,0,0,2,0,1,0,0,0,1,3,0,3,0,0,0,0,0,0,1,0,0,0,1,0,0,0,1,0,0,0,0,1,0,3,0,0,0,0,2,3,1,0,0,0,0,0,0,0,0,1,0,0,0,0,1,0,0,1,0,0,0,0,0,1,1,0,0,1,0,0,0,1,3,0,3,0,0,0,0,0,3,0,3,0,1,0,0,1,0,0,0,0,0,0,0,1,0,3,0,0,0,3,0,0,1,0,0,1,0,0,1,0,3,0,1,0,1,0,3,0,0,0,1,3,0,0,0,2,3,0,0,0,0,0,0,0,1,0,1,1,0,0,3,0,0,1,3,0,0,0,0,0,1,0,0,0,0,0,3,3
AG,0,3,0,3,0,-1,0,1,0,3,0,3,0,1,3,3,3,3,0,0,1,3,3,3,0,3,0,0,1,0,0,1,0,0,3,0,3,1,0,0,3,2,3,3,3,3,3,1,3,3,3,1,3,0,0,3,3,1,3,3,3,1,3,3,3,0,3,3,3,0,1,3,3,3,3,3,3,2,3,1,0,3,0,3,3,0,1,0,1,3,3,0,0,1,3,1,3,0,0,3,3,3,1,1,3,3,1,0,3,0,1,3,0,3,3,3,0,3,0,1,0,0,0,1,3,0,3,0,0,0,3,3,0,0,1,3,3,0,0,3,3,3,3,3,3,0,1,3,3,1,3,0,0,0,3,1,0,3,3,3,1,1,3,3,0,3,2,3,0,3,3,3,0,0,0,3,0,1,1,0,3,3,1,0,1,3,3,0,3,0,0,1,3,3,3,0,0,3,3
AR,0,3,0,3,1,3,-1,3,0,3,1,3,1,1,3,3,3,3,0,0,3,3,3,3,0,3,1,0,1,0,0,1,0,0,3,0,3,1,0,0,3,2,3,1,3,3,3,1,3,3,3,1,3,0,0,3,3,1,3,3,3,1,0,3,3,0,3,3,3,0,1,3,3,3,3,3,3,2,3,1,0,3,3,3,3,3,1,3,1,0,3,0,1,1,3,1,1,0,0,3,3,3,1,1,1,3,1,0,3,1,1,3,3,3,3,3,3,3,3,1,1,0,0,1,3,3,3,0,0,0,3,3,1,0,1,3,3,1,3,3,3,3,3,3,3,3,1,3,3,1,3,0,0,1,3,1,0,3,3,3,1,1,3,3,0,3,2,3,0,3,3,3,0,0,1,1,3,1,1,0,3,3,3,0,1,1,3,3,3,0,3,3,3,3,3,1,0,1,1
AM,0,3,0,0,0,3,3,-1,0,0,0,3,0,1,3,3,0,0,0,0,1,0,0,3,0,0,0,0,1,0,0,1,0,0,0,0,0,1,0,0,0,2,0,1,0,0,0,1,3,0,3,0,0,0,0,0,0,1,0,0,0,1,0,3,0,0,0,0,0,0,1,0,3,0,3,0,0,2,3,3,0,0,0,0,1,0,1,3,0,0,0,0,3,1,0,1,1,0,0,0,0,0,3,1,1,3,1,0,0,0,1,1,0,3,3,0,0,0,0,1,0,3,0,1,0,0,0,0,0,0,0,0,0,0,1,3,3,0,0,0,0,0,0,1,0,3,1,0,0,1,0,0,0,1,0,1,0,0,0,0,0,1,0,0,0,0,2,3,0,0,0,0,0,0,3,1,0,1,1,0,0,0,1,0,1,1,3,0,0,0,3,3,0,0,0,1,0,0,1
AU,0,3,0,3,1,3,3,3,-1,3,1,3,1,1,3,3,3,3,0,0,3,3,3,0,1,3,1,0,1,0,2,1,0,0,3,0,3,1,0,0,3,2,3,1,3,3,3,1,3,3,3,1,3,0,0,3,3,1,3,3,3,1,3,3,3,0,3,3,3,0,1,3,3,3,3,3,3,2,3,1,0,3,3,3,3,3,1,3,1,3,3,1,3,1,3,1,3,0,0,3,3,3,3,1,1,3,1,0,3,1,1,3,3,3,3,3,0,3,3,1,1,3,0,1,3,3,3,0,0,0,3,3,1,0,1,3,3,1,1,3,3,3,3,3,3,0,1,3,3,1,3,0,0,1,3,1,0,3,3,3,1,1,3,3,0,3,2,3,0,0,3,3,0,3,1,1,3,1,1,1,1,3,1,0,1,1,0,3,3,2,3,3,3,3,3,1,0,1,1
AT,0,3,0,3,1,3,3,3,2,-1,1,3,1,1,3,3,3,3,0,0,3,3,3,3,3,3,1,0,1,0,2,3,0,0,3,0,3,1,0,0,3,2,3,1,3,3,3,1,3,3,3,1,3,0,0,3,3,1,3,3,3,1,3,3,3,0,3,3,3,0,1,3,3,3,3,3,3,2,3,1,0,3,3,3,3,3,1,3,1,3,3,1,3,1,3,1,3,0,0,3,3,3,3,1,1,3,1,0,3,3,1,3,3,3,3,3,0,3,3,1,1,3,0,1,3,3,3,0,0,0,3,3,1,0,3,3,3,1,3,3,3,3,3,3,3,0,1,3,3,3,3,3,0,3,3,1,0,3,3,3,3,1,3,3,0,3,2,3,0,1,3,3,0,3,1,1,3,3,1,3,3,3,1,0,3,1,3,3,3,2,3,3,3,3,3,1,0,1,1
AZ,0,3,0,0,0,3,0,0,0,0,-1,3,0,1,3,3,0,0,0,0,1,3,0,0,0,0,0,0,1,0,0,1,0,0,0,0,3,1,0,0,0,2,0,1,0,0,0,1,3,0,3,0,0,0,0,0,0,1,0,0,0,1,0,3,0,0,0,0,0,0,1,0,3,0,0,0,0,2,3,3,0,0,0,0,1,0,1,3,0,0,0,0,3,1,0,1,1,0,0,0,0,0,1,1,1,3,1,0,0,1,1,1,0,3,3,0,0,3,0,1,0,3,0,1,0,0,1,0,0,0,3,0,1,0,1,3,0,0,0,0,0,0,0,3,0,3,1,0,0,1,0,0,0,0,3,1,0,0,0,0,0,1,0,0,0,0,2,3,0,0,0,0,0,0,3,0,0,1,1,0,0,0,3,0,1,1,3,0,0,0,0,3,3,0,0,1,0,0,1
BS,0,3,0,3,0,3,0,1,0,3,1,-1,0,1,3,0,3,3,0,0,1,3,3,3,0,3,0,0,1,0,2,1,0,0,3,3,3,1,0,0,3,2,3,1,3,3,3,1,3,3,3,1,3,0,0,3,3,1,3,3,3,1,3,3,3,0,3,3,3,0,1,3,3,3,3,3,3,2,3,1,0,3,3,3,3,3,1,0,3,3,3,0,0,1,3,1,3,0,0,3,3,3,1,1,3,3,1,0,3,0,1,3,3,3,3,3,0,3,0,1,0,0,0,1,3,0,3,0,0,0,3,3,0,0,1,3,3,0,0,3,3,3,3,3,3,0,1,3,3,1,3,0,0,1,3,1,0,3,3,3,1,1,3,3,0,3,2,3,0,3,3,3,0,0,0,3,0,1,1,1,3,0,1,0,1,3,0,3,3,3,3,1,3,3,0,0,0,3,3
BH,0,0,0,0,0,0,0,1,0,0,1,3,-1,1,0,3,0,0,0,0,1,3,3,0,1,0,0,0,1,0,0,1,0,0,0,0,0,1,0,0,0,2,0,1,0,0,0,1,3,3,3,3,3,0,0,0,0,1,0,0,0,1,0,3,0,0,0,0,3,0,1,0,3,3,3,0,0,0,3,1,0,0,0,0,0,0,3,0,1,0,3,3,3,1,0,3,1,0,0,0,0,0,1,1,1,3,1,0,0,0,1,3,0,3,0,0,0,0,3,1,0,0,0,1,0,3,3,0,0,0,0,0,3,0,1,3,0,0,0,0,3,0,0,3,0,0,1,3,0,1,0,0,3,1,3,1,0,3,0,0,0,1,0,3,0,0,2,3,0,0,0,0,3,1,1,1,3,1,1,0,0,3,3,0,1,1,0,3,0,0,0,1,3,0,0,0,1,0,1
BD,0,0,0,0,0,0,0,0,0,0,0,3,0,-1,3,0,0,0,0,3,1,0,0,0,0,0,0,0,1,0,0,1,0,0,0,0,0,1,0,0,0,2,0,0,0,0,0,1,3,0,0,0,0,0,0,0,0,1,3,0,0,1,3,0,0,0,0,3,0,0,1,0,3,0,0,0,0,0,3,0,0,0,0,0,3,0,0,0,1,0,0,0,0,0,0,0,3,0,0,0,0,0,0,1,0,1,1,0,0,0,1,0,0,3,0,0,0,0,0,1,1,0,0,1,0,0,0,0,0,0,0,0,0,0,0,0,0,0,0,0,0,0,0,1,0,0,1,3,0,1,0,0,0,0,0,1,0,0,0,0,0,1,0,0,0,0,2,3,0,0,0,0,0,0,0,0,0,1,1,0,3,0,0,0,1,1,0,0,0,0,0,1,3,0,0,0,0,0,0
BB,0,3,0,3,0,3,3,1,0,3,1,3,0,3,-1,3,3,3,0,0,1,3,3,3,0,3,0,0,1,0,2,1,0,0,3,3,3,1,0,0,3,2,3,3,3,3,3,1,3,3,3,0,3,3,0,3,3,1,3,3,3,1,3,3,3,0,3,3,3,0,1,3,3,3,3,3,3,2,3,1,0,3,3,3,3,3,1,0,3,3,3,0,0,1,3,1,3,0,0,3,3,3,1,1,3,3,1,0,3,1,1,3,3,3,3,3,0,3,0,1,0,0,0,1,3,0,3,0,0,0,3,3,0,0,1,3,3,0,0,3,3,3,3,1,3,0,1,3,3,1,3,0,0,1,3,1,0,3,3,3,1,1,3,3,0,3,2,3,0,3,3,3,0,0,0,3,0,1,1,1,3,3,1,0,1,3,0,1,3,0,3,1,3,3,3,0,0,3,3
BY,0,0,0,0,0,3,3,3,0,0,3,0,0,1,3,-1,0,0,0,0,1,0,0,3,0,0,0,0,1,0,0,1,0,0,0,3,0,1,0,0,0,2,0,3,0,0,0,1,3,0,3,0,0,0,0,0,0,1,0,0,0,1,3,3,0,0,0,0,0,0,1,0,3,0,3,0,0,0,3,1,0,0,3,0,1,0,1,3,1,0,0,0,3,1,0,1,1,0,0,0,0,0,3,1,1,3,1,0,0,0,1,1,0,3,3,0,3,3,0,1,1,3,0,1,0,0,3,0,0,0,0,0,1,0,1,3,3,0,0,3,0,0,0,3,0,3,1,0,0,1,0,0,0,0,3,1,0,0,0,0,0,1,0,0,0,0,2,3,0,0,0,0,0,0,3,1,0,1,1,0,0,0,3,0,1,1,3,0,0,0,0,3,3,0,3,3,0,1,1
BE,0,3,0,3,1,3,3,3,2,3,1,3,1,1,3,3,-1,3,0,0,3,3,3,3,3,3,1,0,1,0,2,3,0,0,3,0,3,1,0,0,3,2,3,1,3,3,3,1,3,3,3,1,3,0,0,3,3,1,3,3,3,1,3,3,3,0,3,3,3,0,1,3,3,3,3,3,3,2,3,1,0,3,3,3,3,3,1,3,1,3,3,1,3,1,3,1,3,0,0,3,3,3,3,1,1,3,1,0,3,3,1,3,3,3,3,3,0,3,3,1,1,3,0,1,3,3,3,0,0,0,3,3,1,0,3,3,3,1,3,3,3,3,3,3,3,0,1,3,3,3,3,3,0,3,3,1,0,3,3,3,3,1,3,3,0,3,2,3,0,1,3,3,0,3,1,1,3,3,1,3,3,3,1,0,3,1,3,3,3,2,3,3,3,3,3,1,0,1,1
BZ,0,0,0,0,0,3,0,1,0,0,0,3,0,1,3,0,0,-1,0,0,1,0,3,3,0,0,0,0,1,0,0,1,0,0,3,0,3,1,0,0,3,2,0,1,0,0,0,1,3,3,3,0,3,0,0,0,3,1,3,0,0,1,3,3,0,0,0,3,3,0,1,3,3,3,3,0,0,2,3,1,0,3,3,0,3,0,0,0,3,3,3,0,0,1,0,1,3,0,0,0,0,0,1,1,3,3,1,0,0,1,1,3,3,3,0,0,0,0,0,1,0,0,0,1,0,0,3,0,0,0,0,0,0,0,1,3,3,0,0,3,3,0,0,1,0,0,1,3,3,1,0,0,0,0,0,1,0,3,0,0,1,1,3,0,0,0,2,3,0,3,0,0,0,3,0,3,0,1,1,0,3,0,3,0,1,3,0,0,3,0,3,1,3,0,3,0,0,3,3
BJ,0,0,0,0,0,0,0,0,0,0,0,0,0,1,0,0,0,0,-1,0,1,0,0,0,0,0,3,0,1,0,0,3,3,1,0,0,0,1,1,0,0,3,0,1,0,0,0,1,3,0,3,0,0,0,0,0,0,1,0,0,0,1,3,0,0,3,0,0,0,3,3,0,3,0,3,0,0,0,3,1,0,0,0,0,0,0,0,0,1,0,0,0,0,1,0,0,1,3,0,0,0,0,1,1,1,3,1,3,0,0,1,3,0,3,0,0,0,0,0,1,0,0,0,1,0,0,1,3,3,0,0,0,0,0,1,0,0,0,0,0,3,0,0,1,0,0,3,0,1,1,0,0,0,3,0,1,3,3,0,0,0,1,3,0,0,0,2,3,0,0,0,0,0,0,0,1,0,1,3,0,0,3,0,0,1,1,0,0,0,0,0,0,0,0,0,0,0,0,0
BT,0,0,0,0,0,0,0,1,0,0,0,0,0,3,0,0,0,0,0,-1,1,0,0,0,0,0,0,0,1,0,0,1,0,0,0,0,3,1,0,0,0,2,0,1,0,0,0,1,3,0,3,1,0,0,0,0,0,1,0,0,0,1,3,0,0,0,0,0,0,0,1,0,3,0,3,0,0,3,3,1,0,0,0,0,0,0,1,0,1,0,0,1,0,1,0,1,1,0,0,0,0,0,1,1,1,1,1,0,0,0,1,1,0,3,0,0,0,0,0,1,1,0,0,1,0,0,1,0,0,0,0,0,0,0,1,3,3,0,0,0,3,0,0,1,0,0,1,0,1,1,0,0,0,0,0,1,0,3,0,0,0,1,0,0,0,0,2,3,0,0,0,0,0,0,0,1,1,1,1,0,0,0,1,0,1,1,0,0,0,0,0,0,0,0,0,0,0,1,1
BO,0,0,0,0,0,0,3,1,0,0,1,3,1,1,0,0,0,3,0,0,-1,0,0,3,0,0,0,0,1,0,0,1,0,0,3,0,3,1,0,0,3,2,0,1,0,0,0,1,3,3,3,1,0,0,0,0,0,1,0,0,0,1,3,0,0,0,0,0,0,0,1,1,3,0,3,0,0,2,3,3,0,3,0,0,3,0,1,0,1,0,0,0,0,1,0,0,1,0,0,0,0,0,1,1,1,3,1,0,0,0,1,1,0,3,0,0,0,0,0,1,1,0,0,1,0,0,1,0,0,0,0,0,1,0,1,3,3,0,3,3,3,0,0,3,0,3,1,3,1,1,0,0,0,0,3,1,0,3,0,0,0,1,3,0,0,0,2,3,0,1,0,0,0,0,0,1,0,1,1,0,0,0,3,0,1,1,0,0,0,0,3,1,0,0,3,0,0,1,0
BA,0,3,0,3,0,0,0,1,0,3,1,3,0,1,0,3,3,0,0,0,1,-1,0,3,0,3,0,0,1,0,0,1,0,0,3,3,3,1,0,0,0,2,3,3,3,3,3,1,3,3,3,0,0,0,0,3,3,1,0,3,3,1,3,3,3,0,3,0,0,0,1,0,3,0,3,3,3,2,3,1,0,0,0,3,1,0,1,0,1,0,0,0,3,1,3,0,1,0,0,3,3,3,3,1,1,3,1,0,3,0,1,1,0,3,3,3,0,3,0,1,1,0,0,1,3,0,0,0,0,0,3,3,1,0,1,3,3,0,0,0,0,3,3,1,3,3,1,0,3,1,3,0,0,0,3,1,0,3,3,3,0,1,0,3,0,3,2,3,0,0,3,3,0,0,0,1,0,1,1,0,3,3,3,0,1,1,3,0,0,0,0,3,0,3,0,1,0,1,1
BW,0,0,0,0,3,3,0,0,0,0,0,3,0,3,3,0,0,3,3,0,1,0,-1,0,0,0,0,0,1,0,0,1,0,0,0,0,0,1,0,0,0,2,0,1,0,0,0,1,3,3,3,0,0,0,0,0,3,1,3,0,0,1,3,3,0,1,0,3,0,0,1,3,3,0,3,0,0,2,3,1,0,3,3,0,3,0,0,0,3,0,3,0,0,1,0,0,3,0,0,0,0,0,1,1,3,3,1,0,0,0,1,3,0,3,0,0,0,0,0,3,0,3,0,1,0,0,0,0,0,0,3,0,0,0,1,0,3,0,0,0,3,0,0,1,0,0,1,3,3,1,0,0,0,3,0,1,0,3,0,0,0,1,3,0,1,0,2,3,0,0,0,0,0,0,0,3,0,1,1,0,3,0,0,0,1,1,0,0,3,0,0,0,3,0,0,0,0,3,3
BR,0,3,0,3,1,3,3,3,0,3,1,3,1,0,3,3,3,3,0,0,3,3,3,-1,0,3,1,0,1,0,0,1,0,0,3,0,3,1,0,0,3,2,3,1,3,3,3,1,3,3,3,1,3,0,0,3,3,1,3,3,3,1,0,3,3,0,3,3,3,0,1,3,3,3,3,3,3,2,3,1,0,3,3,3,3,0,1,3,1,0,3,0,1,1,3,1,1,0,0,3,3,3,3,1,1,3,1,0,3,1,1,3,3,3,3,3,3,3,3,1,1,3,0,1,3,3,3,0,0,0,3,3,1,0,1,3,3,1,3,3,3,3,3,3,3,3,1,3,3,1,3,3,0,3,3,1,0,3,3,3,1,1,3,3,0,3,2,3,0,3,3,3,0,0,1,1,3,1,1,1,3,3,3,0,1,1,3,3,3,0,3,3,3,3,3,1,0,1,1
BN,0,3,0,3,0,3,0,1,2,3,1,3,1,1,3,0,3,3,0,0,1,3,3,0,-1,3,0,0,3,0,2,1,0,0,0,3,3,1,0,0,3,2,3,1,3,3,3,1,3,3,3,1,3,0,0,3,3,1,3,3,3,1,3,3,3,0,3,3,3,0,1,0,3,3,3,3,3,2,3,1,0,3,0,3,3,3,1,0,3,0,3,1,3,3,3,0,3,0,0,3,3,3,3,1,1,3,1,0,3,1,1,3,0,3,3,3,0,3,0,1,3,0,0,1,3,3,3,0,0,0,3,3,1,0,1,3,3,1,0,3,3,3,3,3,3,3,1,3,3,1,3,0,0,1,0,1,0,3,3,3,1,1,0,3,0,3,2,3,0,0,3,3,0,3,1,3,3,1,1,1,3,3,3,0,1,1,3,3,3,2,0,3,3,3,0,3,0,1,1
BG,0,3,0,3,1,3,3,3,2,3,1,3,1,1,3,3,3,3,0,0,1,3,3,3,3,-1,0,0,1,0,2,3,0,0,3,0,3,1,0,0,3,2,3,1,3,3,3,1,3,3,3,1,3,0,0,3,0,1,3,3,3,1,3,3,3,0,3,3,3,0,1,0,3,3,3,3,3,2,3,1,0,3,3,3,1,3,1,3,1,3,3,1,1,1,3,1,1,0,0,3,3,3,3,1,1,3,1,0,3,3,1,3,3,3,3,3,0,3,3,1,1,0,0,1,3,3,3,0,0,0,3,3,1,0,3,3,3,1,3,3,3,3,3,3,3,0,1,3,3,3,3,3,0,3,3,1,0,3,3,3,3,1,0,3,0,3,2,3,0,0,3,3,0,3,1,1,1,3,1,3,3,3,3,0,3,1,3,3,3,0,3,3,3,3,3,1,0,1,1
BF,0,0,0,0,0,0,0,0,0,0,0,0,0,3,0,0,0,0,3,0,1,0,0,0,0,0,-1,0,1,0,0,3,3,3,0,0,0,1,1,0,0,3,0,1,0,0,0,1,3,0,3,0,0,0,0,0,0,1,0,0,0,1,3,0,0,3,0,0,0,3,3,0,3,0,3,0,0,0,3,1,0,0,0,0,0,0,0,0,1,0,0,0,0,1,0,0,1,3,0,0,0,0,1,1,0,0,1,3,0,0,1,1,0,3,0,0,0,0,0,1,0,0,0,1,0,0,1,3,3,0,0,0,0,0,1,0,0,0,0,0,3,0,0,1,0,0,1,0,1,1,0,0,0,3,0,1,3,3,0,0,0,1,0,0,0,0,2,3,0,0,0,0,0,1,0,1,0,1,3,0,0,3,0,0,1,1,0,0,0,0,0,0,0,0,0,0,0,0,0
BI,0,0,0,0,0,0,0,0,0,0,0,0,0,1,0,0,0,0,3,0,1,0,0,0,0,0,0,-1,1,0,0,1,3,0,0,0,0,1,0,3,0,2,0,1,0,0,0,1,3,0,3,0,0,0,0,0,0,1,0,0,0,1,0,0,0,1,0,0,0,0,1,0,3,0,0,0,0,2,3,1,0,0,0,0,0,0,0,0,3,0,0,0,0,0,0,0,1,0,0,0,0,0,1,1,0,0,1,0,0,0,1,3,0,3,0,0,0,0,0,1,0,0,0,1,0,0,1,0,0,0,0,0,0,0,1,0,0,0,0,0,3,0,0,1,0,0,3,0,1,1,0,0,0,3,3,1,0,3,0,0,0,1,0,0,0,0,2,3,0,0,0,0,0,0,0,1,0,1,1,0,0,0,0,0,1,3,0,0,0,0,0,0,0,0,0,0,0,1,1
KH,0,0,0,0,0,0,0,1,0,0,0,0,0,1,0,0,0,0,0,0,1,0,0,0,3,0,0,0,-1,0,0,1,0,0,0,0,0,1,0,0,0,2,0,1,0,0,0,1,3,0,3,1,0,0,0,0,0,1,0,0,0,1,3,0,0,0,0,0,0,0,1,0,3,0,0,0,0,2,3,1,0,0,0,0,0,0,0,0,1,0,0,1,0,3,0,0,1,0,0,0,0,0,1,1,1,3,1,0,0,1,1,1,0,3,0,0,0,0,0,1,3,0,0,1,0,0,1,0,0,0,0,0,0,0,1,3,3,0,0,0,3,0,0,1,0,0,1,0,1,1,0,0,0,0,0,1,0,3,0,0,0,1,0,0,0,0,2,3,0,0,0,0,0,0,0,1,3,1,1,0,0,0,1,0,1,1,0,0,0,0,0,1,0,0,0,3,0,1,0
CM,0,0,0,0,0,0,0,0,0,0,0,0,0,1,0,0,0,0,3,0,1,0,0,0,0,0,0,0,1,-1,0,1,3,3,0,0,0,1,3,0,0,2,0,0,0,0,0,1,3,0,3,0,0,0,0,0,0,1,0,0,0,1,0,0,0,1,0,3,0,0,1,0,3,0,0,0,0,2,0,1,0,0,0,0,0,0,0,0,1,0,0,0,0,0,0,0,3,0,0,0,0,0,1,1,0,0,1,3,0,0,1,1,0,3,0,0,0,0,0,1,1,0,0,0,0,0,0,0,3,0,0,0,0,0,1,0,0,0,0,0,3,0,0,1,0,0,1,0,1,1,0,0,0,3,0,1,0,3,0,0,0,1,0,0,0,0,0,3,0,0,0,0,0,0,0,1,0,1,1,0,0,0,0,0,1,1,0,0,0,0,0,1,3,0,0,0,0,0,0
CA,0,3,0,3,1,3,3,1,2,3,1,3,1,1,3,3,3,3,0,0,3,3,3,0,3,3,1,0,1,0,-1,1,0,0,3,0,3,1,0,0,3,2,3,1,3,3,3,1,3,3,3,1,3,0,0,3,3,1,3,3,3,1,3,3,3,0,3,3,3,0,1,3,3,3,3,3,3,2,3,0,0,3,3,3,3,3,1,3,1,3,3,1,3,1,3,1,3,0,0,3,3,3,3,1,1,3,1,0,3,1,1,3,3,3,3,3,3,3,3,1,1,3,0,1,3,3,3,0,0,0,3,3,1,0,1,3,3,1,1,3,3,3,3,3,3,0,1,3,3,1,3,3,0,3,3,1,0,3,3,3,1,1,3,3,0,3,2,3,0,1,3,3,0,3,1,1,3,1,1,1,3,3,1,0,1,1,3,3,3,3,3,3,3,3,3,1,0,1,1
CV,0,0,0,0,1,0,0,0,0,0,0,3,0,1,0,0,0,0,3,0,1,0,0,0,0,0,3,0,1,0,0,-1,0,0,0,0,0,1,0,0,0,3,0,1,0,0,0,1,3,0,3,0,0,0,0,0,0,1,0,0,0,1,3,0,0,3,0,0,0,3,3,0,3,0,3,0,0,2,3,1,0,0,0,0,0,0,1,0,1,0,0,0,0,1,0,0,1,3,0,0,0,0,3,1,1,3,1,3,0,1,1,3,0,3,0,0,0,0,0,1,0,0,0,1,0,0,1,3,3,0,0,0,0,0,1,3,3,0,0,0,3,0,0,1,0,0,1,0,1,1,0,3,0,3,0,1,3,3,0,0,0,1,3,0,0,0,2,3,0,0,0,0,0,0,0,1,0,1,3,0,0,3,0,0,1,1,0,0,0,0,0,1,0,0,0,0,0,1,1
CF,0,0,0,0,0,0,0,0,0,0,0,0,0,1,0,0,0,0,3,0,1,0,0,0,0,0,3,0,1,3,0,1,-1,3,0,0,0,1,3,0,0,3,0,1,0,0,0,1,3,0,3,0,0,0,0,0,0,1,0,0,0,1,0,0,0,1,0,0,0,0,1,0,3,0,0,0,0,0,0,1,0,0,3,0,0,0,0,0,1,0,0,0,0,1,0,0,1,0,0,0,0,0,1,1,0,0,1,0,0,0,1,1,0,3,0,0,0,0,0,1,0,0,0,1,0,0,1,0,0,0,0,0,0,0,1,3,0,0,0,0,3,0,0,1,0,0,3,0,0,1,0,0,0,3,0,1,0,3,0,0,0,1,0,0,0,0,2,3,0,0,0,0,0,0,0,1,0,1,1,0,0,0,0,0,1,1,0,0,0,0,0,0,0,0,0,0,0,0,0
TD,0,0,0,0,0,0,0,0,0,0,0,0,0,1,0,0,0,0,3,0,1,0,0,0,0,0,1,0,1,3,0,1,3,-1,0,0,0,1,3,0,0,3,0,1,0,0,0,1,3,0,3,0,0,0,0,0,0,1,0,0,0,1,0,0,0,1,0,0,0,0,1,0,3,0,3,0,0,0,3,1,0,0,0,0,0,0,0,0,1,0,0,0,0,1,0,0,1,0,0,0,0,0,1,1,0,3,1,3,0,0,1,3,0,3,0,0,0,0,0,1,0,0,0,1,0,0,1,3,3,0,0,0,0,0,1,0,0,0,0,0,3,0,0,1,0,0,3,0,0,1,0,0,0,1,0,1,0,3,0,0,0,1,0,0,0,0,2,3,0,0,0,0,0,0,0,0,0,1,1,0,0,0,0,0,1,1,0,0,0,0,0,0,0,0,0,0,0,0,0
CL,0,3,0,3,1,3,3,1,0,3,1,3,1,1,3,3,3,3,0,0,3,3,3,3,0,3,0,0,1,0,2,1,0,0,-1,0,3,1,0,0,3,2,3,1,3,3,3,1,3,3,3,1,3,0,0,3,3,1,3,3,3,1,0,3,3,0,3,3,3,0,1,3,3,3,3,3,3,2,3,1,0,3,3,3,3,3,1,3,1,0,3,0,1,1,3,1,1,0,0,3,3,3,3,1,1,3,1,0,3,1,1,3,3,3,3,3,3,3,3,1,1,0,0,1,3,3,3,0,0,0,3,3,1,0,1,3,3,1,3,3,3,3,3,3,3,3,1,3,3,1,3,0,0,0,3,1,0,3,3,3,1,1,3,3,0,3,2,3,0,1,3,3,0,3,1,1,3,1,1,0,3,3,3,0,1,1,3,3,3,2,3,3,3,3,3,3,0,1,1
CN,0,0,0,0,1,3,0,1,0,0,1,3,1,1,3,3,0,0,0,0,1,3,0,0,1,0,0,0,1,0,0,1,0,0,0,-1,0,1,0,0,0,2,0,0,0,0,0,1,3,0,3,3,0,3,0,0,0,1,3,0,0,1,0,0,0,0,0,3,0,0,1,0,3,0,0,0,0,2,3,1,0,0,0,0,3,0,1,0,1,0,0,0,0,1,0,1,1,0,0,0,0,0,1,1,1,1,1,0,0,0,1,3,0,3,0,0,0,0,3,1,1,0,0,1,0,0,0,0,0,0,0,0,0,0,1,3,0,0,0,0,0,0,0,3,0,0,1,3,3,1,0,1,0,1,3,1,0,0,0,0,0,1,0,0,0,0,2,0,0,1,0,0,0,0,0,1,1,1,1,1,0,3,1,0,1,1,0,3,0,0,0,1,3,0,0,1,0,0,0
CO,0,3,0,3,0,3,3,1,0,3,1,3,1,1,3,0,3,3,0,0,3,3,0,3,0,3,1,0,1,0,0,1,0,0,3,0,-1,1,0,0,0,2,3,1,3,3,3,1,3,3,3,1,3,0,0,3,0,1,3,3,3,1,0,3,3,0,3,0,3,0,1,3,0,3,3,3,3,2,0,0,0,0,3,3,3,0,0,0,1,0,3,0,0,1,3,0,1,0,0,3,3,3,1,1,0,0,1,0,3,1,1,1,3,3,3,3,0,3,0,1,1,0,0,1,3,0,1,0,0,0,3,3,1,0,1,3,3,0,3,3,3,3,3,3,3,3,1,3,0,1,3,0,0,0,3,1,0,3,3,3,0,1,0,3,0,3,2,3,0,1,3,3,0,1,0,1,0,1,1,0,3,0,3,0,1,1,0,0,0,0,3,1,0,3,3,1,0,1,0
KM,0,0,0,0,0,0,0,0,0,0,0,0,0,1,0,0,0,0,3,0,1,0,0,0,0,0,1,0,1,0,0,1,0,0,0,0,0,-1,0,0,0,2,0,1,0,0,0,1,3,0,3,0,0,0,0,0,0,1,0,0,0,1,0,0,0,1,0,0,0,0,1,0,3,0,3,0,0,2,3,1,0,0,0,0,0,0,0,0,1,0,0,0,0,1,0,1,1,0,0,0,0,0,1,1,3,3,1,0,0,0,1,1,0,3,0,0,0,0,0,1,0,0,0,1,0,0,1,0,0,0,0,0,0,0,1,0,3,0,0,0,3,0,0,1,0,0,1,0,1,1,0,0,0,1,0,1,0,3,0,0,0,1,0,0,0,0,2,3,0,0,0,0,0,0,0,1,0,1,1,0,0,3,0,0,1,3,0,0,0,0,0,0,0,0,0,0,0,1,1
CG,0,0,0,0,0,0,0,0,0,0,0,0,0,1,0,0,0,0,3,0,1,0,0,0,0,0,0,0,1,3,0,1,3,3,0,0,0,1,-1,3,0,3,0,1,0,0,0,1,3,0,3,0,0,0,0,0,0,1,0,0,0,1,0,0,0,1,0,0,0,0,1,0,3,0,0,0,0,0,0,1,0,0,0,0,0,0,0,0,1,0,0,0,0,0,0,0,1,0,0,0,0,0,1,1,1,0,1,0,0,0,1,3,0,3,0,0,0,0,0,1,0,0,0,1,0,0,0,0,0,0,0,0,0,0,1,0,0,0,0,0,3,0,0,1,0,0,1,0,0,1,0,0,0,3,0,1,0,3,0,0,0,1,0,0,0,0,0,3,0,0,0,0,0,0,0,1,0,1,1,0,0,0,0,0,1,1,0,0,0,0,0,0,0,0,0,0,0,1,0
CD,0,0,0,0,0,0,0,0,0,0,0,0,0,1,0,0,0,0,3,0,1,0,0,0,0,0,1,3,1,0,0,1,3,0,0,0,0,1,0,-1,0,2,0,1,0,0,0,1,3,0,3,0,0,0,0,0,0,1,0,0,0,1,0,0,0,1,0,0,0,0,1,0,3,0,0,0,0,0,0,1,0,0,0,0,0,0,0,0,1,0,0,0,0,0,0,0,1,0,0,0,0,0,1,1,0,0,1,0,0,0,1,3,0,3,0,0,0,0,0,1,0,0,0,1,0,0,0,0,0,0,0,0,0,0,1,0,0,0,0,0,3,0,0,1,0,0,3,0,0,1,0,0,0,1,0,1,0,3,0,0,0,1,0,0,0,0,0,3,0,0,0,0,0,0,0,1,0,1,1,0,0,0,0,0,1,1,0,0,0,0,0,0,0,0,0,0,0,1,3
CR,0,3,0,3,0,0,3,1,0,3,1,3,0,1,3,0,3,3,0,0,3,3,3,3,3,3,0,0,1,0,0,1,0,0,3,0,3,1,0,0,-1,2,3,1,3,3,3,1,3,3,3,1,3,0,0,3,0,1,0,3,3,1,0,3,3,0,3,3,3,0,1,3,3,3,3,3,3,2,3,1,0,3,3,3,3,3,1,0,1,0,3,0,0,1,3,1,1,0,0,3,3,3,1,1,1,3,1,0,3,1,1,1,3,3,3,3,0,3,0,1,1,0,0,1,3,0,3,0,0,0,3,3,0,0,1,3,3,0,3,3,3,3,3,3,3,0,1,3,3,1,3,0,0,1,3,1,0,3,3,3,0,1,3,3,0,3,2,3,0,1,3,3,0,0,0,1,0,1,1,0,3,3,3,0,1,1,0,1,3,0,3,1,0,3,3,0,0,1,1
CI,0,0,0,0,0,0,0,0,0,0,0,0,0,1,0,0,0,0,3,0,1,0,0,0,0,0,3,0,1,0,0,3,3,3,0,0,0,1,1,0,0,-1,0,1,0,0,0,1,3,0,3,0,0,0,0,0,0,1,0,0,0,1,3,0,0,3,0,0,0,3,3,0,3,0,0,0,0,2,3,1,0,0,0,0,0,0,0,0,1,0,0,0,0,0,0,1,1,3,0,0,0,0,1,1,1,0,1,3,0,0,3,1,0,3,0,0,0,0,3,1,1,0,0,1,0,0,1,3,3,0,0,0,0,0,1,0,0,0,0,0,3,0,0,1,0,0,1,0,1,1,0,0,0,3,0,1,3,3,0,0,0,1,0,0,0,0,0,3,0,0,0,0,0,0,0,1,0,1,3,0,0,3,0,0,1,1,0,0,0,0,0,1,0,0,0,0,0,0,0
HR,0,3,0,3,1,3,3,3,2,3,1,3,1,1,3,3,3,3,0,0,3,3,3,3,3,3,0,0,1,0,2,3,0,0,3,0,3,1,0,0,3,2,-1,1,3,3,3,1,3,3,3,1,3,0,0,3,3,1,0,3,3,1,3,3,3,0,3,3,3,0,1,0,3,3,3,3,3,2,3,1,0,3,3,3,1,3,1,3,1,3,3,1,3,1,3,1,1,0,0,3,3,3,3,1,1,3,1,0,3,3,1,3,3,3,3,3,0,3,3,1,1,0,0,1,3,3,3,0,0,0,3,3,1,0,3,3,3,1,3,3,3,3,3,3,3,0,1,3,3,3,3,3,0,3,3,1,0,3,3,3,3,1,0,3,0,3,2,3,0,0,3,3,0,3,1,1,0,3,1,3,3,3,1,0,3,1,3,3,3,0,3,3,3,3,3,1,0,1,1
CU,0,0,0,0,1,3,0,1,0,0,1,0,0,1,3,3,0,0,0,0,1,0,3,0,0,0,1,0,1,0,0,1,0,0,0,0,0,1,0,0,0,2,0,-1,0,0,0,1,3,0,0,1,0,0,0,0,0,1,0,0,0,1,3,0,0,0,0,3,0,3,1,3,0,0,0,0,0,2,3,1,0,0,0,0,0,0,0,0,1,0,0,0,3,1,0,0,1,0,0,0,0,0,1,1,0,3,1,0,0,1,1,1,0,3,0,0,3,3,0,1,0,3,0,1,0,0,0,0,0,0,3,0,0,0,1,3,0,0,0,0,0,0,0,3,0,3,1,3,3,1,0,0,0,0,3,1,0,3,0,0,0,1,0,0,0,0,2,3,0,1,0,0,0,0,1,1,0,1,1,0,3,0,0,0,1,1,0,0,0,0,0,1,3,0,0,1,0,1,1
CY,0,3,0,3,1,3,3,3,2,3,1,3,1,1,3,3,3,3,0,0,1,3,3,3,3,3,0,0,1,0,2,3,0,0,3,0,3,1,0,0,3,2,3,1,-1,3,3,1,3,3,3,1,3,0,0,3,3,1,3,3,3,1,3,3,3,0,3,3,3,0,1,0,3,3,3,3,3,2,3,1,0,3,3,3,3,3,1,3,3,3,3,1,1,1,3,1,1,0,0,3,3,3,3,1,1,3,1,0,3,3,1,3,3,3,3,3,0,3,3,1,1,0,0,1,3,3,3,0,0,0,3,3,1,0,3,3,3,1,3,3,3,3,3,3,3,0,1,3,3,3,3,3,0,3,3,1,0,3,3,3,3,1,3,3,0,3,2,3,0,0,3,3,0,3,1,3,1,3,1,3,3,0,1,0,3,3,3,3,3,0,3,3,3,3,3,1,0,3,3
CZ,0,3,0,3,1,3,3,3,2,3,1,3,1,1,3,3,3,3,0,0,3,3,3,3,3,3,1,0,1,0,2,3,0,0,3,0,3,1,0,0,3,2,3,1,3,-1,3,1,3,3,3,1,3,0,0,3,3,1,3,3,3,1,3,3,3,0,3,3,3,0,1,0,3,3,3,3,3,2,3,1,0,3,3,3,3,3,1,3,1,3,3,1,3,1,3,1,3,0,0,3,3,3,3,1,1,3,1,0,3,3,1,3,3,3,3,3,0,3,3,1,1,0,0,1,3,3,3,0,0,0,3,3,1,0,3,3,3,1,3,3,3,3,3,3,3,0,1,3,3,3,3,3,0,3,3,1,0,3,3,3,3,1,3,3,0,3,2,3,0,1,3,3,0,3,1,1,3,3,1,3,3,3,3,0,3,1,3,3,3,2,3,3,3,3,3,1,0,1,1
DK,0,3,0,3,1,3,3,3,2,3,1,3,1,1,3,3,3,3,0,0,3,3,3,3,3,3,1,0,1,0,2,3,0,0,3,0,3,1,0,0,3,2,3,1,3,3,-1,1,3,3,3,1,3,0,0,3,3,1,3,3,3,1,3,3,3,0,3,3,3,0,1,3,3,3,3,3,3,2,3,1,0,3,3,3,3,3,1,3,1,3,3,1,3,1,3,1,3,0,0,3,3,3,3,1,1,3,1,0,3,3,1,3,3,3,3,3,0,3,3,1,1,3,0,1,3,3,3,0,0,0,3,3,1,0,3,3,3,1,3,3,3,3,3,3,3,0,1,3,3,3,3,3,0,3,3,1,0,3,3,3,3,1,3,3,0,3,2,3,0,1,3,3,0,3,1,1,3,3,1,3,3,3,3,0,3,1,3,3,3,2,3,3,3,3,3,3,0,1,1
DJ,0,0,0,0,0,0,0,0,0,0,1,0,0,1,0,0,0,0,3,0,1,0,0,0,0,0,1,0,1,0,0,1,0,0,0,0,0,1,0,0,0,2,0,1,0,0,0,-1,3,0,3,0,0,0,0,0,0,3,0,0,0,1,0,0,0,1,0,0,0,0,1,0,3,0,3,0,0,2,0,1,0,0,0,0,0,0,0,0,1,0,0,0,0,1,0,1,1,0,0,0,0,0,1,1,0,0,1,0,0,0,1,1,0,3,0,0,0,0,0,1,0,0,0,1,0,0,1,0,0,0,0,0,0,0,1,0,0,0,0,0,3,0,0,1,0,0,1,0,1,1,0,0,0,3,0,1,0,3,0,0,0,1,0,0,0,0,2,3,0,0,0,0,0,0,0,0,0,1,1,0,0,0,0,0,1,1,0,0,0,0,0,0,0,0,0,0,0,1,0
DM,0,0,0,3,0,3,0,1,0,3,0,3,0,1,3,3,3,3,0,0,1,3,3,3,0,3,0,0,1,0,0,1,0,0,0,0,3,1,0,0,3,2,3,3,3,3,3,1,-1,3,3,1,0,0,0,3,3,1,3,3,3,1,3,0,3,0,3,3,0,0,1,3,3,0,3,3,3,2,3,1,0,3,3,3,3,0,1,0,3,0,3,0,0,1,3,0,3,0,0,3,3,3,3,1,3,3,1,0,3,0,1,3,0,3,3,3,0,3,0,1,0,0,0,1,3,0,1,0,0,0,0,3,0,0,1,3,3,0,0,3,3,3,3,1,3,3,1,3,3,1,3,0,0,0,3,1,0,3,3,3,1,1,0,3,0,3,2,3,0,3,3,3,0,1,0,3,0,1,1,1,3,0,1,0,1,1,0,0,3,0,3,1,3,3,3,0,0,3,0
DO,0,0,0,0,0,0,0,1,0,0,0,0,0,1,0,0,0,3,0,0,1,0,3,0,0,0,0,0,1,0,0,1,0,0,0,0,3,1,0,0,0,2,0,1,0,0,0,1,0,-1,3,1,3,0,0,0,0,1,0,0,0,1,3,3,0,0,0,3,3,0,1,3,0,0,3,0,0,2,3,1,0,0,3,0,0,3,1,0,1,0,0,0,0,1,0,1,1,0,0,0,0,0,1,1,1,3,1,0,0,0,1,1,0,3,0,0,0,0,0,1,0,0,0,1,0,0,1,0,0,0,0,0,0,0,1,3,0,0,0,3,3,0,0,3,0,0,1,0,0,1,0,0,0,1,0,1,0,3,0,0,1,1,0,3,0,0,2,0,0,1,0,0,0,3,0,1,0,1,1,0,3,0,1,0,1,1,0,0,0,0,0,1,0,0,0,0,0,1,1
EC,0,0,0,0,0,0,3,1,0,0,1,3,1,1,0,3,0,3,0,0,3,0,0,3,0,0,0,0,1,0,0,1,0,0,3,3,3,1,0,0,0,2,0,1,0,0,0,1,3,3,-1,1,3,0,0,0,0,1,0,0,0,1,3,3,0,0,0,0,0,0,1,3,3,3,3,0,0,2,3,1,0,0,3,0,3,0,1,3,1,0,0,0,0,1,0,0,1,0,0,0,0,0,1,1,1,3,1,0,0,0,1,1,3,3,3,0,0,3,0,1,1,0,0,1,0,0,3,0,0,0,0,0,1,0,1,3,3,1,3,3,3,0,0,3,0,3,1,3,1,1,0,0,0,0,0,1,0,3,0,0,0,1,3,3,0,0,2,3,0,1,0,0,0,1,0,1,0,1,1,0,3,0,3,0,1,1,0,0,0,0,3,1,0,0,3,0,0,1,1
EG,0,0,0,0,0,0,0,0,0,0,0,0,0,0,0,0,0,0,3,0,1,0,0,0,0,0,1,0,1,0,0,1,0,0,0,0,0,1,0,0,0,2,0,1,0,0,0,1,3,0,3,-1,0,0,0,0,0,1,0,0,0,1,0,0,0,1,0,0,0,3,1,0,3,0,3,0,0,0,3,3,0,0,0,0,0,0,3,0,1,0,0,0,0,1,0,1,1,0,0,0,0,0,3,1,0,3,1,0,0,1,1,3,0,3,0,0,0,0,0,1,1,0,0,1,0,0,1,0,0,0,0,0,0,0,1,3,0,0,0,0,0,0,0,1,0,0,1,3,0,1,0,0,0,1,0,1,0,0,0,0,0,1,0,0,0,0,0,3,0,0,0,0,0,0,1,1,0,1,1,0,0,0,0,0,1,1,0,0,0,0,0,1,0,0,0,0,1,0,1
SV,0,3,0,3,0,0,3,1,0,3,0,3,0,1,3,3,3,3,0,0,1,3,0,3,0,3,0,0,1,0,0,1,0,0,3,0,3,1,0,0,3,2,3,1,3,3,3,1,3,3,3,0,-1,0,0,3,0,1,0,3,3,1,0,3,3,0,3,0,3,0,1,0,3,3,3,3,3,2,3,1,0,3,3,3,3,3,1,0,1,0,3,0,0,1,3,0,1,0,0,3,3,3,1,1,1,3,1,0,3,0,1,1,0,3,3,3,0,3,0,1,0,0,0,1,3,0,3,0,0,0,3,3,0,0,1,3,3,0,3,0,3,3,3,1,3,3,1,3,1,1,3,0,0,1,0,1,0,3,3,3,0,1,0,3,0,3,2,3,0,1,3,3,0,0,0,1,0,1,1,0,3,0,3,0,1,1,0,1,3,0,3,1,0,3,0,0,0,1,1
GQ,0,0,0,0,0,0,0,0,0,0,0,0,0,1,0,0,0,0,3,0,1,0,0,0,0,0,0,0,1,3,0,1,3,3,0,0,0,1,3,0,0,2,0,1,0,0,0,1,3,0,3,0,0,-1,0,0,0,1,0,0,0,1,0,0,0,1,0,0,0,0,1,0,3,0,3,0,0,0,0,1,0,0,0,0,0,0,0,0,1,0,0,0,0,1,0,0,1,0,0,0,0,0,1,1,1,0,1,0,0,0,1,1,0,3,0,0,0,0,0,1,0,0,0,1,0,0,1,0,0,0,0,0,0,0,1,3,0,0,0,0,3,0,0,1,0,0,1,0,1,1,0,3,0,1,0,1,0,3,0,0,0,1,0,0,0,0,2,3,0,0,0,0,0,0,0,0,0,1,1,0,0,3,0,0,1,1,0,0,0,0,0,0,0,0,0,0,0,0,1
ER,0,0,0,0,0,0,0,0,0,0,0,0,0,1,0,0,0,0,3,0,1,0,0,0,0,0,1,0,1,0,0,1,0,0,0,0,0,1,0,0,0,2,0,0,0,0,0,1,3,0,0,0,0,0,-1,0,0,1,0,0,0,1,0,0,0,1,0,0,0,0,1,0,3,0,0,0,0,2,0,1,0,0,0,0,0,0,0,0,0,0,0,0,0,1,0,0,1,0,0,0,0,0,1,1,0,0,1,0,0,0,1,1,0,3,0,0,0,0,0,1,1,0,0,1,0,0,0,0,0,0,0,0,0,0,1,0,0,0,0,0,3,0,0,1,0,0,1,0,0,1,0,0,0,0,0,1,0,3,0,0,0,1,0,0,0,0,2,3,0,0,0,0,0,0,0,0,0,1,1,0,0,0,0,0,1,3,0,0,0,0,0,0,0,0,0,0,0,1,0
EE,0,3,0,3,1,3,3,3,2,3,1,3,1,1,3,3,3,3,0,0,3,3,3,3,3,3,1,0,1,0,2,3,0,0,3,0,3,1,0,0,3,2,3,1,3,3,3,1,3,3,3,1,3,0,0,-1,3,1,3,3,3,1,0,3,3,0,3,3,3,0,1,0,3,3,3,3,3,2,3,1,0,3,3,3,3,3,1,3,1,3,3,1,3,1,3,1,1,0,0,3,3,3,3,1,1,3,1,0,3,3,1,3,3,3,3,3,0,3,3,1,1,0,0,1,3,3,3,0,0,0,3,3,1,0,3,3,3,1,3,3,3,3,3,3,3,0,1,3,3,3,3,3,0,3,3,1,0,3,3,3,3,1,0,3,0,3,2,3,0,1,3,3,0,3,1,1,3,3,1,3,3,3,3,0,3,1,3,3,3,2,3,3,3,3,3,1,0,1,1
SZ,0,0,0,0,1,3,0,0,0,0,0,3,0,1,3,0,0,3,3,0,1,0,3,0,0,0,0,0,1,0,0,1,0,0,0,0,0,1,0,0,0,2,0,1,0,0,0,1,3,0,3,0,0,0,0,0,-1,1,3,0,0,1,3,0,0,3,0,3,0,0,1,3,3,0,3,0,0,2,3,1,0,3,3,0,3,0,1,0,3,0,3,1,0,0,0,0,3,0,0,0,0,0,1,1,3,3,1,0,0,0,1,3,0,3,0,0,0,0,0,3,0,3,0,0,0,0,1,0,0,0,0,0,0,0,1,3,0,0,0,0,3,0,0,1,0,0,1,3,3,1,0,0,0,1,0,1,0,3,0,0,0,1,3,3,0,0,2,3,0,0,0,0,0,1,0,3,0,1,1,0,3,0,0,0,1,3,0,0,0,0,0,0,3,0,0,0,0,3,3
ET,0,0,0,0,0,0,0,0,0,0,0,0,0,1,0,0,0,0,3,0,1,0,0,0,0,0,0,0,1,0,0,1,0,0,0,0,0,1,0,0,0,2,0,0,0,0,0,1,3,0,0,0,0,0,1,0,0,-1,0,0,0,1,0,0,0,1,0,0,0,0,1,0,3,0,0,0,0,0,0,1,0,0,0,0,0,0,0,0,3,0,0,0,0,1,0,0,1,0,0,0,0,0,1,1,0,0,1,0,0,0,1,1,0,3,0,0,0,0,0,1,0,0,0,0,0,0,1,0,0,0,0,0,0,0,1,0,0,0,0,0,3,0,0,1,0,0,1,0,1,1,0,0,0,1,0,1,0,3,0,0,0,1,0,0,0,0,2,3,0,0,0,0,0,0,0,0,1,1,1,0,0,0,0,0,1,1,0,0,0,0,0,0,0,0,0,0,0,0,1
FJ,0,0,0,0,0,3,3,1,0,0,0,3,0,3,3,0,0,3,0,0,1,0,0,3,0,0,0,0,1,0,0,1,0,0,3,3,3,1,0,0,3,2,0,1,0,0,0,1,3,3,3,1,3,0,0,0,0,1,-1,0,0,1,3,0,0,0,0,0,3,0,1,0,3,0,3,0,0,2,3,1,0,3,3,0,3,0,1,0,3,3,3,0,0,1,0,0,3,0,0,0,0,0,1,1,3,3,1,0,0,1,1,3,0,3,0,0,0,0,0,1,1,0,1,1,0,0,3,0,0,0,0,0,0,0,1,3,3,1,0,3,3,0,0,1,0,3,1,3,3,1,0,0,0,1,0,1,0,3,0,0,1,1,0,3,0,0,2,3,0,0,0,0,0,0,0,1,1,1,1,1,0,3,1,0,1,3,0,0,0,0,0,1,3,0,0,1,0,3,3
FI,0,3,0,3,1,3,3,3,2,3,1,3,1,1,3,3,3,3,0,0,3,3,3,3,3,3,1,0,1,0,2,3,0,0,3,0,3,1,0,0,3,2,3,1,3,3,3,1,3,3,3,1,3,0,0,3,3,1,3,-1,3,1,3,3,3,0,3,3,3,0,1,3,3,3,3,3,3,2,3,1,0,3,3,3,3,3,1,3,1,3,3,1,3,1,3,1,3,0,0,3,3,3,3,1,1,3,1,0,3,3,1,3,3,3,3,3,0,3,3,1,1,3,0,1,3,3,3,0,0,0,3,3,1,0,3,3,3,1,3,3,3,3,3,3,3,0,1,3,3,3,3,3,0,3,3,1,0,3,3,3,3,1,3,3,0,3,2,3,0,1,3,3,0,3,1,1,3,3,1,3,3,3,3,0,3,1,3,3,3,2,3,3,3,3,3,3,0,1,1
FR,0,3,0,3,1,3,3,3,2,3,1,3,1,1,3,3,3,3,0,0,3,3,3,3,3,3,1,0,1,0,2,3,0,0,3,0,3,1,0,0,3,2,3,1,3,3,3,1,3,3,3,1,3,0,0,3,3,1,3,3,-1,1,1,3,3,0,3,3,3,0,1,3,3,3,3,3,3,2,3,1,0,3,3,3,3,3,1,3,1,3,3,1,3,1,3,1,3,0,0,3,3,3,3,1,1,3,1,0,3,3,1,3,3,3,3,3,0,3,3,1,1,3,0,1,3,3,3,0,0,0,3,3,1,0,3,3,3,1,3,3,3,3,3,3,3,0,1,3,3,3,3,3,0,3,3,1,0,3,3,3,3,1,3,3,0,3,2,3,0,1,3,3,0,3,1,1,3,3,1,3,3,3,3,0,3,1,3,3,3,2,3,3,3,3,3,3,0,1,1
GA,0,0,0,0,0,0,0,0,0,0,0,0,0,3,0,0,0,0,3,0,1,0,0,0,0,0,0,0,1,3,0,1,3,3,0,0,0,1,3,0,0,2,0,1,0,0,0,1,3,0,3,0,0,0,0,0,0,1,0,0,0,-1,0,0,0,1,0,0,0,0,1,0,3,0,3,0,0,2,3,1,0,0,0,0,0,0,0,0,1,0,0,0,0,1,0,0,1,0,0,0,0,0,1,1,1,3,1,0,0,0,1,3,0,3,0,0,0,0,3,1,0,0,0,1,0,0,1,0,0,0,0,0,0,0,1,0,3,0,0,0,3,0,0,1,0,0,1,0,1,1,0,3,0,1,0,1,0,3,0,0,0,1,3,0,0,0,0,3,0,0,0,0,0,0,0,1,0,1,1,0,0,3,0,0,1,1,0,0,0,0,0,1,0,0,0,0,0,0,0
GM,0,0,0,0,0,0,0,0,0,0,0,3,0,3,3,0,0,3,3,0,1,0,3,0,0,0,3,0,1,0,0,3,0,0,0,0,0,1,0,0,0,3,0,1,0,0,0,1,3,0,3,0,0,0,0,0,3,1,3,0,0,1,-1,0,0,3,0,3,0,3,3,0,3,0,0,0,0,2,3,1,0,0,0,0,3,0,0,0,3,0,0,0,0,1,0,0,3,3,0,0,0,0,1,1,3,3,1,3,0,0,3,3,0,3,0,0,0,0,0,1,0,0,0,1,0,0,1,3,3,0,0,0,0,0,1,0,0,0,0,0,3,0,0,1,0,0,1,3,1,1,0,0,0,3,0,1,3,3,0,0,0,1,0,0,0,0,2,3,0,0,0,0,0,0,0,3,0,1,3,0,3,3,0,0,1,3,0,0,0,0,0,0,3,0,0,0,0,0,0
GE,0,3,0,3,0,3,3,3,0,3,3,3,1,1,3,3,3,0,0,0,1,3,0,3,0,3,0,0,1,0,0,1,0,0,3,0,3,1,0,0,0,2,3,1,3,3,3,1,3,0,3,1,0,0,0,3,0,1,0,3,3,1,0,-1,3,0,3,0,0,0,1,0,3,0,0,3,3,2,3,3,0,0,3,3,1,0,1,3,1,0,0,1,3,1,3,1,1,0,0,3,3,3,1,1,1,3,1,0,3,1,1,3,0,3,3,3,0,3,0,1,1,0,0,1,3,0,1,0,0,0,0,3,1,0,1,3,3,0,0,0,0,3,3,3,3,0,1,0,3,1,3,0,0,0,3,1,0,0,3,3,0,1,0,0,0,3,2,3,0,0,3,3,0,0,3,0,0,1,1,0,0,0,3,3,1,1,3,0,0,0,3,3,0,3,0,1,0,1,1
DE,0,3,0,3,1,3,3,3,2,3,1,3,1,1,3,3,3,3,0,0,3,3,3,3,3,3,1,0,1,0,2,3,0,0,3,0,3,1,0,0,3,2,3,1,3,3,3,1,3,3,3,1,3,0,0,3,3,1,3,3,3,1,3,3,-1,0,3,3,3,0,1,3,3,3,3,3,3,2,3,1,0,3,3,3,3,3,1,3,1,3,3,1,3,1,3,1,3,0,0,3,3,3,3,1,1,3,1,0,3,3,1,3,3,3,3,3,3,3,3,1,1,3,0,1,3,3,3,0,0,0,3,3,1,0,3,3,3,1,3,3,3,3,3,3,3,0,1,3,3,3,3,3,0,3,3,1,0,3,3,3,3,1,3,3,0,3,2,3,0,1,3,3,0,3,1,1,3,3,1,3,3,3,3,0,3,1,3,3,3,2,3,3,3,3,3,3,0,1,1
GH,0,0,0,0,0,0,0,0,0,0,0,0,0,3,3,0,0,3,3,0,1,0,0,0,0,0,3,0,1,0,0,3,0,0,0,0,0,1,0,0,0,3,0,0,0,0,0,1,3,0,3,0,0,0,0,0,3,1,3,0,0,1,3,0,0,-1,0,3,0,3,3,0,3,0,0,0,0,2,3,1,0,0,0,0,3,0,1,0,3,0,0,0,0,0,0,1,1,3,0,0,0,0,1,1,0,0,1,3,0,0,1,3,0,3,0,0,0,0,0,1,1,0,0,0,0,0,1,3,3,0,0,0,0,0,1,0,0,0,0,0,3,0,0,1,0,0,3,3,1,1,0,0,0,3,0,1,3,3,0,0,0,1,0,0,0,0,0,3,0,0,0,0,0,0,0,3,0,1,3,0,3,0,0,0,1,3,0,0,0,0,0,1,3,0,0,0,0,1,3
GR,0,3,0,3,1,3,3,3,2,3,1,3,1,1,3,3,3,3,0,0,3,3,3,3,3,3,1,0,1,0,2,3,0,0,3,0,3,1,0,0,3,2,3,1,3,3,3,1,3,3,3,1,3,0,0,3,3,1,3,3,3,1,3,3,3,0,-1,3,3,0,1,3,3,3,3,3,3,2,3,1,0,3,3,3,3,3,1,3,1,3,3,1,3,1,3,1,1,0,0,3,3,3,3,1,1,3,1,0,3,3,1,3,3,3,3,3,0,3,3,1,1,0,0,1,3,3,3,0,0,0,3,3,1,0,3,3,3,1,3,3,3,3,3,3,3,0,1,3,3,3,3,3,0,3,3,1,0,3,3,3,3,1,3,3,0,3,2,3,0,1,3,3,0,3,1,1,3,3,1,3,3,3,3,0,3,1,3,3,3,2,3,3,3,3,3,1,0,1,1
GD,0,0,0,3,0,3,3,1,0,3,0,3,0,3,3,0,3,3,0,0,1,3,3,3,0,3,0,0,1,0,0,1,0,0,3,3,3,1,0,0,3,2,3,3,3,3,3,1,3,3,3,1,0,0,0,3,3,1,3,3,3,1,3,0,3,0,3,-1,0,0,1,3,3,0,3,3,3,2,3,1,0,3,3,3,3,0,1,0,3,3,3,0,0,1,3,0,3,0,0,3,3,3,3,1,3,3,1,0,3,0,1,3,0,3,3,3,0,3,0,1,0,0,0,1,3,0,1,0,0,0,0,3,0,0,1,3,3,0,0,3,3,3,3,1,3,3,1,3,3,1,3,0,0,1,3,1,0,3,3,3,1,1,0,3,0,3,2,3,0,3,3,3,0,0,0,3,0,1,1,0,3,0,1,0,1,3,0,0,3,0,3,1,3,3,3,0,0,3,3
GT,0,3,0,3,0,0,3,1,0,3,1,3,0,1,0,0,3,3,0,0,1,3,0,3,0,3,0,0,1,0,0,1,0,0,3,0,3,1,0,0,3,2,3,1,3,3,3,1,3,3,3,0,3,0,0,3,0,1,0,3,3,1,0,0,3,0,3,0,-1,0,1,0,3,3,3,3,3,2,3,1,0,3,3,3,3,3,1,0,1,0,3,0,0,1,3,0,1,0,0,3,3,3,1,1,1,3,1,0,3,1,1,1,0,3,3,3,0,3,0,1,1,0,0,1,3,0,3,0,0,0,3,3,0,0,1,3,3,0,3,3,3,3,3,1,3,3,1,3,1,1,3,0,0,1,0,1,0,3,3,3,0,1,0,3,0,3,2,3,0,1,3,3,0,3,0,1,0,1,1,0,3,0,3,0,1,1,0,0,3,0,3,1,0,3,3,0,0,1,1
GN,0,0,0,0,0,0,0,0,0,0,0,0,0,3,0,0,0,0,3,0,1,0,0,0,0,0,3,0,1,0,0,3,0,0,0,0,0,1,0,0,0,3,0,0,0,0,0,1,3,0,3,1,0,0,0,0,0,1,0,0,0,1,3,0,0,3,0,0,0,-1,3,0,3,0,3,0,0,2,0,1,0,0,0,0,0,0,0,0,1,0,0,0,0,1,0,0,1,3,0,0,0,0,1,1,1,3,1,3,0,0,1,1,0,3,0,0,0,0,0,1,1,0,0,1,0,0,1,3,3,0,0,0,0,0,1,0,0,0,0,0,3,0,0,1,0,0,3,0,1,1,0,0,0,3,0,1,3,3,0,0,0,1,0,0,0,0,0,3,0,0,0,0,0,0,0,1,0,1,3,0,0,3,0,0,1,1,0,0,0,0,0,0,0,0,0,0,0,0,0
GW,0,0,0,0,0,0,0,0,0,0,0,0,0,3,0,0,0,0,3,0,1,0,0,0,0,0,3,0,1,0,0,3,0,0,0,0,0,1,0,0,0,3,0,1,0,0,0,1,3,0,3,0,0,0,0,0,0,1,0,0,0,1,3,0,0,3,0,0,0,3,-1,0,3,0,0,0,0,0,0,1,0,0,0,0,0,0,0,0,1,0,0,0,0,0,0,0,1,3,0,0,0,0,1,1,1,0,1,3,0,0,1,1,0,3,0,0,0,0,0,1,0,0,0,1,0,0,1,3,3,0,0,0,0,0,1,0,0,0,0,0,3,0,0,1,0,0,1,0,1,1,0,3,0,3,3,1,3,3,0,0,0,1,0,0,0,0,0,3,0,0,0,0,0,0,0,1,0,1,3,0,0,3,0,0,1,1,0,0,0,0,0,0,0,0,0,0,0,0,0
GY,0,0,0,0,0,3,3,1,0,0,0,3,1,1,3,0,0,3,0,0,1,0,3,3,0,0,0,0,1,0,0,1,0,0,3,0,3,1,0,0,3,2,0,1,0,0,0,1,3,3,3,1,0,0,0,0,3,1,3,0,0,1,3,0,0,0,0,3,0,0,1,-1,3,0,3,0,0,2,3,1,0,3,0,0,3,0,1,0,1,0,3,0,0,1,0,0,3,0,0,0,0,0,1,1,1,3,1,0,0,0,1,3,0,3,0,0,0,0,0,1,0,0,0,1,0,0,1,0,0,0,0,0,0,0,1,3,3,0,0,3,3,0,0,3,0,3,1,3,3,1,0,0,0,0,0,1,0,3,0,0,1,1,3,3,0,0,2,3,0,3,0,0,0,0,0,3,0,1,1,0,3,0,1,0,1,1,0,0,0,0,3,1,3,0,0,0,0,1,1
HT,0,0,0,0,0,0,0,1,0,0,0,0,0,1,3,0,0,0,3,0,1,0,0,0,0,0,0,0,1,0,0,1,0,0,0,0,0,1,0,0,0,2,0,1,0,0,0,1,3,0,3,1,0,0,0,0,0,1,0,0,0,1,3,0,0,0,0,0,0,0,1,3,-1,0,3,0,0,2,3,1,0,0,3,0,0,0,1,0,1,0,0,0,0,1,0,0,1,0,0,0,0,0,1,1,1,3,1,0,0,0,1,1,0,3,0,0,0,0,0,1,0,0,0,1,0,0,0,0,0,0,0,0,0,0,1,3,0,0,0,0,3,0,0,1,0,0,3,0,0,1,0,0,0,1,0,1,0,3,0,0,0,1,0,3,0,0,2,3,0,1,0,0,0,3,0,1,0,1,1,0,0,0,1,0,1,1,0,0,0,0,0,0,0,0,0,0,0,1,1
HN,0,3,0,3,0,0,3,1,0,3,1,3,0,1,0,0,3,3,0,0,1,3,0,3,0,3,0,0,1,0,0,1,0,0,3,0,3,1,0,0,3,2,3,1,3,3,3,1,3,3,3,0,3,0,0,3,0,1,0,3,3,1,3,3,3,0,3,0,3,0,1,0,3,-1,3,3,3,2,3,1,0,3,3,3,0,3,1,0,1,0,3,0,0,1,3,0,1,0,0,3,3,3,1,1,1,3,1,0,3,0,1,1,0,3,3,3,0,3,0,1,0,0,0,1,3,0,3,0,0,0,3,3,0,0,1,3,3,0,3,3,3,3,3,1,3,3,1,3,1,1,3,0,0,1,0,1,0,3,3,3,0,1,0,3,0,3,2,3,0,1,3,3,0,3,0,1,0,1,1,0,3,3,3,0,1,1,0,3,3,0,3,1,0,3,0,0,0,1,1
HK,0,3,0,3,0,3,3,3,2,3,1,3,1,0,3,3,3,3,3,0,1,3,3,3,3,3,1,0,1,0,2,3,0,0,3,0,3,1,0,0,0,2,3,1,3,3,3,1,3,3,3,3,0,0,0,3,0,1,3,3,3,1,0,0,3,0,3,3,0,0,1,3,3,0,-1,3,3,2,3,1,0,3,3,3,3,3,1,3,1,3,3,1,0,1,3,1,3,0,0,3,3,3,3,1,3,3,1,0,3,0,1,3,3,3,3,3,3,3,3,1,3,3,0,1,3,3,3,3,0,0,3,3,1,0,1,3,3,1,0,3,3,3,3,3,3,3,1,3,3,1,3,0,0,0,3,1,0,3,3,3,0,1,3,3,0,3,2,3,0,3,3,3,0,1,0,3,3,1,1,1,3,3,3,0,1,3,3,3,3,0,3,1,3,3,3,1,3,3,3
HU,0,3,0,3,1,3,3,3,2,3,1,3,1,1,3,3,3,3,0,0,3,3,3,3,3,3,1,0,1,0,2,3,0,0,3,0,3,1,0,0,3,2,3,1,3,3,3,1,3,3,3,1,3,0,0,3,3,1,3,3,3,1,3,3,3,0,3,3,3,0,1,0,3,3,3,-1,3,2,3,1,0,3,3,3,3,3,1,3,1,3,3,1,3,1,3,1,1,0,0,3,3,3,3,1,1,3,1,0,3,3,1,3,3,3,3,3,0,3,3,1,1,0,0,1,3,3,3,0,0,0,3,3,1,0,3,3,3,1,3,3,3,3,3,3,3,0,1,3,3,3,3,3,0,3,3,1,0,3,3,3,3,1,3,3,0,3,2,3,0,1,3,3,0,3,1,1,3,3,1,3,3,3,3,0,3,1,3,3,3,2,3,3,3,3,3,1,0,1,1
IS,0,3,0,3,1,3,3,3,2,3,1,3,1,1,3,3,3,3,0,0,3,3,3,3,3,3,1,0,1,0,2,3,0,0,3,0,3,1,0,0,3,2,3,1,3,3,3,1,3,3,3,1,3,0,0,3,0,1,3,3,3,1,3,3,3,0,3,3,3,0,1,0,3,3,3,3,-1,2,3,1,0,3,3,3,3,3,1,3,1,3,3,1,3,1,3,1,3,0,0,3,3,3,3,1,1,3,1,0,3,1,1,3,3,3,3,3,0,3,3,1,1,3,0,1,3,3,3,0,0,0,3,3,1,0,1,3,3,1,3,3,3,3,3,3,3,0,1,3,3,1,3,3,0,1,3,1,0,3,3,3,3,1,3,3,0,3,2,3,0,1,3,3,0,3,1,1,3,3,1,3,3,3,3,0,3,1,3,3,3,2,3,3,3,3,3,1,0,1,1
IN,0,0,0,0,1,0,0,1,0,0,1,0,0,0,0,0,0,0,0,3,1,0,0,0,0,0,0,0,1,0,0,1,0,0,0,0,0,1,0,0,0,2,0,0,0,0,0,1,3,0,3,0,3,0,0,0,0,1,3,0,0,1,0,0,0,0,0,3,0,0,1,0,3,0,2,0,0,-1,3,1,0,0,0,0,3,0,1,0,1,0,0,0,0,1,0,0,1,0,0,0,0,0,3,1,0,1,1,0,0,1,1,3,0,3,0,0,0,0,0,1,1,0,0,3,0,0,0,0,0,0,0,0,0,0,1,3,0,0,0,0,0,0,0,3,0,0,1,3,1,1,0,0,0,3,3,1,0,0,0,0,0,1,0,0,0,0,2,3,0,1,0,0,0,0,0,1,1,1,1,0,3,3,0,0,1,1,0,0,0,0,0,1,3,0,0,1,0,0,1
ID,0,0,0,0,1,0,0,1,0,0,1,0,0,0,0,3,0,0,0,0,1,0,0,3,3,0,0,0,3,0,0,1,0,0,3,0,3,1,0,0,0,2,0,1,0,0,0,1,3,0,3,0,0,0,0,0,0,1,3,0,0,1,3,0,0,0,0,0,0,0,1,3,3,0,3,0,0,2,-1,1,0,0,0,0,0,3,1,0,1,0,0,0,1,3,0,0,1,0,0,0,0,0,3,1,1,3,1,3,0,1,1,1,0,3,0,0,0,0,3,1,3,3,0,1,0,0,1,0,0,0,0,0,1,0,1,3,0,1,0,3,3,0,0,3,0,0,3,3,0,1,0,0,0,0,3,1,0,3,0,0,0,1,0,0,0,0,2,3,0,1,0,0,0,0,1,1,3,1,1,0,0,0,1,0,1,1,0,0,0,0,0,3,0,0,0,3,0,0,1
IR,0,0,0,0,0,0,0,3,0,0,1,0,0,0,0,0,0,0,0,0,1,0,0,0,0,0,0,0,1,0,0,1,0,0,0,0,0,1,0,0,0,2,0,0,0,0,0,1,3,0,3,0,0,0,0,0,0,1,0,0,0,1,0,3,0,0,0,0,0,0,1,0,3,0,0,0,0,2,0,-1,0,0,0,0,0,0,0,0,1,0,0,0,0,0,0,1,1,0,0,0,0,0,1,1,0,3,1,0,0,0,1,0,0,3,0,0,0,0,0,1,0,0,0,1,0,0,0,0,0,0,0,0,1,0,1,0,0,0,0,0,0,0,0,1,0,0,1,0,0,1,0,0,0,0,0,1,0,0,0,0,0,1,0,0,0,0,2,0,0,0,0,0,0,0,0,0,0,1,1,0,0,0,3,0,1,1,0,0,0,0,0,0,0,0,3,0,0,0,1
IQ,0,0,0,0,0,0,0,0,0,0,0,0,0,0,0,0,0,0,0,0,1,0,0,0,0,0,0,0,1,0,0,1,0,0,0,0,0,1,0,0,0,2,0,0,0,0,0,1,3,0,3,0,0,0,0,0,0,1,0,0,0,1,0,0,0,0,0,0,0,0,1,0,3,0,0,0,0,0,0,0,-1,0,0,0,0,0,0,0,0,0,0,0,0,0,0,1,1,0,0,0,0,0,1,1,0,3,1,0,0,0,1,0,0,3,0,0,0,0,0,1,0,0,0,0,0,0,0,0,0,0,0,0,0,0,1,0,0,0,0,0,0,0,0,1,0,0,1,0,0,1,0,0,0,0,0,1,0,0,0,0,0,1,0,0,0,0,2,0,0,0,0,0,0,0,0,1,0,1,1,0,0,0,0,0,1,1,0,0,0,0,0,0,0,0,0,0,0,0,0
IE,0,3,0,3,1,3,3,3,2,3,1,3,1,1,3,3,3,3,0,0,3,3,3,3,3,3,1,0,1,0,2,3,0,0,3,0,3,1,0,0,3,2,3,1,3,3,3,1,3,3,3,1,3,0,0,3,3,1,3,3,3,1,3,3,3,0,3,3,3,0,1,3,3,3,3,3,3,2,3,1,0,-1,3,3,3,3,1,3,1,3,3,1,3,1,3,1,3,0,0,3,3,3,3,1,1,3,1,0,3,3,1,3,3,3,3,3,0,3,3,1,1,3,0,1,3,3,3,0,0,0,3,3,1,0,1,3,3,1,3,3,3,3,3,3,3,0,1,3,3,1,3,3,0,3,3,1,0,3,3,3,1,1,3,3,0,3,2,3,0,0,3,3,0,3,1,1,3,1,1,1,3,3,1,0,1,1,3,3,3,2,3,3,3,3,3,1,0,3,1
IL,0,3,0,3,1,0,3,1,0,3,1,3,0,1,3,3,3,3,0,0,1,3,3,3,0,3,0,0,1,0,2,1,3,0,3,0,3,1,0,0,3,2,3,1,3,3,3,1,3,3,3,0,3,0,0,3,3,1,3,3,3,1,0,3,3,0,3,3,3,0,1,0,3,3,3,3,3,2,0,0,0,3,-1,3,3,3,1,3,1,0,3,0,1,1,3,0,3,0,0,3,3,3,3,1,3,0,1,0,3,1,1,3,3,3,3,3,3,3,0,1,1,0,1,1,3,3,3,0,0,0,3,3,0,0,3,3,3,1,3,3,3,3,3,1,3,3,1,3,3,1,3,0,0,1,3,1,0,3,3,3,1,1,3,3,0,3,2,3,0,3,3,3,0,3,1,1,3,1,1,1,3,0,3,0,1,1,3,0,3,0,3,3,3,3,0,0,0,1,1
IT,0,3,0,3,1,3,3,3,2,3,1,3,1,1,3,3,3,3,0,0,3,3,3,3,3,3,1,0,1,0,2,3,0,0,3,0,3,1,0,0,3,2,3,1,3,3,3,1,3,3,3,1,3,0,0,3,3,1,3,3,3,1,3,3,3,0,3,3,3,0,1,3,3,3,3,3,3,2,3,1,0,3,3,-1,3,3,1,3,1,3,3,1,3,1,3,1,3,0,0,3,3,3,3,1,1,3,1,0,3,3,1,3,3,3,3,3,0,3,3,1,1,3,0,1,3,3,3,0,0,0,3,3,1,0,3,3,3,1,3,3,3,3,3,3,3,0,1,3,3,3,3,3,0,3,3,1,0,3,3,3,3,1,3,3,0,3,2,3,0,1,3,3,0,3,1,1,3,3,1,3,3,3,3,0,3,1,3,3,3,2,3,3,3,3,3,3,0,1,1
JM,0,0,0,0,0,3,3,1,0,0,1,3,0,3,3,0,0,3,0,0,1,0,3,3,0,0,0,0,1,0,0,1,0,0,3,0,3,1,0,0,0,2,0,1,0,0,0,1,3,3,3,1,0,0,0,0,3,1,3,0,0,1,3,0,0,0,0,3,0,0,1,3,3,0,3,0,0,2,3,1,0,0,3,0,-1,0,1,0,3,3,0,0,0,1,0,0,3,0,0,0,0,0,1,1,3,3,1,0,0,0,1,3,3,3,0,0,0,0,0,1,1,3,0,1,0,0,1,0,0,0,0,0,0,0,1,3,3,0,0,3,3,0,0,1,0,3,1,3,3,1,0,0,0,1,3,1,0,3,0,0,0,1,3,3,0,0,2,3,0,3,0,0,0,0,0,3,0,1,1,0,3,0,1,0,1,3,0,0,0,0,3,1,3,0,3,0,0,3,3
JP,0,3,0,3,1,3,3,3,2,3,1,3,1,1,3,3,3,3,0,0,3,3,3,0,3,3,0,0,1,0,2,1,0,0,3,3,3,1,0,0,3,2,3,1,3,3,3,1,3,3,3,1,3,0,0,3,3,1,3,3,3,1,0,3,3,0,3,3,3,0,1,3,3,3,3,3,3,2,3,1,0,3,3,3,3,-1,1,3,1,3,3,1,3,3,3,1,3,0,0,3,3,3,3,1,1,3,1,0,3,1,1,3,3,3,3,3,3,3,3,1,3,3,0,1,3,3,3,0,0,0,3,3,1,0,1,3,3,1,3,3,3,3,3,3,3,0,1,3,3,1,3,3,0,3,3,1,0,3,3,3,1,1,3,3,0,3,2,3,0,3,3,3,0,3,1,1,3,1,1,1,3,3,3,0,1,1,3,3,3,2,3,3,3,3,3,3,0,1,1
JO,0,0,0,0,0,0,0,1,0,0,1,0,0,0,0,0,0,0,0,0,1,0,0,0,0,0,0,0,1,0,0,1,0,0,0,0,0,1,0,0,0,2,0,0,0,0,0,1,3,0,3,3,0,0,0,0,0,1,0,0,0,1,0,3,0,0,0,0,0,0,1,0,3,0,3,0,0,2,3,0,0,0,0,0,0,0,-1,0,1,0,3,0,0,0,0,3,1,0,3,0,0,0,1,1,1,3,1,0,0,0,1,1,0,3,0,0,0,0,0,1,1,0,0,1,0,0,1,0,0,0,0,0,0,0,1,3,0,0,0,0,0,0,0,1,0,0,1,3,0,1,0,0,0,0,0,1,0,0,0,0,0,1,3,0,0,0,2,0,0,0,0,0,3,0,1,1,0,1,1,0,0,3,3,0,1,1,0,0,0,0,0,1,0,0,0,0,1,0,0
KZ,0,3,0,0,0,3,3,3,0,0,3,0,1,1,3,3,0,0,0,0,1,0,0,3,0,0,0,0,1,0,0,1,0,0,0,0,3,1,0,0,3,2,0,1,0,0,0,1,3,3,3,1,0,0,0,0,0,1,0,0,0,1,0,3,0,0,0,0,0,0,1,0,3,0,3,0,0,2,3,1,0,0,0,0,1,0,1,-1,1,0,0,0,3,1,0,1,1,0,0,0,0,0,1,1,0,3,1,0,0,1,1,1,0,3,3,0,3,0,0,1,1,3,0,1,0,0,1,0,0,0,0,0,0,0,1,3,0,0,0,0,3,0,0,3,0,3,1,0,0,1,0,0,0,0,3,1,0,0,0,0,0,1,0,3,0,0,2,3,0,0,0,0,0,0,3,0,1,1,1,0,0,0,3,0,1,1,3,1,0,0,0,3,0,0,0,1,0,1,1
KE,0,0,0,0,0,3,0,0,0,0,0,3,0,0,3,0,0,0,3,0,1,0,3,0,0,0,1,3,1,0,0,1,0,0,0,0,0,1,0,1,0,2,0,3,0,0,0,1,3,0,0,0,0,0,0,0,3,3,3,0,0,1,3,0,0,3,0,3,0,0,1,0,3,0,3,0,0,2,3,1,0,0,0,0,3,0,1,0,-1,3,0,0,0,1,0,0,3,0,0,0,0,0,1,1,3,3,1,0,0,0,1,3,0,3,0,0,0,0,0,1,1,3,0,1,0,0,0,0,1,0,0,0,0,0,1,0,3,0,0,0,3,0,0,1,0,0,3,3,1,1,0,0,0,3,0,1,1,3,0,0,0,1,0,0,1,0,0,3,1,0,0,0,0,0,0,3,0,1,1,0,3,0,0,0,1,3,0,0,0,0,0,0,3,0,0,0,0,3,3
KI,0,0,0,3,0,3,0,1,0,3,0,3,0,1,3,0,3,3,0,0,1,3,3,0,0,3,0,0,1,0,0,1,0,0,0,0,0,1,0,0,3,2,3,1,3,3,3,1,3,3,3,1,0,0,0,3,0,1,3,3,3,1,3,0,3,0,3,3,0,0,1,0,3,0,3,3,3,2,3,1,0,3,0,3,3,0,1,0,3,-1,3,0,0,1,3,0,3,0,0,3,3,3,3,1,3,3,1,0,3,1,1,3,0,3,3,3,0,0,0,1,0,0,0,1,3,0,1,0,0,0,0,3,0,0,1,3,3,1,0,3,3,3,3,1,3,0,1,3,3,1,3,0,0,1,0,1,0,3,3,3,1,1,0,3,0,3,2,3,0,0,3,3,0,1,0,3,0,1,1,1,3,3,1,0,1,1,0,0,3,0,0,1,3,3,0,0,0,3,3
XK,0,3,0,0,0,0,0,0,0,0,0,0,0,1,0,0,0,0,0,0,1,0,0,0,0,0,0,0,1,0,0,1,0,0,0,0,0,1,0,0,0,2,0,1,0,0,0,1,3,0,3,0,0,0,0,0,0,1,0,0,0,1,3,0,0,0,0,0,0,0,1,0,3,0,0,0,0,0,0,1,0,0,0,0,1,0,1,0,0,0,-1,0,0,1,0,0,1,0,0,0,0,0,1,1,0,0,1,0,0,1,1,0,0,3,0,0,0,3,0,1,0,0,0,1,0,0,0,0,0,0,3,0,1,0,1,3,0,0,0,0,0,0,0,1,0,0,1,0,0,1,0,0,0,0,3,1,0,0,0,0,0,1,0,0,0,0,2,3,0,0,0,0,0,0,0,1,0,1,1,0,0,0,3,0,1,1,0,0,0,0,0,0,0,0,0,0,0,0,0
KW,0,3,0,0,0,0,0,1,0,0,1,3,3,1,0,3,0,0,0,0,1,3,3,0,1,0,0,0,1,0,0,1,0,0,0,0,0,1,0,0,0,2,0,1,0,0,0,1,3,3,3,3,3,0,0,0,3,1,0,0,0,1,0,3,0,0,0,0,3,0,1,0,3,3,3,0,0,0,3,1,0,0,0,0,0,0,3,0,1,0,3,-1,3,1,0,3,1,0,0,0,0,0,1,1,1,3,1,0,0,1,1,3,0,3,0,0,0,3,3,1,1,0,0,1,0,3,3,0,0,0,0,0,3,0,1,3,3,0,0,0,3,0,0,3,0,0,1,3,3,1,0,3,3,1,3,1,0,3,0,0,1,1,0,3,0,0,2,3,3,0,0,0,3,1,1,1,3,1,1,0,0,3,3,0,1,1,0,3,2,0,0,1,3,0,0,0,1,0,1
KG,0,0,0,0,0,3,0,3,0,0,3,0,0,1,3,3,0,0,0,0,1,0,0,0,0,0,0,0,1,0,0,1,0,0,0,0,0,1,0,0,0,2,0,1,0,0,0,1,3,0,3,0,0,0,0,0,0,1,0,0,0,1,0,3,0,0,0,0,0,0,1,0,3,0,0,0,0,0,3,1,0,0,0,0,1,0,1,3,1,0,0,0,-1,1,0,1,1,0,0,0,0,0,1,1,1,3,1,0,0,1,1,1,0,3,3,0,3,0,0,1,1,3,0,1,0,0,1,0,0,0,0,0,0,0,1,3,0,0,0,0,3,0,0,1,0,3,1,0,1,1,0,0,0,0,3,1,0,0,0,0,0,1,0,0,0,0,2,3,0,0,0,0,0,0,3,0,0,1,1,0,0,0,3,0,1,1,3,0,0,0,0,3,0,0,0,3,0,0,1
LA,0,0,0,0,0,0,0,1,0,0,0,0,0,1,0,0,0,0,0,0,1,0,0,0,3,0,0,0,3,0,0,1,0,0,0,0,0,1,0,0,0,2,0,1,0,0,0,1,3,0,3,1,0,0,0,0,0,1,0,0,0,1,3,0,0,0,0,0,0,0,1,0,3,0,0,0,0,2,3,1,0,0,0,0,0,0,0,0,1,0,0,1,0,-1,0,0,1,0,0,0,0,0,1,1,1,3,1,0,0,0,1,0,0,3,0,0,3,0,0,1,3,0,0,1,0,0,0,0,0,0,0,0,0,0,1,3,0,0,0,0,3,0,0,1,0,3,1,0,0,1,0,0,0,0,0,1,0,3,0,0,0,1,0,0,0,0,2,3,0,0,0,0,0,0,0,1,3,1,1,0,0,0,1,0,1,1,0,0,0,0,0,1,0,0,0,3,0,1,0
LV,0,3,0,3,1,3,3,3,2,3,1,3,1,1,3,3,3,3,0,0,3,3,3,3,3,3,1,0,1,0,2,3,0,0,3,0,3,1,0,0,3,2,3,1,3,3,3,1,3,3,3,1,3,0,0,3,3,1,3,3,3,1,3,3,3,0,3,3,3,0,1,0,3,3,3,3,3,2,3,1,0,3,3,3,3,3,1,3,1,3,3,1,3,1,-1,1,1,0,0,3,3,3,3,1,1,3,1,0,3,3,1,3,3,3,3,3,0,3,3,1,1,0,0,1,3,3,3,0,0,0,3,3,1,0,3,3,3,1,3,3,3,3,3,3,3,0,1,3,3,3,3,3,0,3,3,1,0,3,3,3,3,1,0,3,0,3,2,3,0,1,3,3,0,3,1,1,1,3,1,3,3,3,3,0,3,1,3,3,3,2,3,3,3,3,3,0,0,1,1
LB,0,0,0,0,0,0,0,1,0,0,0,0,0,0,0,0,0,0,0,0,1,0,0,0,0,0,0,0,1,0,0,1,0,0,0,0,0,1,0,0,0,2,0,1,0,0,0,1,3,0,3,0,0,0,0,0,0,1,0,0,0,1,0,3,0,0,0,0,0,0,1,0,3,0,0,0,0,0,3,3,1,0,0,0,0,0,3,0,0,0,0,0,0,0,0,-1,1,0,0,0,0,0,3,1,0,3,1,0,0,0,1,1,0,3,0,0,0,0,0,1,0,0,0,1,0,0,0,0,0,0,0,0,1,0,1,3,0,0,0,0,0,0,0,3,0,0,1,0,0,1,0,0,0,0,0,1,0,0,0,0,0,1,0,0,0,0,2,0,0,0,0,0,3,0,1,0,0,1,1,0,0,0,3,0,1,1,0,0,0,0,0,1,0,0,0,0,0,0,0
LS,0,0,0,0,1,3,0,0,0,0,0,3,0,3,3,0,0,3,3,0,1,0,3,0,0,0,0,0,1,0,0,1,0,0,0,0,0,1,0,0,0,2,0,1,0,0,0,1,3,0,3,0,0,0,0,0,3,1,3,0,0,1,3,0,0,1,0,3,0,0,1,3,3,0,3,0,0,2,3,1,0,3,3,0,3,3,1,0,3,3,3,0,0,0,0,0,-1,0,0,0,0,0,1,1,3,3,1,0,0,0,1,3,0,3,0,0,0,0,0,1,0,3,0,1,0,0,1,0,0,0,0,0,0,0,1,3,0,0,0,0,3,0,0,1,0,0,1,3,3,1,0,0,0,1,0,1,0,3,0,0,0,1,3,3,0,0,2,3,0,0,0,0,0,0,0,3,0,1,1,0,3,0,0,0,1,3,0,0,0,0,0,0,3,0,0,0,0,3,3
LR,0,0,0,0,0,0,0,0,0,0,0,0,0,1,0,0,0,0,3,0,1,0,0,0,0,0,3,0,1,0,0,3,3,0,0,0,0,1,0,0,0,3,0,1,0,0,0,1,3,0,3,0,0,0,0,0,0,1,0,0,0,1,3,0,0,3,0,0,0,3,3,0,3,0,0,0,0,2,0,1,0,0,0,0,0,0,0,0,1,0,0,0,0,0,0,0,1,-1,0,0,0,0,1,1,0,0,1,3,0,0,1,1,0,3,0,0,0,0,0,1,0,0,0,0,0,0,0,3,3,0,0,0,0,0,1,0,0,0,0,0,3,0,0,1,0,0,1,0,0,1,0,0,0,3,0,1,3,3,0,0,0,1,0,3,0,0,0,3,0,0,0,0,0,0,0,1,0,1,3,0,0,0,0,0,1,1,0,3,0,0,0,0,0,0,0,0,0,0,0
LY,0,0,3,0,0,0,0,0,0,0,0,0,0,0,0,0,0,0,3,0,1,0,0,0,0,0,1,0,1,0,0,1,0,0,0,0,0,1,0,0,0,2,0,1,0,0,0,1,3,0,3,0,0,0,0,0,0,1,0,0,0,1,0,0,0,1,0,0,0,0,1,0,3,0,0,0,0,0,1,1,0,0,0,0,0,0,0,0,0,0,0,0,0,0,0,1,1,0,-1,0,0,0,1,1,0,3,1,0,0,0,3,0,0,3,0,0,0,0,0,1,0,0,0,1,0,0,0,0,0,0,0,0,0,0,1,3,0,0,0,0,0,0,0,1,0,0,1,0,0,1,0,0,0,1,0,1,0,0,0,0,0,1,0,0,0,0,2,3,0,0,0,0,0,0,0,1,0,1,1,0,0,3,0,0,1,1,0,0,0,0,0,0,0,0,0,0,0,0,0
LI,0,3,0,3,0,3,3,3,2,3,1,3,1,1,3,3,3,0,0,0,3,3,3,3,3,3,1,0,1,0,2,3,0,0,3,0,3,1,0,0,3,2,3,1,3,3,3,1,3,3,3,1,3,0,0,3,0,1,3,3,3,1,3,3,3,0,3,3,3,0,1,0,3,3,3,3,3,2,3,1,0,3,3,3,3,3,1,0,1,3,3,1,3,1,3,1,1,0,0,-1,3,3,3,1,1,3,1,0,3,0,1,3,3,3,3,3,0,3,3,1,0,3,0,1,3,3,3,0,0,0,3,3,1,0,1,3,3,1,3,3,3,3,3,3,3,0,1,3,3,1,3,3,0,1,3,1,0,3,3,3,3,1,3,3,0,3,2,3,0,1,3,3,0,3,1,1,3,3,1,3,3,3,3,0,3,1,3,3,3,2,3,3,3,3,3,1,0,1,1
LT,0,3,0,3,1,3,3,3,2,3,1,3,1,1,3,3,3,3,0,0,3,3,3,3,3,3,1,0,1,0,2,3,0,0,3,0,3,1,0,0,3,2,3,1,3,3,3,1,3,3,3,1,3,0,0,3,3,1,3,3,3,1,3,3,3,0,3,3,3,0,1,0,3,3,3,3,3,2,3,1,0,3,3,3,3,3,1,3,1,3,3,1,3,1,3,1,1,0,0,3,-1,3,3,1,1,3,1,0,3,3,1,3,3,3,3,3,0,3,3,1,1,0,0,1,3,3,3,0,0,0,3,3,1,0,3,3,3,1,3,3,3,3,3,3,3,0,1,3,3,3,3,3,0,3,3,1,0,3,3,3,3,1,0,3,0,3,2,3,0,1,3,3,0,3,1,1,1,3,1,3,3,3,3,0,3,1,3,3,3,2,3,3,3,3,3,1,0,1,1
LU,0,3,0,3,1,3,3,3,2,3,1,3,1,1,3,3,3,3,0,0,3,3,3,3,3,3,1,0,1,0,2,3,0,0,3,0,3,1,0,0,3,2,3,1,3,3,3,1,3,3,3,1,3,0,0,3,3,1,3,3,3,1,3,3,3,0,3,3,3,0,1,3,3,3,3,3,3,2,3,1,0,3,3,3,3,3,1,3,1,3,3,1,3,3,3,1,3,0,0,3,3,-1,3,1,1,3,1,0,3,3,1,3,3,3,3,3,0,3,3,1,1,3,0,1,3,3,3,0,0,0,3,3,1,0,3,3,3,1,3,3,3,3,3,3,3,0,1,3,3,3,3,3,0,3,3,1,0,3,3,3,3,1,3,3,0,3,2,3,0,1,3,3,0,3,1,1,3,3,1,3,3,3,3,0,3,1,3,3,3,2,3,3,3,3,3,1,0,1,1
MO,0,3,0,3,0,3,0,3,0,3,1,0,1,1,3,3,3,0,0,0,1,3,0,3,3,3,0,0,1,0,0,3,0,0,3,0,0,1,0,0,0,2,3,1,3,3,3,1,3,3,3,3,0,0,0,3,0,1,3,3,3,1,0,0,3,0,3,3,0,0,1,0,3,0,3,3,3,2,3,1,0,3,3,3,0,3,1,0,1,3,3,0,0,1,3,1,1,0,0,3,3,3,-1,1,1,3,1,3,3,0,1,3,3,3,3,3,3,3,3,1,3,3,0,1,3,3,3,0,0,0,3,3,1,0,1,3,0,1,0,0,3,3,3,1,3,3,1,3,1,3,3,0,0,0,3,1,0,3,3,3,0,1,3,3,0,3,2,3,0,0,3,3,0,1,0,3,3,1,1,1,0,0,3,0,1,1,0,0,3,0,3,0,3,3,0,1,0,0,1
MG,0,0,0,0,1,3,0,0,0,0,0,0,0,1,0,0,0,0,3,0,1,0,0,0,0,0,0,0,1,0,0,1,0,0,0,0,0,1,0,0,0,2,0,1,0,0,0,1,3,0,3,0,3,0,0,0,3,1,0,0,0,1,0,0,0,1,0,0,3,0,1,0,3,3,3,0,0,2,3,1,0,0,0,0,0,0,0,0,1,0,0,0,0,1,0,0,1,0,0,0,0,0,1,-1,1,3,1,0,0,0,1,1,0,3,0,0,0,0,0,1,0,0,0,1,0,0,3,0,0,0,0,0,0,0,1,0,3,0,0,0,3,0,0,1,0,0,1,0,1,1,0,0,0,1,0,1,0,3,0,0,0,1,0,0,0,0,2,3,0,0,0,0,0,0,0,3,0,1,1,0,0,0,0,0,1,3,0,0,0,0,0,0,0,0,0,0,0,1,3
MW,0,0,0,0,1,3,0,0,0,0,0,3,0,3,3,0,0,3,3,0,1,0,3,0,0,0,0,0,1,0,0,1,0,0,0,0,0,1,0,0,0,2,0,1,0,0,0,1,3,0,3,0,0,0,0,0,3,1,3,0,0,1,3,0,0,1,0,3,0,0,1,0,3,0,3,0,0,2,3,1,0,0,3,0,3,0,1,0,3,3,3,0,0,1,0,0,3,0,0,0,0,0,1,1,-1,3,1,0,0,0,1,3,0,3,0,0,0,0,0,3,0,3,0,1,0,0,1,0,0,0,0,0,0,0,1,3,0,0,0,0,3,0,0,1,0,0,1,3,3,1,0,0,0,1,0,1,0,3,0,0,0,1,3,0,0,0,2,3,0,0,0,0,0,0,0,3,0,1,1,0,3,0,0,0,1,3,0,0,0,0,0,0,3,0,0,0,0,3,3
MY,0,3,3,3,0,3,3,1,2,3,1,3,1,1,3,3,3,3,0,0,1,3,3,3,3,3,0,0,3,0,0,1,0,0,3,0,0,1,0,0,3,2,3,3,3,3,3,1,3,3,3,1,3,0,0,3,3,1,3,3,3,1,3,3,3,0,3,3,3,0,1,3,3,3,3,3,3,2,3,3,0,3,0,3,3,3,1,3,3,3,3,1,3,3,3,1,3,0,0,3,3,3,3,1,3,-1,1,0,3,1,1,3,3,3,3,3,3,3,3,1,1,3,0,1,3,3,3,0,0,0,3,3,1,0,1,3,3,1,0,3,3,3,3,3,3,0,1,3,1,1,3,0,0,3,0,1,0,3,3,3,1,1,3,3,0,3,2,3,1,3,3,3,0,3,1,3,3,1,1,1,3,3,3,0,1,1,0,3,3,0,3,3,3,3,3,3,1,3,3
MV,0,0,0,0,0,3,0,1,0,0,1,3,0,3,3,0,0,3,0,3,1,0,3,0,3,0,0,0,1,0,0,1,0,0,0,0,0,1,0,0,3,2,0,1,0,0,0,1,3,0,3,1,0,0,0,0,3,1,3,0,0,1,3,0,0,0,0,3,0,0,1,0,3,0,3,0,0,3,3,1,0,3,0,0,3,0,1,0,3,0,3,0,0,1,0,0,3,0,0,0,0,0,1,1,1,3,-1,0,0,1,1,3,0,3,0,0,0,0,0,1,1,0,0,1,0,0,1,0,0,0,0,0,0,3,1,3,3,1,0,0,3,0,0,3,0,0,1,3,3,1,0,0,0,0,0,1,0,3,0,0,1,1,3,0,0,0,1,3,0,0,0,0,0,0,0,1,1,1,1,0,3,3,1,0,1,1,0,1,3,0,0,1,3,0,0,0,0,3,3
ML,0,0,3,0,0,0,0,0,0,0,0,3,0,1,3,0,0,0,3,0,1,0,0,0,0,0,3,0,1,3,0,3,0,3,0,0,0,1,0,0,0,3,0,1,0,0,0,1,3,0,3,0,0,0,0,0,0,1,0,0,0,1,3,0,0,3,0,0,0,3,3,0,3,0,3,0,0,2,3,1,0,0,0,0,0,0,0,0,1,0,0,0,0,1,0,0,1,3,0,0,0,0,3,1,0,0,1,-1,0,0,3,0,0,3,0,0,0,0,0,1,0,0,0,1,0,0,0,3,3,0,0,0,0,0,1,0,0,0,0,0,3,0,0,1,0,0,1,0,1,1,0,0,0,3,0,1,3,0,0,0,0,1,0,0,0,0,0,3,0,0,0,0,0,0,0,0,0,1,3,0,0,3,0,0,1,1,0,0,0,0,0,0,0,0,0,0,0,0,0
MT,0,3,0,3,1,3,3,3,2,3,1,3,1,1,3,3,3,3,0,0,1,3,3,3,3,3,1,0,1,0,2,3,0,0,3,0,3,1,0,0,3,2,3,1,3,3,3,1,3,3,3,1,3,0,0,3,3,1,3,3,3,1,3,3,3,0,3,3,3,0,1,0,3,3,3,3,3,2,3,1,0,3,3,3,3,3,1,3,1,3,3,1,3,1,3,1,1,0,0,3,3,3,3,1,1,3,1,0,-1,3,1,3,3,3,3,3,0,3,3,1,1,0,0,1,3,3,3,0,0,0,3,3,1,0,3,3,3,1,3,3,3,3,3,3,3,0,1,3,3,3,3,3,0,3,3,1,0,3,3,3,3,1,3,3,0,3,2,3,0,1,3,3,0,3,1,3,1,3,1,3,3,3,1,0,3,3,3,3,3,2,3,3,3,3,3,1,0,3,3
MH,0,0,0,3,0,3,0,1,0,3,0,3,0,1,0,0,3,3,0,0,1,3,0,0,0,3,0,0,1,0,0,1,0,0,0,0,3,1,0,0,3,2,3,1,3,3,3,1,3,3,3,1,3,0,0,3,0,1,3,3,3,1,0,0,3,0,3,0,3,0,1,0,3,3,3,3,3,2,3,1,0,0,0,3,0,0,1,0,1,3,3,0,0,1,3,0,1,0,0,3,3,3,1,1,1,3,1,0,3,-1,1,1,3,3,3,3,0,0,0,1,0,0,1,1,3,0,3,0,0,0,0,3,0,0,3,3,3,1,0,3,3,3,3,1,3,0,1,0,3,1,3,0,0,1,0,1,0,3,3,3,1,1,0,3,0,3,2,3,0,0,3,3,0,3,0,1,0,1,1,1,0,0,1,0,1,1,0,0,3,3,0,1,3,3,0,1,0,3,1
MR,0,0,3,0,0,0,0,0,0,0,0,0,0,1,3,0,0,0,3,0,1,0,0,0,0,0,3,0,1,0,0,3,0,3,0,0,0,1,1,0,0,3,0,1,0,0,0,1,3,0,3,0,0,0,0,0,0,1,0,0,0,1,3,0,0,1,0,0,0,3,1,0,3,0,3,0,0,0,3,1,0,0,0,0,0,0,0,0,1,0,0,0,0,1,0,1,1,0,0,0,0,0,1,1,0,3,1,3,0,0,-1,1,0,3,0,0,0,0,0,1,0,0,0,1,0,0,1,3,0,0,0,0,0,0,1,0,0,0,0,0,3,0,0,1,0,0,1,0,1,1,0,0,0,3,0,1,3,3,0,0,0,1,0,0,0,0,2,3,0,0,0,0,3,0,0,0,0,1,0,0,0,3,0,0,1,1,0,0,0,0,0,0,0,0,0,0,0,0,0
MU,0,3,0,3,3,3,0,0,0,3,1,3,0,0,3,0,3,3,3,0,1,3,3,0,0,3,0,0,1,0,0,1,0,0,3,3,0,1,0,1,3,2,3,1,3,3,3,1,3,3,3,0,0,0,0,3,3,1,3,3,3,3,3,3,3,3,3,3,0,0,1,0,3,0,3,3,3,2,3,1,0,0,3,3,3,3,1,0,3,3,3,0,0,1,3,0,3,0,0,3,3,3,3,1,3,3,1,0,3,1,1,-1,0,3,3,3,0,3,0,3,1,3,0,1,3,3,1,0,0,0,3,3,0,0,1,3,3,0,0,0,3,3,3,1,3,3,3,3,3,1,3,0,0,3,0,1,0,3,3,3,0,1,3,3,0,3,2,3,0,0,3,3,0,1,0,3,1,1,1,0,3,3,1,0,1,3,0,1,3,0,0,1,3,3,0,0,0,3,3
MX,0,3,0,3,0,3,3,1,0,3,1,3,1,0,3,3,3,3,0,0,3,3,3,3,0,3,0,0,1,0,2,1,0,0,3,0,3,1,0,0,3,2,3,1,3,3,3,1,3,3,3,1,3,0,0,3,0,1,3,3,3,1,0,3,3,0,3,3,3,0,1,0,3,3,3,3,3,2,3,1,0,3,3,3,3,3,1,3,1,0,3,0,1,1,3,1,1,0,0,3,3,3,3,1,1,3,1,0,3,1,1,3,-1,3,3,3,0,3,3,1,1,0,0,1,3,3,3,0,0,0,3,3,0,0,1,3,3,1,3,3,3,3,3,3,3,0,1,3,3,1,3,0,0,0,3,1,0,3,3,3,0,1,0,3,0,3,2,3,0,1,3,3,0,0,1,1,0,1,1,0,3,3,1,0,1,1,0,3,3,0,3,1,3,3,3,1,0,1,1
FM,0,0,0,3,0,0,0,1,0,3,0,0,0,1,0,3,3,3,0,0,1,3,0,0,0,3,0,0,1,0,0,1,0,0,0,0,3,1,0,0,3,2,3,1,3,3,3,1,3,3,3,1,0,0,0,3,0,1,3,3,3,1,3,0,3,0,3,0,0,0,1,0,3,0,3,3,3,2,0,1,0,0,3,3,0,0,0,0,1,3,3,0,0,1,3,0,1,0,0,3,3,3,1,1,1,0,1,0,3,3,1,1,3,-1,3,3,0,0,0,1,0,0,1,1,3,0,1,0,0,0,0,3,0,0,3,3,3,1,0,3,3,3,3,1,3,0,1,0,3,1,3,0,0,1,0,1,0,3,3,3,1,1,0,3,0,3,2,3,0,0,3,3,0,0,0,1,0,1,1,1,0,0,1,0,1,1,0,0,3,3,0,1,3,3,0,1,0,1,1
MD,0,3,0,3,0,3,0,3,0,3,3,3,0,1,3,3,3,0,0,0,1,3,0,0,0,3,0,0,1,0,0,1,0,0,3,0,3,1,0,0,0,2,3,1,3,3,3,1,3,0,3,0,0,0,0,3,0,1,3,3,3,1,0,3,3,0,3,0,0,0,1,0,3,0,0,3,3,2,3,1,0,0,3,3,1,0,0,3,1,0,0,0,3,1,3,1,1,0,0,3,3,3,3,1,1,3,1,0,3,0,1,1,0,3,-1,3,0,3,0,1,0,3,0,1,3,0,1,0,0,0,3,3,1,0,1,3,3,0,0,3,0,3,3,3,3,3,1,3,0,1,3,0,0,0,3,1,0,0,3,3,0,1,0,0,0,3,2,3,0,0,3,3,0,0,3,1,0,1,1,0,0,3,3,0,1,1,3,0,0,0,0,3,0,3,0,1,0,1,1
MC,0,3,0,3,1,3,3,3,2,3,1,3,1,1,0,3,3,3,0,0,3,3,3,3,0,3,0,0,1,0,2,3,0,0,3,0,3,1,0,0,3,2,3,1,3,3,3,1,3,3,3,1,3,0,0,3,3,1,3,3,3,1,3,3,3,0,3,3,3,0,1,0,3,3,3,3,3,2,3,1,0,3,3,3,3,3,1,3,1,0,3,1,3,1,3,1,1,0,0,3,3,3,3,1,1,3,1,0,3,1,1,3,3,3,3,-1,0,3,3,1,1,0,0,1,3,3,3,0,0,0,3,3,1,0,1,3,3,1,3,3,3,3,3,3,3,0,1,3,3,1,3,3,0,1,3,1,0,3,3,3,1,1,3,3,0,3,2,3,0,0,3,3,0,3,1,1,3,1,1,1,0,3,3,0,1,1,3,3,3,2,3,3,3,3,3,1,0,1,1
MN,0,0,0,0,0,0,0,1,0,0,0,0,0,1,0,3,0,0,0,0,1,0,0,3,0,0,0,0,1,0,0,1,0,0,3,3,0,1,0,0,0,2,0,3,0,0,0,1,3,0,3,0,0,0,0,0,0,1,0,0,0,1,0,0,0,0,0,0,0,0,1,0,3,0,3,0,0,2,3,1,0,0,3,0,0,0,0,3,1,0,0,0,3,3,0,0,1,0,0,0,0,0,3,1,1,3,1,0,0,1,1,1,0,3,0,0,-1,0,0,1,1,0,0,1,0,0,0,0,0,0,0,0,0,0,1,3,3,0,0,0,3,0,0,1,0,3,1,0,1,1,0,0,0,0,3,1,0,3,0,0,0,1,0,0,0,0,2,3,0,0,0,0,0,0,1,1,3,1,1,0,0,0,3,0,1,1,3,0,0,0,3,3,0,0,0,1,0,1,0
ME,0,3,0,3,0,0,3,3,0,3,0,0,0,1,0,3,3,0,0,0,1,3,0,3,0,3,0,0,1,0,0,1,0,0,3,0,3,1,0,0,3,2,3,3,3,3,3,1,3,0,3,1,0,0,0,3,3,1,0,3,3,1,3,3,3,0,3,0,0,0,1,0,3,0,3,3,3,2,0,1,0,0,3,3,1,0,1,0,1,0,3,0,1,1,3,1,1,0,0,3,3,3,3,1,1,1,1,0,3,0,1,1,0,3,3,3,0,-1,0,1,0,0,0,1,3,0,1,0,0,0,3,3,1,0,1,3,3,0,0,3,0,3,3,1,3,3,1,0,3,1,3,0,0,0,3,1,0,3,3,3,0,1,0,3,0,3,2,3,0,0,3,3,0,1,0,1,0,1,1,0,3,3,3,0,1,1,3,3,0,0,3,3,0,3,0,1,0,3,0
MA,0,0,3,0,1,0,0,0,0,0,1,0,0,0,0,0,0,3,3,0,1,0,0,3,0,0,0,0,1,0,0,0,0,0,0,0,0,1,1,0,0,3,0,1,0,0,0,1,3,0,3,0,0,0,0,0,0,1,0,0,0,3,3,0,0,0,0,3,0,3,1,0,3,0,3,0,0,0,3,1,0,0,0,0,0,0,1,0,1,0,0,0,0,1,0,1,1,0,0,0,0,0,3,1,0,3,1,3,0,1,1,1,0,3,0,0,0,0,-1,1,1,0,0,1,0,0,1,3,0,0,0,0,0,0,1,3,0,0,0,0,3,0,0,1,0,0,1,0,0,1,0,3,0,3,0,1,0,0,0,0,0,1,0,3,0,0,2,3,0,0,0,0,3,0,1,1,0,1,1,0,0,3,3,0,1,1,0,0,0,0,0,1,3,0,0,0,0,0,0
MZ,0,0,0,0,3,0,0,0,0,0,0,0,0,1,0,0,0,0,3,0,1,0,3,0,0,0,0,0,1,0,0,1,0,0,0,0,0,1,0,0,0,2,0,1,0,0,0,1,3,0,3,0,0,0,0,0,3,1,0,0,0,1,0,0,0,1,0,3,0,0,1,0,3,0,3,0,0,2,3,1,0,0,0,0,3,0,0,0,1,0,0,0,0,0,0,0,1,0,0,0,0,0,1,1,3,0,1,0,0,0,1,3,0,3,0,0,0,0,0,-1,0,3,0,1,0,0,1,0,0,0,0,0,0,0,1,0,0,0,0,0,3,0,0,1,0,0,1,0,1,1,0,3,0,0,0,1,0,3,0,0,0,1,3,0,0,0,2,3,0,0,0,0,0,0,0,3,0,1,1,0,0,0,0,0,1,1,0,0,0,0,0,0,3,0,0,0,0,3,3
MM,0,0,0,0,0,0,0,1,0,0,0,0,0,0,0,0,0,0,0,0,1,0,0,0,3,0,0,0,1,0,0,1,0,0,0,0,0,1,0,0,0,2,0,1,0,0,0,1,3,0,3,0,0,0,0,0,0,1,0,0,0,1,0,0,0,0,0,0,0,0,1,0,3,0,0,0,0,2,3,1,0,0,0,0,0,0,1,0,1,0,0,0,0,3,0,0,1,0,0,0,0,0,1,1,1,1,1,0,0,0,1,1,0,3,0,0,0,0,0,1,-1,0,0,1,0,0,1,0,0,0,0,0,0,0,0,0,0,0,0,0,3,0,0,1,0,0,1,0,0,1,0,0,0,0,0,1,0,3,0,0,0,1,0,0,0,0,2,3,0,0,0,0,0,0,0,1,3,1,1,0,0,0,1,0,1,1,0,0,0,0,0,0,0,0,0,3,0,1,0
NA,0,0,0,0,3,3,0,0,0,0,0,3,0,1,0,0,0,3,3,0,1,0,3,3,0,0,0,0,1,0,0,1,0,0,0,0,0,1,0,0,0,2,0,3,0,0,0,1,3,3,3,0,0,0,0,0,3,1,0,0,0,1,3,0,0,1,0,3,0,0,1,0,3,0,3,0,0,2,3,1,0,0,0,0,3,0,0,0,3,0,3,0,0,1,0,0,3,0,0,0,0,0,3,1,3,3,1,0,0,0,1,3,0,3,0,0,0,0,0,1,0,-1,0,1,0,0,1,0,0,0,0,0,0,0,1,0,3,0,0,0,3,0,0,1,0,0,1,0,0,1,0,0,0,1,0,1,0,3,0,0,0,1,3,0,0,0,2,3,0,0,0,0,0,0,0,3,0,1,1,0,3,3,1,0,1,1,0,0,3,0,0,0,3,0,0,0,0,3,3
NR,0,0,0,0,0,3,0,1,0,0,0,3,0,1,0,0,0,0,0,0,1,0,3,0,0,0,0,0,1,0,0,1,0,0,0,0,0,1,0,0,3,2,0,1,0,0,0,1,3,3,3,1,0,0,0,0,3,1,3,0,0,1,3,0,0,0,0,3,0,0,1,0,3,0,3,0,0,2,3,1,0,3,3,0,3,0,1,0,3,3,3,0,0,0,0,0,3,0,0,0,0,0,1,1,3,3,1,0,0,1,1,3,0,3,0,0,0,0,0,1,0,0,-1,1,0,0,1,0,0,0,0,0,0,0,1,3,3,1,0,3,0,0,0,1,0,3,1,3,3,1,0,0,0,0,0,1,0,3,0,0,1,1,0,3,0,0,2,3,0,0,0,0,0,3,0,3,0,1,1,1,3,0,1,0,1,1,0,0,3,0,0,1,3,0,0,1,0,1,3
NP,0,0,0,0,0,0,0,0,0,0,1,0,0,1,0,0,0,0,0,0,1,0,0,0,0,0,0,0,1,0,0,1,0,0,0,0,0,1,0,0,0,2,0,0,0,0,0,1,3,0,0,1,0,0,0,0,0,1,0,0,0,1,3,0,0,0,0,0,0,0,1,0,3,0,0,0,0,3,3,1,0,0,0,0,0,0,0,0,1,0,0,0,0,1,0,0,1,0,0,0,0,0,0,1,0,1,1,0,0,0,1,1,0,3,0,0,0,0,0,1,1,0,0,-1,0,0,0,0,0,0,0,0,0,3,1,3,0,0,0,0,3,0,0,1,0,0,1,0,0,1,0,0,0,1,0,1,0,3,0,0,0,1,0,0,0,0,2,3,0,0,0,0,0,0,0,1,0,1,1,0,0,0,0,0,1,1,0,0,0,0,0,1,0,0,0,0,0,0,0
NL,0,3,0,3,1,3,3,3,2,3,1,3,1,1,3,3,3,3,0,0,3,3,3,3,3,3,1,0,1,0,2,3,0,0,3,0,3,1,0,0,3,2,3,1,3,3,3,1,3,3,3,1,3,0,0,3,3,1,3,3,3,1,3,3,3,0,3,3,3,0,1,3,3,3,3,3,3,2,3,1,0,3,3,3,3,3,1,3,1,3,3,1,3,1,3,1,3,0,0,3,3,3,3,1,1,3,1,0,3,3,1,3,3,3,3,3,0,3,3,1,1,3,0,1,-1,3,3,0,0,0,3,3,1,0,3,3,3,1,3,3,3,3,3,3,3,0,1,3,3,3,3,3,0,3,3,1,0,3,3,3,3,1,3,3,0,3,2,3,0,1,3,3,0,3,1,1,3,3,1,3,3,3,1,0,3,1,3,3,3,2,3,3,3,3,3,1,0,1,1
NZ,0,3,0,3,1,3,3,3,3,3,1,3,1,1,3,3,3,3,0,0,3,3,3,3,3,3,1,0,1,0,2,1,0,0,3,0,3,1,0,0,3,2,3,1,3,3,3,1,3,3,3,1,3,0,0,3,3,1,3,3,3,1,3,3,3,0,3,3,3,0,1,3,3,3,3,3,3,2,3,1,0,3,3,3,3,3,1,3,1,3,3,1,3,1,3,1,3,0,0,3,3,3,3,1,1,3,1,0,3,1,1,3,3,3,3,3,0,3,3,1,1,3,0,1,3,-1,3,0,0,0,3,3,3,0,1,3,3,1,1,3,3,3,3,3,3,0,1,3,3,1,3,0,0,1,3,1,0,3,3,3,1,1,0,3,0,3,2,3,0,0,3,3,0,3,1,1,3,1,1,1,1,3,3,0,1,1,0,3,3,2,3,3,3,3,3,1,0,1,1
NI,0,3,0,3,0,0,3,1,0,3,0,3,0,1,3,3,3,3,0,0,1,3,0,3,0,3,0,0,1,0,0,1,0,0,3,0,0,1,0,0,0,2,3,1,3,3,3,1,3,3,3,1,3,0,0,3,0,1,0,3,3,1,0,0,3,0,3,0,3,0,1,0,3,3,0,3,3,2,3,1,0,3,0,3,0,0,1,0,1,0,3,0,0,1,3,0,1,0,0,3,3,3,1,1,1,3,1,0,3,0,1,1,0,3,3,3,0,3,0,1,0,0,0,1,3,0,-1,0,0,0,3,3,0,0,1,3,3,0,3,0,3,3,3,1,3,3,1,3,1,1,3,0,0,0,0,1,0,3,3,3,0,1,0,3,0,3,2,3,0,1,3,3,0,3,0,1,0,1,1,0,3,0,3,0,1,1,0,0,3,0,3,1,0,3,0,0,0,1,1
NE,0,0,0,0,0,0,0,0,0,0,0,0,0,1,0,0,0,0,3,0,1,0,0,0,0,0,3,0,1,0,0,3,3,3,0,0,0,1,1,0,0,3,0,1,0,0,0,1,3,0,3,0,0,0,0,0,0,1,0,0,0,1,3,0,0,3,0,0,0,3,3,0,3,0,3,0,0,2,0,1,0,0,0,0,0,0,0,0,1,0,0,0,0,0,0,0,1,3,0,0,0,0,1,1,0,0,1,3,0,0,3,1,0,3,0,0,0,0,3,1,0,0,0,1,0,0,1,-1,3,0,0,0,0,0,1,0,0,0,0,0,3,0,0,1,0,0,1,0,0,1,0,0,0,3,0,1,3,3,0,0,0,1,0,0,0,0,2,3,0,0,0,0,0,0,0,0,0,1,3,0,0,3,0,0,1,1,0,0,0,0,0,0,0,0,0,0,0,0,0
NG,0,0,0,0,0,0,0,0,0,0,0,0,0,0,3,0,0,0,3,0,1,0,0,0,0,0,3,0,1,3,0,3,0,3,0,0,0,1,0,0,0,3,0,0,0,0,0,1,3,0,0,0,0,0,0,0,0,1,3,0,0,1,3,0,0,3,0,0,0,3,3,0,3,0,0,0,0,0,0,1,0,0,0,0,0,0,0,0,1,0,0,0,0,0,0,1,1,3,0,0,0,0,0,1,0,0,1,3,0,0,1,1,0,3,0,0,0,0,0,1,0,0,0,0,0,0,0,3,-1,0,0,0,0,0,1,0,0,0,0,0,0,0,0,1,0,0,1,3,0,1,0,0,0,3,0,1,3,0,0,0,0,1,0,0,0,0,0,0,0,0,0,0,0,0,0,0,0,1,3,0,0,0,0,0,1,1,0,0,0,0,0,0,3,0,0,0,0,0,0
KP,0,0,0,0,0,0,0,1,0,0,0,0,0,1,0,3,0,0,0,0,1,0,0,0,0,0,0,0,1,0,0,1,0,0,0,0,0,1,0,0,0,2,0,1,0,0,0,1,3,0,0,0,0,0,0,0,0,1,0,0,0,1,3,0,0,0,0,0,0,0,1,3,3,0,0,0,0,0,0,1,0,0,0,0,0,0,1,0,0,0,0,0,3,1,0,0,1,0,0,0,0,0,1,1,1,0,1,0,0,0,1,0,0,3,0,0,0,0,0,1,1,0,0,1,0,0,1,0,0,-1,0,0,0,0,1,3,0,0,0,0,0,0,0,1,0,0,1,0,0,1,0,0,0,0,0,1,0,0,0,0,0,1,0,0,0,0,2,3,0,0,0,0,0,0,0,1,0,1,1,0,0,0,0,0,1,1,0,0,0,0,0,0,0,0,0,0,0,0,0
MK,0,3,0,3,0,3,3,1,0,3,1,3,0,1,0,3,3,0,0,0,1,3,0,3,0,3,0,0,1,0,0,1,0,0,3,0,3,1,0,0,0,2,3,3,3,3,3,1,3,3,3,1,3,0,0,3,0,1,0,3,3,1,3,0,3,0,3,0,3,0,1,0,3,3,3,3,3,2,3,1,0,0,3,3,1,3,1,0,1,0,3,0,1,1,3,1,1,0,0,3,3,3,3,1,1,3,1,0,3,0,1,1,0,3,3,3,0,3,0,1,0,0,0,1,3,0,3,0,0,0,-1,3,1,0,1,3,3,0,0,3,0,3,3,3,3,0,1,0,0,1,3,0,0,0,3,1,0,3,3,3,0,1,0,0,0,3,2,3,0,0,3,3,0,3,0,1,0,1,1,0,0,3,3,0,1,1,3,0,0,0,0,1,0,3,0,1,0,1,1
NO,0,3,0,3,1,3,3,3,2,3,1,3,1,1,3,3,3,3,0,0,3,3,3,3,3,3,1,0,1,0,2,3,0,0,3,0,3,1,0,0,3,2,3,1,3,3,3,1,3,3,3,1,3,0,0,3,3,1,3,3,3,1,3,3,3,0,3,3,3,0,1,3,3,3,3,3,3,2,3,1,0,3,3,3,3,3,1,3,1,3,3,1,3,1,3,1,3,0,0,3,3,3,3,1,1,3,1,0,3,3,1,3,3,3,3,3,0,3,3,1,1,3,0,1,3,3,3,0,0,0,3,-1,1,0,1,3,3,1,3,3,3,3,3,3,3,0,1,3,3,1,3,3,0,1,3,1,0,3,3,3,3,1,3,3,0,3,2,3,0,1,3,3,0,3,1,1,3,3,1,3,3,3,1,0,3,1,3,3,3,2,3,3,3,3,3,3,0,1,1
OM,0,0,0,0,0,0,0,1,0,0,1,3,3,1,0,3,0,0,0,0,1,3,3,0,3,0,0,0,1,0,0,1,0,0,0,0,0,1,0,0,0,2,0,1,0,0,0,1,3,0,3,3,0,0,0,0,0,1,0,0,0,1,0,3,0,0,0,0,0,0,1,0,3,0,3,0,0,2,3,1,0,0,0,0,0,0,3,0,1,0,3,3,1,1,0,3,1,0,0,0,0,0,1,1,0,3,1,0,0,0,1,3,0,3,0,0,0,0,3,1,0,0,0,1,0,3,1,0,0,0,0,0,-1,0,1,3,0,0,1,0,3,0,0,3,0,0,1,0,0,1,0,0,3,1,3,1,0,3,0,0,0,1,0,3,0,0,2,3,0,0,0,0,3,1,1,1,3,1,1,0,0,3,1,0,1,1,0,3,2,0,0,1,3,0,0,0,1,0,0
PK,0,0,0,0,0,0,0,0,0,0,1,0,0,0,0,0,0,0,0,0,1,0,0,0,0,0,0,0,1,0,0,1,0,0,0,0,0,1,0,0,0,2,0,0,0,0,0,1,3,0,0,0,0,0,0,0,0,1,0,0,0,1,0,0,0,0,0,0,0,0,1,0,3,0,0,0,0,0,0,0,0,0,0,0,0,0,0,0,1,0,0,0,0,0,0,0,1,0,0,0,0,0,0,1,0,1,1,0,0,0,1,0,0,3,0,0,0,0,0,1,1,0,0,1,0,0,0,0,0,0,0,0,0,-1,1,0,0,0,0,0,0,0,0,3,0,0,1,0,0,1,0,0,0,0,0,1,0,0,0,0,0,1,0,0,0,0,0,3,0,0,0,0,0,0,0,0,0,1,1,0,3,0,1,0,1,1,0,0,0,0,0,0,3,0,0,0,0,0,0
PW,0,0,0,3,0,0,0,1,0,3,0,0,0,1,0,0,3,3,0,0,1,3,0,0,0,3,0,0,1,0,0,1,0,0,0,0,3,1,0,0,3,2,3,1,3,3,3,1,3,0,3,1,0,0,0,3,0,1,3,3,3,1,3,0,3,0,3,0,0,0,1,0,3,0,3,3,3,2,3,1,0,0,3,3,0,0,1,0,1,3,3,0,0,1,3,0,1,0,0,3,3,3,1,1,1,3,1,0,3,3,1,1,3,3,3,3,0,0,0,1,0,0,1,1,3,0,1,0,0,0,0,3,0,0,-1,3,3,1,0,3,3,3,3,1,3,3,1,0,1,1,3,0,0,1,0,1,0,3,3,3,1,1,0,3,0,3,2,3,0,0,3,3,0,3,0,1,0,1,1,1,0,0,1,0,1,1,0,0,3,3,0,1,3,3,0,1,0,0,1
PS,0,0,0,0,0,0,0,0,0,0,0,0,0,1,0,0,0,0,0,0,3,0,0,0,0,0,0,0,1,0,0,1,0,0,0,0,0,1,0,0,0,2,0,1,0,0,0,1,3,0,3,0,0,0,0,0,3,1,0,0,0,1,0,0,0,0,0,0,0,0,1,0,0,0,0,0,0,2,3,1,0,0,0,0,0,0,3,0,0,0,0,0,0,1,0,0,1,0,0,0,0,0,1,1,0,3,1,0,0,0,1,0,0,3,0,0,0,0,0,1,0,0,0,0,0,0,3,0,0,0,0,0,0,0,1,-1,0,0,0,0,0,0,0,1,0,0,1,0,1,1,0,0,0,1,0,1,0,0,0,0,0,1,0,0,0,0,2,3,0,0,0,0,0,0,0,0,0,1,1,0,0,0,0,0,1,1,0,0,0,0,0,0,0,0,3,0,0,0,1
PA,0,3,0,3,0,3,3,1,0,3,1,3,0,1,3,3,3,3,0,0,3,3,0,3,0,3,0,0,1,0,0,1,0,0,3,0,3,1,0,0,3,2,3,1,3,3,3,1,3,3,3,1,3,0,0,3,0,1,0,3,3,1,0,3,3,0,3,0,3,0,1,3,0,3,3,3,3,2,3,1,0,3,3,3,3,0,1,0,1,0,3,0,0,1,3,1,1,0,0,3,3,3,1,1,1,3,1,0,3,0,1,1,3,3,3,3,0,3,0,1,1,0,0,1,3,0,3,0,0,0,3,3,0,0,1,3,-1,0,3,3,3,3,3,3,3,3,1,3,3,1,3,0,0,0,0,1,0,3,3,3,0,1,3,3,0,3,2,3,0,1,3,3,0,1,0,1,0,1,1,0,3,0,3,0,1,1,3,0,3,0,3,1,0,3,0,1,0,1,1
PG,0,0,0,0,0,3,0,1,0,0,0,3,0,3,0,0,0,3,0,0,1,0,3,0,0,0,0,0,1,0,2,1,0,0,0,0,3,1,0,0,0,2,0,1,0,0,0,1,3,3,3,1,0,0,0,0,3,1,3,0,0,1,3,0,0,0,0,3,0,0,1,0,3,0,3,0,0,2,3,1,0,0,3,0,3,0,0,0,3,0,3,0,0,1,0,0,3,0,0,0,0,0,1,1,1,3,1,0,0,1,1,3,0,3,0,0,0,0,0,1,0,0,1,1,0,0,1,0,0,0,0,0,0,0,1,3,3,-1,0,3,3,0,0,1,0,0,1,3,1,1,0,0,0,1,0,1,0,3,0,0,1,1,0,0,0,0,2,3,0,0,0,0,0,0,0,3,1,1,1,1,0,0,1,0,1,1,0,0,3,0,0,0,3,0,0,1,0,0,1
PY,0,3,0,3,0,0,3,1,0,3,1,3,1,1,0,0,3,3,0,0,3,3,3,3,0,3,1,0,1,0,0,1,0,0,3,0,3,1,0,0,3,2,3,1,3,3,3,1,3,3,3,1,3,0,0,3,0,1,3,3,3,1,0,0,3,0,3,0,3,0,1,0,3,3,3,3,3,2,3,1,0,3,3,3,3,0,1,0,1,0,3,0,0,1,3,0,1,0,0,3,3,3,1,1,1,3,1,0,3,0,1,3,3,3,3,3,0,3,0,1,0,0,0,1,3,0,3,0,0,0,3,3,1,0,1,3,3,0,-1,3,3,3,3,3,3,3,1,3,1,1,3,0,0,0,3,1,0,3,3,3,0,1,3,3,0,3,2,3,0,1,3,3,0,3,0,1,0,1,1,0,0,0,3,0,1,1,3,3,3,0,3,1,0,3,3,0,0,1,1
PE,0,3,0,3,0,3,3,1,0,3,1,3,1,1,3,3,3,3,0,0,3,3,3,3,3,3,0,0,1,0,0,1,0,0,3,0,3,1,0,0,3,2,3,1,3,3,3,1,3,3,3,1,0,0,0,3,0,1,3,3,3,1,0,0,3,0,3,0,3,0,1,3,3,3,3,3,3,2,3,1,0,0,3,3,3,0,1,0,1,0,0,0,0,1,3,1,1,0,0,3,3,3,1,1,1,3,1,0,3,1,1,1,3,3,3,3,0,3,3,1,1,0,0,1,3,0,1,0,0,0,3,3,0,0,1,3,3,1,3,-1,3,3,3,3,3,3,1,3,1,1,3,0,0,0,3,1,0,3,3,3,0,1,3,3,0,3,2,3,0,1,3,3,0,1,0,1,3,1,1,0,3,0,3,0,1,1,0,0,0,0,3,1,3,3,3,1,0,1,1
PH,0,0,0,0,0,0,0,1,0,0,0,0,0,0,0,0,0,0,0,0,3,0,0,3,3,0,0,0,3,0,0,1,0,0,0,0,3,1,0,0,3,3,0,0,0,0,0,1,3,0,3,0,0,0,0,0,0,1,3,0,0,1,3,0,0,0,0,0,0,0,1,0,3,0,3,0,0,2,3,1,0,0,3,0,0,0,0,0,1,0,0,0,1,3,0,0,1,0,0,0,0,0,3,1,1,3,1,0,0,1,1,1,0,3,0,0,3,0,3,1,3,0,0,1,0,0,1,0,0,0,0,0,0,0,1,3,0,1,0,3,-1,0,0,1,0,0,3,0,1,1,0,0,0,1,0,1,0,3,0,0,0,1,0,0,0,0,2,3,0,3,0,0,0,3,1,1,3,1,1,0,1,0,0,0,1,1,0,0,0,0,0,1,3,0,0,3,0,0,0
PL,0,3,0,3,1,3,3,3,2,3,1,3,1,1,3,3,3,3,0,0,3,3,3,3,3,3,1,0,1,0,2,3,0,0,3,0,3,1,0,0,3,2,3,1,3,3,3,1,3,3,3,1,3,0,0,3,3,1,3,3,3,1,3,3,3,0,3,3,3,0,1,0,3,3,3,3,3,2,3,1,0,3,3,3,3,3,1,3,1,3,3,1,3,1,3,1,1,0,0,3,3,3,3,1,1,3,1,0,3,3,1,3,3,3,3,3,0,3,3,1,1,0,0,1,3,3,3,0,0,0,3,3,1,0,3,3,3,1,3,3,3,-1,3,3,3,0,1,3,3,3,3,3,0,3,3,1,0,3,3,3,3,1,3,3,0,3,2,3,0,0,3,3,0,3,1,1,3,3,1,3,3,3,1,0,3,1,3,3,3,0,3,3,3,3,3,1,0,1,1
PT,0,3,0,3,1,3,3,3,2,3,1,3,1,1,3,3,3,3,0,0,3,3,3,3,3,3,1,0,1,0,2,3,0,0,3,0,3,1,0,0,3,2,3,1,3,3,3,1,3,3,3,1,3,0,0,3,3,1,3,3,3,1,1,3,3,0,3,3,3,0,1,3,3,3,3,3,3,2,3,1,0,3,3,3,3,3,1,3,1,3,3,1,3,1,3,1,3,0,0,3,3,3,3,1,1,3,1,0,3,3,1,3,3,3,3,3,0,3,3,1,1,3,0,1,3,3,3,0,0,0,3,3,1,0,3,3,3,1,3,3,3,3,-1,3,3,0,1,3,3,3,3,3,0,3,3,1,0,3,3,3,3,1,3,3,0,3,2,3,0,1,3,3,0,3,1,1,3,3,1,3,3,3,1,0,3,1,3,3,3,2,3,3,3,3,3,1,0,1,1
QA,0,0,0,0,0,0,3,3,0,0,1,3,0,1,0,3,0,0,0,0,1,3,3,0,1,0,0,0,1,0,0,1,0,0,0,3,3,1,0,0,3,2,0,1,0,0,0,1,3,3,3,0,3,0,0,0,3,1,0,0,0,1,0,3,0,0,0,0,3,0,1,0,3,3,3,0,0,2,3,1,0,0,0,0,0,0,3,0,1,0,3,3,0,1,0,3,1,0,0,0,0,0,1,1,0,3,1,0,0,0,1,3,0,3,0,0,0,3,3,1,1,0,0,1,0,3,3,0,0,0,0,0,3,0,1,3,3,0,1,0,3,0,0,-1,0,0,1,3,0,1,0,3,0,1,3,1,0,3,0,0,0,1,0,3,0,0,2,3,3,0,0,0,3,1,1,1,3,1,1,0,0,3,3,0,1,1,3,0,2,0,0,1,3,0,0,1,1,0,0
RO,0,3,0,3,1,3,3,3,2,3,1,3,1,1,3,3,3,3,0,0,1,3,3,3,3,3,0,0,1,0,2,3,0,0,3,0,3,1,0,0,3,2,3,1,3,3,3,1,3,3,3,1,3,0,0,3,0,1,3,3,3,1,3,3,3,0,3,3,3,0,1,0,3,3,3,3,3,2,3,1,0,3,3,3,1,3,1,3,1,3,3,1,1,1,3,1,1,0,0,3,3,3,3,1,1,3,1,0,3,3,1,3,3,3,3,3,0,3,3,1,1,0,0,1,3,3,3,0,0,0,3,3,1,0,3,3,3,1,3,3,3,3,3,3,-1,0,1,3,3,3,3,3,0,3,3,1,0,3,3,3,3,1,0,3,0,3,2,3,0,0,3,3,0,3,1,3,1,3,1,3,3,3,3,0,3,1,3,3,3,0,3,3,3,3,3,1,0,3,1
RU,0,0,0,0,1,3,3,3,0,0,3,3,1,1,3,3,0,0,0,0,3,3,3,3,3,0,0,0,1,0,0,1,0,0,3,0,3,1,0,0,3,2,0,3,0,0,0,1,3,3,3,1,3,0,0,0,3,1,3,0,0,1,3,3,0,0,0,3,3,0,1,3,3,3,3,0,0,2,3,1,0,0,3,0,3,0,1,3,1,0,0,0,3,3,0,1,1,0,0,0,0,0,3,1,0,3,1,0,0,1,1,3,2,3,3,0,3,3,3,1,1,3,1,1,0,0,3,0,0,0,3,0,1,0,3,3,3,0,3,3,3,0,0,3,0,-1,1,3,3,3,0,3,0,1,3,3,0,0,0,0,0,1,3,3,0,0,2,3,0,0,0,0,0,3,3,1,3,1,1,1,3,3,3,0,1,1,3,3,0,0,3,3,3,0,3,3,0,1,1
RW,0,0,0,0,3,0,0,0,0,0,0,0,0,1,0,0,0,0,3,0,1,0,0,0,0,0,0,3,1,0,0,1,3,0,0,0,0,1,1,3,0,2,0,1,0,0,0,1,3,0,3,0,0,0,0,0,0,1,0,0,0,1,0,0,0,1,0,3,0,0,1,0,3,0,0,0,0,2,3,1,0,0,0,0,0,0,1,0,3,0,0,0,0,1,0,0,1,0,0,0,0,0,1,1,0,0,1,1,0,0,1,3,0,3,0,0,0,0,0,1,0,0,0,1,0,0,1,0,0,0,0,0,0,0,1,3,0,0,0,0,3,0,0,1,0,0,-1,0,0,1,0,3,0,1,0,1,0,3,0,0,0,1,0,0,1,0,2,3,0,0,0,0,0,0,0,3,0,1,1,0,0,0,0,0,1,3,0,0,0,0,0,0,3,0,0,0,0,1,1
KN,0,3,0,3,0,3,3,1,0,3,0,3,0,3,3,0,3,3,0,0,1,3,3,3,0,3,0,0,1,0,0,1,0,0,3,0,3,1,0,0,3,2,3,3,3,3,3,1,3,3,3,1,3,0,0,3,0,1,3,3,3,1,3,0,3,0,3,3,3,0,1,3,3,3,3,3,3,2,3,1,0,3,3,3,3,0,1,0,3,3,3,0,0,1,3,1,3,0,0,3,3,3,1,1,3,3,1,0,3,0,1,3,0,3,0,3,0,3,0,1,0,0,0,1,3,0,3,0,0,0,3,3,0,0,1,3,3,0,0,3,3,3,3,1,3,3,1,-1,3,1,3,0,0,1,0,1,0,3,3,3,1,1,0,3,0,3,2,3,0,3,3,3,0,3,0,3,0,1,1,1,3,3,3,0,1,1,3,0,3,0,3,1,3,3,3,0,0,3,3
LC,0,0,0,3,0,3,3,1,0,3,0,3,0,1,3,0,3,3,0,0,1,3,3,0,0,3,0,0,1,0,0,1,0,0,3,0,3,1,0,0,3,2,3,3,3,3,3,1,3,3,3,1,3,0,0,3,3,1,3,3,3,1,3,0,3,0,3,3,3,0,1,3,3,3,3,3,3,2,3,1,0,3,3,3,3,0,1,0,3,3,3,0,0,1,3,0,3,0,0,3,3,3,1,1,3,3,1,0,3,0,1,3,0,3,3,3,0,3,0,1,0,0,0,1,3,0,3,0,0,0,0,3,0,0,1,3,3,0,0,3,3,3,3,1,3,0,1,3,-1,1,3,0,0,1,0,1,0,3,3,3,1,1,0,3,0,3,2,3,0,3,3,3,0,3,0,3,0,1,1,1,3,3,1,0,1,1,0,0,3,0,0,1,3,3,3,0,0,3,3
WS,0,0,0,3,0,3,0,1,0,3,0,3,0,3,3,0,3,3,0,0,1,3,3,0,0,3,0,0,1,0,2,1,0,0,0,0,3,1,0,0,3,2,3,1,3,3,3,1,3,0,3,1,0,0,0,3,3,1,3,3,3,1,3,0,3,0,3,3,0,0,1,0,3,0,3,3,3,2,3,1,0,3,0,3,3,0,1,0,3,3,3,0,0,1,3,1,3,0,0,3,3,3,3,1,3,3,1,0,3,1,1,3,0,3,3,3,0,3,0,1,0,0,1,1,3,0,1,0,0,0,0,3,0,3,1,3,3,1,0,3,3,3,3,1,3,3,1,0,3,-1,3,0,0,1,0,1,0,3,3,3,1,1,0,3,0,3,2,3,0,0,3,3,0,0,0,3,0,1,1,1,3,0,1,0,1,1,0,0,3,0,0,1,3,3,0,0,0,3,3
SM,0,3,0,3,0,3,3,3,2,3,1,3,1,1,3,3,3,0,0,0,1,3,3,3,0,3,0,0,1,0,2,3,0,0,3,3,3,1,0,0,3,2,3,1,3,3,3,1,3,3,3,1,3,0,0,3,3,1,0,3,3,1,3,3,3,0,3,3,3,0,1,0,3,3,3,3,3,2,3,1,0,3,3,3,3,3,1,0,3,0,3,1,1,1,3,1,3,0,0,3,3,3,3,1,1,3,1,0,3,0,1,3,3,3,3,3,0,3,3,1,0,0,0,1,3,3,3,0,0,0,3,3,1,0,1,3,3,1,0,3,3,3,3,3,3,0,1,0,3,1,-1,3,0,0,3,1,0,3,3,3,1,1,3,3,0,3,2,3,0,0,3,3,0,3,0,1,1,1,1,0,0,3,3,0,1,1,3,3,3,2,3,3,3,3,3,1,0,1,1
ST,0,0,0,0,1,0,0,0,0,0,0,3,0,1,0,0,0,0,3,0,1,0,0,0,0,0,1,0,1,0,0,1,0,0,0,0,0,1,0,0,3,2,0,1,0,0,0,1,3,0,3,1,3,0,0,0,0,1,0,0,0,1,0,0,0,1,0,0,3,0,1,0,3,3,3,0,0,0,3,1,0,0,0,0,0,0,1,0,1,0,3,0,0,1,0,0,1,0,0,0,0,0,1,1,1,3,1,0,0,0,1,1,0,3,0,0,0,0,0,1,0,0,0,1,0,0,3,0,0,0,0,0,0,0,1,3,3,0,0,0,3,0,0,1,0,0,3,0,1,1,0,-1,0,0,0,1,0,3,0,0,0,1,0,0,0,0,2,3,0,0,0,0,0,0,0,1,0,1,1,0,0,0,0,0,1,1,0,0,0,0,0,0,0,0,0,0,0,1,1
SA,0,0,0,0,0,0,0,0,0,0,1,0,3,1,0,3,0,0,0,0,1,0,3,0,1,0,0,0,1,0,0,1,0,0,0,0,0,1,0,0,0,2,0,1,0,0,0,1,3,0,3,3,3,0,0,0,0,1,0,0,0,1,0,3,0,0,0,0,3,0,1,0,3,3,3,0,0,0,3,1,0,0,0,0,0,0,3,0,1,0,3,3,3,1,0,3,1,0,0,0,0,0,1,1,1,3,1,0,0,0,1,3,0,3,0,0,0,0,3,1,1,0,0,1,0,3,3,0,0,0,0,0,3,0,1,3,3,0,0,0,3,0,0,3,0,0,1,3,0,1,0,0,-1,0,0,1,0,0,0,0,0,1,0,3,0,0,2,3,0,0,0,0,3,1,1,1,1,1,1,0,0,3,1,0,1,1,0,3,0,0,0,1,3,0,0,0,1,0,0
SN,0,0,0,0,0,0,0,0,0,0,0,0,0,1,0,0,0,0,3,0,1,0,0,0,0,0,3,0,1,0,0,3,3,3,0,0,0,1,1,0,0,3,0,1,0,0,0,1,3,0,0,0,0,0,0,0,0,1,0,0,0,1,3,0,0,3,0,0,0,3,3,0,3,0,0,0,0,2,3,1,0,0,0,0,0,0,0,0,1,0,0,0,0,0,0,0,1,3,0,0,0,0,1,1,0,3,1,3,0,0,3,1,0,3,0,0,0,0,3,1,0,0,0,1,0,0,1,3,3,0,0,0,0,0,1,3,0,0,0,0,3,0,0,1,0,0,3,0,1,1,0,0,0,-1,0,1,3,3,0,0,0,1,0,0,0,0,2,3,0,0,0,0,0,0,0,0,0,1,3,0,0,3,0,0,1,1,0,0,0,0,0,1,0,0,0,0,0,0,1
RS,0,3,0,3,0,0,3,1,0,3,1,0,0,1,0,3,3,0,0,0,1,3,0,3,0,3,0,0,1,0,0,1,0,0,3,3,3,1,0,0,3,2,3,3,3,3,3,1,3,3,3,1,0,0,0,3,3,1,3,3,3,1,3,3,3,0,3,0,0,0,1,0,3,0,3,3,3,2,3,1,0,0,3,3,1,3,1,3,1,0,3,1,3,1,3,1,1,0,0,3,3,3,3,1,0,1,1,0,3,0,1,1,0,3,3,3,3,3,0,1,1,0,0,1,3,0,1,0,0,0,3,3,1,0,1,3,3,0,0,3,0,3,3,1,3,3,1,0,0,1,3,0,0,0,-1,1,0,3,3,3,0,1,0,3,0,3,2,3,0,3,3,3,0,0,0,1,0,1,1,0,3,3,3,0,1,1,3,0,0,0,3,3,3,3,0,1,0,3,1
SC,0,3,3,3,3,3,0,0,0,3,1,3,0,3,3,3,3,3,3,0,1,3,3,3,0,3,0,0,1,0,0,1,0,0,0,3,0,1,0,0,3,3,3,1,3,3,3,1,3,3,3,1,0,0,0,3,3,1,3,3,3,1,3,3,3,1,3,3,0,0,1,0,3,0,3,3,3,2,3,1,0,3,0,3,3,0,1,0,3,3,3,0,0,1,3,0,3,0,0,3,3,3,3,1,3,3,1,0,3,1,1,3,0,3,3,3,0,3,0,1,0,3,0,1,3,3,1,0,3,0,3,3,1,0,1,3,3,0,0,0,3,3,3,3,3,3,3,3,3,1,3,0,0,1,3,-1,0,3,3,3,0,1,3,3,0,3,1,3,0,0,3,3,0,0,0,3,0,1,1,1,3,3,3,0,1,3,0,3,3,0,3,1,3,3,0,0,0,3,3
SL,0,0,0,0,0,0,0,0,0,0,0,3,0,3,3,0,0,3,3,0,1,0,3,0,0,0,3,0,1,0,0,3,0,0,0,0,0,1,0,0,0,3,0,0,0,0,0,1,3,0,3,0,0,0,0,0,3,1,3,0,0,1,3,0,0,3,0,3,0,3,3,0,3,0,0,0,0,2,0,1,0,0,0,0,3,0,0,0,3,3,0,0,0,0,0,0,3,3,0,0,0,0,1,1,1,3,1,3,0,0,1,3,0,3,0,0,0,0,0,1,0,0,0,1,0,0,0,3,3,0,0,0,0,0,1,0,0,0,0,0,0,0,0,1,0,0,1,3,1,1,0,0,0,3,0,1,-1,3,0,0,0,1,0,0,0,0,0,3,0,0,0,0,0,0,0,0,0,1,3,0,3,0,0,0,1,3,0,3,0,0,0,0,3,0,0,0,0,0,0
SG,0,3,0,3,3,3,3,3,2,3,1,3,1,1,3,3,3,3,0,0,1,3,3,3,3,3,3,0,3,0,2,3,0,0,3,3,3,1,0,0,3,3,3,3,3,3,3,3,3,3,3,1,3,0,0,3,3,1,3,3,3,1,3,3,3,3,3,3,3,3,1,0,3,3,3,3,3,2,3,1,0,3,3,3,3,3,1,3,3,3,3,1,3,3,3,1,3,0,0,3,3,3,3,1,1,3,1,0,3,1,1,3,3,3,3,3,3,3,3,1,3,3,0,1,3,3,3,0,0,0,3,3,1,0,1,3,3,1,3,3,3,3,3,3,3,0,3,3,3,1,3,0,0,3,3,1,0,-1,3,3,1,1,3,3,0,3,1,3,0,1,3,3,0,3,1,3,3,1,1,1,3,3,3,0,1,3,0,3,3,2,3,3,3,3,0,3,0,3,3
SK,0,3,0,3,1,3,3,3,2,3,1,3,1,1,3,3,3,3,0,0,3,3,3,3,3,3,1,0,1,0,2,3,0,0,3,0,3,1,0,0,3,2,3,1,3,3,3,1,3,3,3,1,3,0,0,3,3,1,3,3,3,1,0,3,3,0,3,3,3,0,1,0,3,3,3,3,3,2,3,1,0,3,3,3,3,3,1,3,1,3,3,1,3,1,3,1,1,0,0,3,3,3,3,1,1,3,1,0,3,3,1,3,3,3,3,3,0,3,3,1,1,0,0,1,3,3,3,0,0,0,3,3,1,0,3,3,3,1,3,3,3,3,3,3,3,0,1,3,3,3,3,3,0,3,3,1,0,3,-1,3,3,1,0,3,0,3,2,3,0,1,3,3,0,3,1,1,3,3,1,3,3,3,3,0,3,1,3,3,3,2,3,3,3,3,3,1,0,1,1
SI,0,3,0,3,1,3,3,3,2,3,1,3,1,1,3,3,3,3,0,0,3,3,3,3,3,3,1,0,1,0,2,3,0,0,3,0,3,1,0,0,3,2,3,1,3,3,3,1,3,3,3,1,3,0,0,3,3,1,3,3,3,1,3,3,3,0,3,3,3,0,1,0,3,3,3,3,3,2,3,1,0,3,3,3,3,3,1,3,1,3,3,1,3,1,3,1,1,0,0,3,3,3,3,1,1,3,1,0,3,3,1,3,3,3,3,3,0,3,3,1,1,0,0,1,3,3,3,0,0,0,3,3,1,0,3,3,3,1,3,3,3,3,3,3,3,0,1,3,3,3,3,3,0,3,3,1,0,3,3,-1,3,1,0,3,0,3,2,3,0,1,3,3,0,3,1,1,3,3,1,3,3,3,3,0,3,1,3,3,3,2,3,3,3,3,3,1,0,1,1
SB,0,0,0,3,0,3,0,1,0,3,0,3,0,1,3,0,3,3,0,0,1,3,3,0,0,3,0,0,1,0,2,1,0,0,0,0,3,1,0,0,3,2,3,1,3,3,3,1,3,3,3,1,3,0,0,3,3,1,3,3,3,1,3,0,3,0,3,3,3,0,1,0,3,3,0,3,3,2,3,1,0,3,3,3,3,0,1,0,3,3,3,0,0,1,3,0,3,0,0,3,3,3,1,1,1,3,1,0,3,1,1,3,0,3,3,3,0,0,0,1,0,0,1,1,3,0,3,0,0,0,0,3,0,0,1,3,3,1,0,3,3,3,3,1,3,0,1,3,3,1,3,0,0,1,0,1,0,3,3,3,-1,1,0,3,0,3,2,3,0,0,3,3,0,1,0,3,0,1,1,1,3,0,0,0,1,3,0,0,3,0,0,1,3,3,0,1,0,3,3
SO,0,0,0,0,0,0,0,0,0,0,0,0,0,1,0,0,0,0,3,0,1,0,0,0,0,0,1,0,1,0,0,1,0,0,0,0,0,1,0,0,0,2,0,0,0,0,0,1,3,0,0,0,0,0,0,0,0,1,0,0,0,1,0,0,0,1,0,0,0,0,1,0,3,0,0,0,0,0,0,0,0,0,0,0,0,0,0,0,0,0,0,0,0,1,0,1,1,0,0,0,0,0,1,1,0,3,1,0,0,0,1,0,0,3,0,0,0,0,0,1,0,0,0,0,0,0,0,0,0,0,0,0,0,0,1,3,0,0,0,0,0,0,0,1,0,0,1,0,0,1,0,0,0,0,0,1,0,0,0,0,0,-1,0,0,0,0,2,3,0,0,0,0,0,0,0,0,0,1,1,0,0,0,1,0,1,1,0,0,0,0,0,0,0,0,0,0,0,0,0
ZA,0,0,0,0,3,3,3,1,0,0,1,3,0,0,3,0,0,3,3,0,1,0,3,3,0,0,0,0,1,0,0,1,0,0,3,0,0,1,0,0,3,2,0,1,0,0,0,1,3,3,3,0,3,0,0,0,3,1,3,0,0,1,0,3,0,1,0,3,3,0,1,3,3,3,3,0,0,2,3,1,0,3,3,0,3,0,1,0,3,0,3,0,1,1,0,0,3,0,0,0,0,0,3,1,3,3,1,0,0,1,1,3,0,3,0,0,0,0,0,3,1,3,0,1,0,0,3,0,0,0,0,0,1,0,1,3,3,0,3,3,3,0,0,3,0,3,1,3,3,1,0,0,0,1,0,1,0,3,0,0,0,1,-1,3,0,0,2,3,0,0,0,0,0,0,1,3,3,1,1,0,3,3,1,0,1,1,0,0,0,0,3,0,3,0,3,0,0,3,3
KR,0,3,0,3,1,3,3,3,2,3,1,3,1,1,3,3,3,3,0,0,1,3,3,3,3,3,0,0,1,0,2,1,0,0,3,0,3,1,0,0,3,2,3,1,3,3,3,1,3,3,3,1,3,0,0,3,3,1,3,3,3,1,3,3,3,0,3,3,3,0,1,3,3,3,3,3,3,2,3,1,0,3,3,3,3,3,1,3,1,3,3,1,3,3,3,1,3,3,0,3,3,3,3,1,1,3,1,0,3,1,1,3,3,3,3,3,0,3,3,1,3,0,0,1,3,3,3,0,0,0,3,3,1,0,1,3,3,1,3,3,3,3,3,3,3,3,1,3,3,1,3,3,0,3,3,1,0,3,3,3,1,1,3,-1,0,3,2,3,0,3,3,3,0,3,1,1,3,1,1,1,3,3,3,0,1,1,3,3,3,2,3,3,3,3,3,3,0,1,1
SS,0,0,0,0,0,0,0,0,0,0,0,0,0,1,0,0,0,0,3,0,1,0,3,0,0,0,0,3,1,0,0,1,0,0,0,0,0,1,0,0,0,2,0,1,0,0,0,1,3,0,3,1,0,0,0,0,0,1,0,0,0,1,0,0,0,1,0,0,0,0,1,0,3,0,0,0,0,0,0,1,0,0,0,0,0,0,0,0,1,0,0,0,0,1,0,0,1,0,0,0,0,0,1,1,0,3,1,0,0,0,1,0,0,3,0,0,0,0,0,1,0,0,0,1,0,0,0,0,0,0,0,0,0,0,1,3,0,0,0,0,0,0,0,1,0,0,3,0,0,1,0,0,0,0,0,1,0,3,0,0,0,1,0,0,-1,0,2,3,0,0,0,0,0,0,0,1,0,1,1,0,0,0,1,0,1,1,0,0,0,0,0,0,0,0,0,0,0,0,0
ES,0,3,0,3,1,3,3,3,2,3,1,3,1,1,3,3,3,3,0,0,3,3,3,3,3,3,1,0,1,0,2,3,0,0,3,0,3,1,0,0,3,2,3,1,3,3,3,1,3,3,3,1,3,0,0,3,3,1,3,3,3,1,1,3,3,0,3,3,3,0,1,3,3,3,3,3,3,2,3,1,0,3,3,3,3,3,1,3,1,3,3,1,3,1,3,1,3,0,0,3,3,3,3,1,1,3,1,0,3,3,1,3,3,3,3,3,0,3,3,1,1,3,0,1,3,3,3,0,0,0,3,3,1,0,3,3,3,1,3,3,3,3,3,3,3,0,1,3,3,3,3,3,0,3,3,1,0,3,3,3,3,1,3,3,0,-1,2,3,0,1,3,3,0,3,1,1,3,3,1,3,3,3,1,0,3,1,3,3,3,2,3,3,3,3,3,3,0,1,1
LK,0,0,0,0,0,0,0,0,0,0,1,3,0,0,3,0,0,0,0,0,1,0,0,0,0,0,0,0,1,0,0,1,0,0,0,0,0,1,0,0,0,2,0,0,0,0,0,1,3,0,3,0,0,0,0,0,0,1,0,0,0,1,3,0,0,0,0,3,0,0,1,0,3,0,0,0,0,2,3,1,0,0,0,0,0,0,0,0,1,0,0,0,0,1,0,0,3,0,0,0,0,0,0,1,0,1,1,0,0,0,1,1,0,3,0,0,0,0,0,1,1,0,0,1,0,0,0,0,0,0,0,0,0,0,1,0,0,0,0,0,0,0,0,1,0,0,1,3,0,1,0,0,0,0,0,1,0,3,0,0,0,1,0,0,0,0,-1,3,0,0,0,0,0,0,0,0,0,1,1,0,0,0,0,0,1,1,0,0,0,0,0,1,3,0,0,0,0,0,0
VC,0,0,0,3,0,3,3,1,0,3,0,3,0,1,3,3,3,3,0,0,1,3,3,3,0,3,0,0,1,0,0,1,0,0,3,0,3,1,0,0,3,2,3,3,3,3,3,1,3,3,3,1,3,0,0,3,0,1,3,3,3,1,3,3,3,0,3,3,3,0,1,3,3,3,3,3,3,2,3,1,0,3,3,3,3,0,1,0,3,3,3,0,0,1,3,0,3,0,0,3,3,3,1,1,3,3,1,0,3,1,1,3,0,3,3,3,0,3,0,1,0,0,0,1,3,0,3,0,0,0,0,3,0,0,1,3,3,0,0,3,3,3,3,1,3,3,1,3,3,1,3,0,0,1,3,1,0,3,3,3,1,1,3,3,0,3,2,-1,0,3,3,3,0,3,0,3,0,1,1,1,3,0,1,0,1,3,0,3,3,0,3,1,3,3,3,0,0,3,3
SD,0,0,0,0,0,0,0,0,0,0,0,0,0,1,0,0,0,0,3,0,1,0,0,0,0,0,0,0,1,0,0,1,0,0,0,0,0,1,0,0,0,2,0,0,0,0,0,1,3,0,3,0,0,0,1,0,0,1,0,0,0,1,0,0,0,1,0,0,0,0,1,0,3,0,0,0,0,0,0,1,0,0,0,0,0,0,0,0,1,0,0,0,0,0,0,1,1,0,0,0,0,0,1,1,0,3,1,0,0,0,1,0,0,3,0,0,0,0,0,1,0,0,0,1,0,0,0,0,0,0,0,0,0,0,1,0,0,0,0,0,0,0,0,1,0,0,1,0,1,1,0,0,0,0,0,1,0,0,0,0,0,1,0,0,0,0,0,3,-1,0,0,0,3,0,0,1,0,1,1,0,0,0,1,0,1,1,0,0,0,0,0,0,0,0,0,0,0,0,0
SR,0,0,0,0,0,3,3,1,0,0,0,3,1,1,3,0,0,3,0,0,1,0,0,3,0,0,0,0,1,0,0,1,0,0,0,0,3,1,0,0,3,2,0,1,0,0,0,1,3,3,3,1,0,0,0,0,0,1,0,0,0,1,3,0,0,0,0,3,0,0,1,3,3,0,3,0,0,2,3,1,0,0,3,0,3,3,1,0,1,0,0,0,0,0,0,0,1,0,0,0,0,0,1,1,1,3,1,0,0,0,1,3,0,3,0,0,0,0,0,1,0,0,0,1,0,0,1,0,0,0,0,0,1,0,1,3,0,0,0,3,3,0,0,3,0,3,1,3,3,1,0,0,0,1,3,1,0,3,0,0,0,1,0,3,0,0,2,3,0,-1,0,0,0,0,0,1,0,1,1,0,3,0,1,0,1,1,0,0,0,0,0,1,0,0,0,0,0,1,1
SE,0,3,0,3,1,3,3,3,2,3,1,3,1,1,3,3,3,3,0,0,3,3,3,3,3,3,1,0,1,0,2,3,0,0,3,0,3,1,0,0,3,2,3,1,3,3,3,1,3,3,3,1,3,0,0,3,3,1,3,3,3,1,3,3,3,0,3,3,3,0,1,3,3,3,3,3,3,2,3,1,0,3,3,3,3,3,1,3,1,3,3,1,3,1,3,1,3,0,0,3,3,3,3,1,1,3,1,0,3,3,1,3,3,3,3,3,0,3,3,1,1,3,0,1,3,3,3,0,0,0,3,3,1,0,3,3,3,1,3,3,3,3,3,3,3,0,1,3,3,3,3,3,0,3,3,1,0,3,3,3,3,1,3,3,0,3,2,3,0,1,-1,3,0,3,1,1,3,3,1,3,3,3,3,0,3,1,3,3,3,2,3,3,3,3,3,3,0,1,1
CH,0,3,0,3,1,3,3,3,2,3,1,3,1,1,3,3,3,3,0,0,3,3,3,3,3,3,1,0,1,0,2,3,0,0,3,0,3,1,0,0,3,2,3,1,3,3,3,1,3,3,3,1,3,0,0,3,3,1,3,3,3,1,3,3,3,0,3,3,3,0,1,3,3,3,3,3,3,2,3,1,0,3,3,3,3,3,1,3,1,3,3,1,3,3,3,1,3,0,0,3,3,3,3,1,1,3,1,0,3,1,1,3,3,3,3,3,0,3,3,1,1,3,0,1,3,3,3,0,0,0,3,3,1,0,1,3,3,1,3,3,3,3,3,3,3,0,1,3,3,1,3,3,0,1,3,1,0,3,3,3,3,1,3,3,0,3,2,3,0,1,3,-1,0,3,1,1,3,3,1,3,3,3,3,0,3,1,3,3,3,2,3,3,3,3,3,1,0,1,1
SY,0,0,0,0,0,0,0,0,0,0,0,0,0,1,0,0,0,0,0,0,1,0,0,0,0,0,0,0,1,0,0,1,0,0,0,0,0,1,0,0,0,2,0,1,0,0,0,1,3,0,3,0,0,0,0,0,0,1,0,0,0,1,0,0,0,0,0,0,0,0,1,0,3,0,0,0,0,0,0,3,0,0,0,0,0,0,0,0,0,0,0,0,0,0,0,1,1,0,0,0,0,0,1,1,0,3,1,0,0,0,0,0,0,3,0,0,0,0,0,1,0,0,0,0,0,0,0,0,0,0,0,0,0,0,1,3,0,0,0,0,0,0,0,1,0,0,1,0,0,1,0,0,0,0,0,1,0,0,0,0,0,1,0,0,0,0,0,0,3,0,0,0,-1,0,0,0,0,1,1,0,0,0,1,0,1,1,0,0,0,0,0,0,0,0,0,0,1,0,0
TW,0,3,0,3,0,3,0,1,2,3,0,0,0,1,3,0,3,3,0,0,1,3,0,0,1,3,1,0,1,0,2,1,0,0,3,1,3,1,0,0,3,2,3,1,3,3,3,1,3,3,3,1,0,0,0,3,3,1,3,3,3,1,3,0,3,0,3,0,3,0,1,0,3,3,0,3,3,2,3,1,0,3,3,3,1,3,1,0,1,3,3,0,0,1,3,0,1,0,0,3,3,3,3,1,1,3,1,0,3,3,1,1,0,3,0,3,0,3,0,1,1,0,1,1,3,3,3,0,0,0,3,3,1,0,1,3,3,1,3,3,2,3,3,1,3,0,1,3,3,1,3,0,0,0,0,1,0,3,3,3,1,1,0,3,0,3,2,3,0,0,3,3,0,-1,0,1,1,1,1,0,0,0,1,0,3,1,0,0,3,2,3,0,3,3,0,0,0,0,0
TJ,0,0,0,0,0,3,0,3,0,0,3,0,0,1,3,3,0,0,0,0,1,0,0,0,0,0,0,0,1,0,0,1,0,0,0,0,0,1,0,0,0,2,0,1,0,0,0,1,3,0,3,0,0,0,0,0,0,1,0,0,0,1,0,3,0,0,0,0,0,0,1,0,3,0,0,0,0,2,3,1,0,0,0,0,1,0,1,3,0,0,0,0,3,1,0,1,1,0,0,0,0,0,1,1,0,3,1,0,0,1,1,1,0,3,3,0,0,0,0,1,0,3,0,1,0,0,1,0,0,0,0,0,0,0,1,3,0,0,0,0,3,0,0,1,0,3,1,0,0,1,0,0,0,0,0,1,0,0,0,0,0,1,0,0,0,0,2,3,0,0,0,0,0,0,-1,0,0,1,1,0,0,0,3,0,1,1,3,0,0,0,0,3,0,0,0,0,0,0,1
TZ,0,0,0,0,0,3,0,0,0,0,0,3,0,3,3,0,0,3,3,0,1,0,3,0,0,0,0,3,1,0,0,1,0,0,0,0,0,1,0,1,0,2,0,1,0,0,0,1,3,0,3,0,0,0,0,0,3,1,3,0,0,1,3,0,0,1,0,3,0,3,1,0,3,0,3,0,0,2,3,1,0,0,0,0,3,0,0,0,3,0,0,0,0,1,0,0,3,0,0,0,0,0,3,1,3,3,1,0,0,0,1,3,0,3,0,0,0,0,0,3,0,3,0,1,0,0,1,0,0,0,0,0,0,0,1,0,0,0,0,0,3,0,0,1,0,0,3,3,3,1,0,0,0,1,0,1,0,3,0,0,0,1,3,0,1,0,2,3,0,0,0,0,0,0,0,-1,0,1,1,0,0,0,0,0,1,3,0,0,0,0,0,0,3,0,0,0,0,3,3
TH,0,0,0,0,0,0,3,1,0,0,1,0,1,0,0,0,0,0,0,0,1,0,0,3,3,0,0,0,3,0,0,1,0,0,3,0,0,1,0,0,0,2,0,1,0,0,0,1,3,3,3,0,0,0,0,0,0,1,3,0,0,1,0,3,0,0,0,0,0,0,1,0,3,0,3,0,0,2,3,1,0,0,0,0,0,3,1,0,1,0,0,0,1,3,0,0,1,0,0,0,0,0,3,1,1,3,1,0,0,1,1,1,0,3,0,0,3,0,0,1,3,0,0,1,0,0,1,0,0,0,0,0,1,0,1,3,3,1,0,3,3,0,0,3,0,3,1,0,1,1,0,0,0,1,0,1,0,3,0,0,1,1,3,3,0,0,2,3,0,0,0,0,0,3,1,1,-1,1,1,0,0,0,3,0,1,1,0,0,0,0,0,1,3,0,0,3,0,1,0
TL,0,0,0,3,1,0,0,1,0,3,0,0,0,1,3,0,3,0,0,0,1,3,0,0,0,3,0,0,1,0,0,1,0,0,0,0,0,1,0,0,0,2,3,1,3,3,3,1,3,0,3,1,0,0,0,3,3,1,0,3,3,1,3,0,3,0,3,0,0,0,1,0,3,0,3,3,3,2,3,1,0,0,0,3,0,0,1,0,1,0,3,0,0,1,3,0,1,0,0,3,3,3,1,1,1,3,1,0,3,0,1,1,0,3,3,3,0,3,0,1,0,0,0,1,3,0,0,0,0,0,0,3,0,0,1,3,0,0,0,0,0,3,3,1,3,0,1,0,1,1,3,3,0,0,0,1,0,3,3,3,0,1,0,0,0,3,2,3,0,0,3,3,0,0,0,1,0,-1,1,0,0,0,1,0,1,1,0,0,3,0,0,0,0,3,0,1,0,0,0
TG,0,0,0,0,0,0,0,0,0,0,0,0,0,1,0,0,0,0,3,0,1,0,0,0,0,0,3,0,1,0,0,3,0,3,0,0,0,1,1,0,0,3,0,1,0,0,0,1,3,0,3,0,0,0,0,0,0,1,0,0,0,1,3,0,0,3,0,0,0,3,3,0,3,0,0,0,0,0,3,1,0,0,0,0,0,0,0,0,1,0,0,0,0,1,0,0,1,3,0,0,0,0,1,1,0,3,1,3,0,0,1,1,0,3,0,0,0,0,0,1,0,0,0,1,0,0,1,3,3,0,0,0,0,0,1,0,0,0,0,0,3,0,0,1,0,0,1,0,1,1,0,0,0,3,0,1,3,3,0,0,0,1,0,0,0,0,2,3,0,0,0,0,0,0,0,1,0,1,-1,0,0,0,0,0,1,1,0,0,0,0,0,0,0,0,0,0,0,0,0
TO,0,0,0,3,0,0,0,1,0,3,0,3,0,3,3,0,3,3,0,0,1,3,3,0,0,3,0,0,1,0,0,1,0,0,3,3,0,1,0,0,3,2,3,1,3,3,3,1,3,3,3,1,0,0,0,3,3,1,3,3,3,1,3,0,3,0,3,3,0,0,1,0,3,0,3,3,3,2,3,1,0,3,3,3,3,0,1,0,3,3,3,0,0,0,3,0,3,0,0,3,3,3,1,1,1,3,1,0,3,1,1,3,0,3,3,3,0,0,0,1,0,0,1,1,3,0,1,0,0,0,0,3,0,3,1,3,3,1,0,3,0,3,3,1,3,0,1,3,3,1,3,0,0,0,0,1,0,3,3,3,1,1,0,3,0,3,2,3,0,0,3,3,0,0,0,3,0,1,1,-1,3,0,0,0,1,3,0,0,3,0,0,1,3,3,0,0,0,3,3
TT,0,3,0,3,0,3,3,1,0,3,1,3,0,1,3,0,3,3,0,0,1,3,3,3,0,3,0,0,1,0,0,1,0,0,3,0,3,1,0,0,3,2,3,1,3,3,3,1,3,3,3,1,3,0,0,3,3,1,3,3,3,1,3,0,3,3,3,3,3,0,1,3,3,3,3,3,3,2,3,1,0,3,3,3,3,0,1,0,3,3,3,0,0,1,3,0,3,0,0,3,3,3,1,1,3,3,1,0,3,0,1,3,3,3,3,3,0,3,0,1,0,0,0,1,3,0,3,0,0,0,0,3,0,3,1,3,3,0,0,3,3,3,3,1,3,0,1,3,3,1,3,0,0,1,3,1,0,3,3,3,1,1,3,3,0,3,2,3,0,3,3,3,0,0,0,3,0,1,1,0,-1,0,3,0,1,1,0,0,3,0,3,1,3,3,3,0,0,3,3
TN,0,0,3,0,0,0,0,0,0,0,0,0,0,1,3,0,0,3,3,0,1,0,0,3,0,0,1,0,1,0,0,1,0,0,0,0,0,1,0,0,0,3,0,1,0,0,0,1,3,0,3,0,0,0,0,0,0,1,3,0,0,3,0,0,0,1,0,0,0,3,1,0,3,0,3,0,0,0,3,1,0,0,0,0,0,3,1,0,1,3,0,0,0,1,0,1,1,0,3,0,0,0,1,1,0,3,1,3,0,0,3,3,0,3,0,0,0,0,3,1,0,0,0,1,0,0,1,3,0,0,0,0,0,0,1,3,0,0,0,0,3,0,0,1,0,0,1,0,0,1,0,0,0,3,3,1,0,0,0,0,0,1,0,3,0,0,2,3,0,0,0,0,3,0,1,1,0,1,1,0,0,-1,3,0,1,1,0,0,0,0,0,1,3,0,0,0,0,0,0
TR,0,3,0,0,0,3,3,1,0,0,1,3,1,1,3,3,0,3,0,0,3,3,3,3,3,0,0,0,1,0,0,1,0,0,3,0,3,1,0,0,3,2,0,1,0,0,0,1,3,3,3,0,3,0,0,0,3,1,3,0,0,1,3,3,0,0,0,0,3,0,1,0,3,3,3,0,0,0,3,3,3,0,0,0,3,3,3,3,1,0,3,1,3,1,0,1,1,0,1,0,0,0,3,1,0,3,1,0,0,1,1,3,2,3,3,0,3,3,3,1,1,0,0,1,0,0,3,0,0,0,3,0,1,0,1,3,3,0,3,3,3,0,0,3,0,0,1,3,3,1,0,3,0,1,3,1,0,3,0,0,0,1,3,3,0,0,2,3,1,1,0,0,0,1,1,1,3,1,1,1,3,3,-1,0,1,1,3,0,0,0,3,3,3,0,3,0,0,1,1
TM,0,0,0,0,0,3,0,1,0,0,1,0,0,1,3,0,0,0,0,0,1,0,0,0,0,0,0,0,1,0,0,1,0,0,0,0,0,1,0,0,0,2,0,1,0,0,0,1,3,0,3,0,0,0,0,0,0,1,0,0,0,1,3,3,0,0,0,0,0,0,1,0,3,0,0,0,0,0,3,1,0,0,0,0,1,0,1,0,1,0,0,0,0,1,0,1,1,0,0,0,0,0,1,1,0,3,1,0,0,1,1,1,0,3,0,0,0,0,0,1,0,3,0,1,0,0,1,0,0,0,0,0,0,0,1,3,0,0,0,0,3,0,0,1,0,0,1,0,0,1,0,0,0,0,0,1,0,0,0,0,0,1,0,0,0,0,2,3,0,0,0,0,0,0,1,0,0,1,1,0,0,0,3,-1,1,1,0,0,0,0,0,0,0,0,0,0,0,0,1
TV,0,0,0,3,0,3,0,1,0,3,0,3,0,1,3,0,3,3,0,0,1,3,3,0,0,3,0,0,1,0,0,1,0,0,0,0,0,1,0,0,3,2,3,1,3,3,3,1,3,3,3,1,3,0,0,3,3,1,3,3,3,1,3,0,3,0,3,3,3,0,1,0,3,3,3,3,3,2,3,1,0,3,0,3,3,0,1,0,3,3,3,0,0,1,3,0,3,0,0,3,3,3,1,1,3,3,1,0,3,1,1,3,0,3,0,3,0,0,0,1,0,0,1,1,3,0,3,0,0,0,0,3,0,0,1,3,3,1,0,3,1,3,3,1,3,0,1,3,3,1,3,0,0,1,0,1,0,3,3,3,1,1,0,3,0,3,2,3,0,0,3,3,0,3,0,3,0,1,1,1,3,0,1,0,-1,1,0,0,3,0,0,0,3,3,0,0,0,3,3
UG,0,0,0,0,0,3,0,0,0,0,0,3,0,1,3,0,0,3,3,0,1,0,3,0,0,0,0,3,1,0,0,1,0,0,0,0,0,1,0,0,0,2,0,1,0,0,0,1,3,0,3,0,0,0,3,0,3,1,3,0,0,1,3,0,0,1,0,3,0,0,1,0,3,0,3,0,0,2,3,1,0,0,0,0,3,0,0,0,3,0,0,0,0,1,0,0,3,0,0,0,0,0,1,1,3,3,1,0,0,0,1,3,0,3,0,0,0,0,0,1,1,0,0,1,0,0,1,0,0,0,0,0,0,0,1,0,0,0,0,0,3,0,0,1,0,0,3,3,1,1,0,0,0,1,0,1,1,3,0,0,0,1,0,0,1,0,0,3,0,0,0,0,0,0,0,3,0,1,1,0,0,0,0,0,1,-1,0,0,0,0,0,0,3,0,0,0,0,3,3
UA,0,3,0,3,0,3,3,3,0,3,3,0,0,1,3,3,3,0,0,0,1,3,0,3,3,3,0,0,1,0,0,1,0,0,3,0,0,1,0,0,3,2,3,1,3,3,3,1,3,3,3,1,3,0,0,3,3,1,3,3,3,1,0,3,3,0,3,0,3,0,1,0,3,3,3,3,3,2,3,1,0,0,3,3,3,0,1,3,1,0,0,1,3,1,3,1,1,0,0,3,3,3,1,1,0,3,1,0,3,1,1,3,2,3,3,3,3,3,0,1,1,3,0,1,3,0,3,0,0,0,3,3,1,0,1,3,3,0,3,3,0,3,3,3,3,3,1,3,0,1,3,0,0,1,3,1,0,0,3,3,0,1,0,0,0,3,2,3,0,0,3,3,0,0,3,1,1,1,1,1,0,0,3,0,1,1,-1,3,0,0,3,3,3,3,0,0,0,1,1
AE,0,3,0,3,1,3,3,3,1,3,1,3,3,1,3,3,3,0,0,0,1,3,3,3,3,3,3,1,1,0,2,1,0,3,3,3,3,1,1,1,3,1,3,1,3,3,3,1,3,3,3,3,3,0,0,3,3,1,3,3,3,1,3,3,3,0,3,3,3,1,1,1,3,3,3,3,3,2,3,1,0,3,0,3,0,3,3,3,1,0,3,3,3,1,3,3,1,1,0,3,3,3,1,1,1,3,1,3,3,1,1,3,3,3,3,3,0,3,3,1,0,0,3,1,3,3,3,1,0,0,3,3,3,0,1,3,3,0,1,0,3,3,3,3,3,3,1,3,3,1,3,3,3,1,3,3,1,3,3,3,3,1,0,3,0,3,1,3,3,0,3,3,3,1,1,1,3,1,1,3,0,3,1,0,1,1,3,-1,2,0,3,1,3,3,0,1,1,1,1
GB,0,3,0,3,1,3,3,3,2,3,1,3,1,1,3,3,3,3,0,0,3,3,3,3,3,3,1,0,1,0,2,3,0,0,3,0,3,1,0,0,3,2,3,1,3,3,3,1,3,3,3,1,3,0,0,3,3,1,3,3,3,1,3,3,3,0,3,3,3,0,1,3,3,3,3,3,3,2,3,0,0,3,3,3,3,3,1,3,1,3,3,1,3,1,3,1,3,0,0,3,3,3,3,1,1,3,1,0,3,3,1,3,3,3,3,3,0,3,3,1,1,3,0,1,3,3,3,0,0,0,3,3,1,0,1,3,3,1,3,3,3,3,3,3,3,0,1,3,3,1,3,3,0,3,3,1,0,3,3,3,1,1,3,3,0,3,2,3,0,1,3,3,0,3,1,1,3,1,1,1,3,3,1,0,1,1,3,3,-1,2,3,3,3,3,3,3,0,3,1
US,0,3,0,3,1,3,3,3,2,3,1,3,1,1,3,3,3,3,0,0,1,3,3,0,3,3,1,0,1,0,3,1,3,0,3,0,3,1,0,0,3,2,3,1,3,3,3,1,3,3,3,1,3,3,0,3,3,1,3,3,3,1,1,3,3,0,3,3,3,0,1,3,3,3,3,3,3,2,3,0,0,3,3,3,3,3,1,3,1,3,3,1,3,1,3,1,3,0,0,3,3,3,3,1,1,3,1,0,3,3,1,3,3,3,3,3,3,3,3,1,1,3,0,1,3,3,3,0,0,0,3,3,1,0,3,3,3,1,1,3,3,3,3,3,3,0,1,3,3,1,3,3,0,3,3,1,0,3,3,3,1,1,3,3,0,3,2,3,0,1,3,3,0,3,1,1,3,1,1,1,3,3,1,0,1,1,3,3,3,-1,3,1,3,3,0,1,0,1,1
UY,0,3,0,3,1,0,3,3,0,3,0,3,1,1,3,3,3,3,0,0,3,3,3,3,0,3,0,0,1,0,0,1,0,0,3,0,3,1,0,0,3,2,3,1,3,3,3,1,3,3,3,1,3,0,0,3,3,1,3,3,3,1,0,3,3,0,3,0,3,0,1,3,3,3,3,3,3,2,3,1,0,3,3,3,3,3,1,0,1,0,3,0,0,1,3,0,1,0,0,3,3,3,3,1,1,3,1,0,3,1,1,1,3,3,3,3,3,3,0,1,1,0,0,1,3,3,3,0,0,0,3,3,1,0,1,3,3,1,3,3,3,3,3,3,3,3,1,3,3,1,3,0,0,0,3,1,0,3,3,3,0,1,3,3,0,3,2,3,0,1,3,3,0,0,0,1,0,1,1,0,3,0,3,0,1,1,3,3,3,0,-1,1,3,3,3,1,0,1,1
UZ,0,0,0,0,0,3,0,3,0,0,3,0,0,0,3,3,0,0,0,0,1,0,0,0,0,0,0,0,1,0,0,1,0,0,0,0,0,1,0,0,0,2,0,1,0,0,0,1,3,0,3,0,0,0,0,0,0,1,0,0,0,1,0,3,0,0,0,0,0,0,1,0,3,0,0,0,0,2,3,1,0,0,0,0,1,0,1,3,1,0,0,0,3,1,0,1,1,0,0,0,0,0,1,1,0,3,1,0,0,0,1,1,0,3,3,0,0,0,0,1,1,3,0,1,0,0,1,0,0,0,0,0,0,0,1,3,0,0,0,0,3,0,0,1,0,3,1,0,0,1,0,0,0,0,0,1,0,0,0,0,0,1,0,0,0,0,2,3,0,0,0,0,0,0,3,0,1,1,1,0,0,0,3,0,1,1,3,0,0,0,0,-1,0,0,0,0,0,0,1
VU,0,0,0,3,0,3,0,1,0,3,0,3,0,1,3,3,3,3,0,0,1,3,3,0,0,3,0,0,1,0,0,1,0,0,0,0,0,1,0,0,3,2,3,1,3,3,3,1,3,3,3,1,3,0,0,3,3,1,3,3,3,1,3,0,3,0,3,3,3,0,1,0,3,3,3,3,3,2,3,1,0,3,3,3,3,0,0,0,3,3,3,0,0,1,3,0,3,0,0,3,3,3,1,1,1,3,1,0,3,1,1,3,0,3,3,3,0,3,0,1,0,0,1,1,3,0,3,0,0,0,0,3,0,0,1,3,3,1,0,3,3,3,3,1,3,3,1,3,3,1,3,0,0,1,0,1,0,3,3,3,1,1,0,0,0,3,2,3,0,0,3,3,0,0,0,3,0,1,1,1,3,0,1,0,1,3,0,0,3,0,0,1,-1,3,0,1,0,3,3
VA,0,3,0,3,1,3,3,3,2,3,1,3,1,1,3,3,3,3,0,0,3,3,3,3,0,3,0,0,1,0,2,3,0,0,3,0,3,1,0,0,3,2,3,1,3,3,3,1,3,3,3,1,3,0,0,3,3,1,3,3,3,1,3,3,3,0,3,3,3,0,1,0,3,3,3,3,3,2,3,1,0,3,3,3,0,0,1,0,1,0,3,1,3,1,3,0,1,0,0,3,3,3,1,1,1,3,1,0,3,1,1,3,0,3,3,3,0,3,0,1,0,0,0,1,3,3,3,0,0,0,3,3,1,0,1,3,3,1,0,3,3,3,3,3,3,0,1,3,0,1,3,3,0,1,3,1,0,3,3,3,0,1,0,3,0,3,2,3,0,0,3,3,0,3,1,1,0,1,1,0,0,3,3,0,1,1,3,3,3,0,3,3,3,-1,0,0,0,1,1
VE,0,3,0,3,1,3,3,1,0,3,0,3,1,1,3,3,3,3,0,0,3,3,3,3,0,3,1,0,1,0,0,1,0,0,3,0,3,1,0,0,3,2,3,1,3,3,3,1,3,3,3,1,0,0,0,3,0,1,3,3,3,1,3,0,3,0,3,3,0,0,1,0,3,0,3,3,3,2,3,3,0,0,0,3,3,0,1,0,1,0,3,0,1,1,3,1,1,0,0,3,3,3,1,1,1,3,1,0,3,0,1,1,3,3,3,3,0,3,0,1,1,0,0,1,3,0,3,0,0,0,3,3,1,0,1,3,0,0,3,3,3,3,3,3,3,3,1,3,0,1,3,0,0,0,0,1,0,3,3,3,0,1,3,3,0,3,2,3,0,1,3,3,0,0,1,1,0,1,1,0,3,0,3,0,1,1,0,0,0,0,3,1,0,3,-1,1,0,1,1
VN,0,0,0,0,0,0,0,0,0,0,1,0,0,0,0,0,0,0,0,0,1,0,0,0,3,0,0,0,3,0,0,1,0,0,3,0,0,1,0,0,0,2,0,1,0,0,0,1,3,0,3,0,0,0,0,0,0,1,0,0,0,1,0,0,0,0,0,0,0,0,1,0,3,0,0,0,0,2,3,1,0,0,0,0,0,0,0,0,1,0,0,1,3,3,0,0,1,0,0,0,0,0,0,1,1,3,1,0,0,1,1,1,0,3,0,0,0,0,0,1,3,0,0,1,0,0,0,0,0,0,0,0,0,0,1,3,3,0,0,0,3,0,0,1,0,0,1,0,1,1,0,0,0,0,0,1,0,3,0,0,0,1,0,0,0,0,2,3,0,0,0,0,0,0,1,1,3,1,1,0,0,0,0,0,1,1,0,0,0,0,0,1,0,0,0,-1,0,1,0
YE,0,0,0,0,0,0,0,0,0,0,0,0,0,0,0,0,0,0,0,0,1,0,0,0,0,0,0,0,1,0,0,1,0,0,0,0,0,1,0,0,0,2,0,1,0,0,0,1,3,0,3,0,0,0,0,0,0,1,0,0,0,1,0,0,0,0,0,0,0,0,1,0,3,0,0,0,0,0,0,0,0,0,0,0,0,0,0,0,0,0,0,0,0,1,0,1,1,0,0,0,0,0,1,1,0,3,1,0,0,0,1,0,0,3,0,0,0,0,0,1,0,0,0,1,0,0,0,0,0,0,0,0,0,0,1,3,0,0,0,0,0,0,0,1,0,0,1,0,0,1,0,0,0,0,0,1,0,0,0,0,0,1,0,0,0,0,2,3,3,0,0,0,3,0,1,0,0,1,1,0,0,0,0,0,1,1,0,0,0,0,0,0,0,0,0,0,-1,0,0
ZM,0,0,0,0,3,3,0,0,0,0,0,3,0,3,3,0,0,3,3,0,1,0,3,0,0,0,0,0,1,0,0,1,0,0,0,0,0,1,0,0,0,2,0,1,0,0,0,1,3,0,3,0,0,0,0,0,3,1,3,0,0,1,3,0,0,1,0,3,0,0,1,0,3,0,3,0,0,2,3,1,0,0,0,0,3,0,0,0,3,3,0,0,0,0,0,0,3,0,0,0,0,0,1,1,3,3,1,0,0,0,1,3,0,3,0,0,0,0,0,3,0,3,0,1,0,0,1,0,0,0,0,0,0,0,1,0,0,0,0,0,3,0,0,1,0,0,1,3,3,1,0,0,0,1,0,1,0,3,0,0,0,1,3,0,0,0,2,3,0,0,0,0,0,0,0,3,0,1,1,0,3,0,1,0,1,3,0,0,0,0,0,0,3,0,0,0,0,-1,3
ZW,0,0,0,0,3,0,0,0,0,0,0,3,0,1,3,0,0,3,3,0,1,0,3,0,0,0,0,0,1,0,0,1,0,0,0,0,0,1,0,3,0,2,0,1,0,0,0,1,3,0,3,0,0,0,0,0,3,1,3,0,0,1,3,0,0,3,0,0,0,0,1,0,3,0,3,0,0,2,3,1,0,0,0,0,0,0,1,0,3,3,0,0,0,0,0,0,3,0,0,0,0,0,1,1,3,3,1,0,0,0,1,3,0,3,0,0,0,0,0,3,0,3,0,0,0,0,1,0,0,0,0,0,0,0,1,3,0,0,0,0,3,0,0,1,0,0,1,3,1,1,0,0,0,1,0,1,0,3,0,0,0,1,3,0,0,0,2,3,0,0,0,0,0,0,0,3,0,1,1,0,3,0,0,0,1,3,0,0,0,0,0,0,3,0,0,0,0,3,-1
