Passport,AFG,AGO,ALB,AND,ARE,ARG,ARM,ATG,AUS,AUT,AZE,BDI,BEL,BEN,BFA,BGD,BGR,BHR,BHS,BIH,BLR,BLZ,BOL,BRA,BRB,BRN,BTN,BWA,CAF,CAN,CHE,CHL,CHN,CIV,CMR,COD,COG,COL,COM,CPV,CRI,CUB,CYP,CZE,DEU,DJI,DMA,DNK,DOM,DZA,ECU,EGY,ERI,ESP,EST,ETH,FIN,FJI,FRA,FSM,GAB,GBR,GEO,GHA,GIN,GMB,GNB,GNQ,GRC,GRD,GTM,GUY,HKG,HND,HRV,HTI,HUN,IDN,IND,IRL,IRN,IRQ,ISL,ISR,ITA,JAM,JOR,JPN,KAZ,KEN,KGZ,KHM,KIR,KNA,KOR,KWT,LAO,LBN,LBR,LBY,LCA,LIE,LKA,LSO,LTU,LUX,LVA,MAC,MAR,MCO,MDA,MDG,MDV,MEX,MHL,MKD,MLI,MLT,MMR,MNE,MNG,MOZ,MRT,MUS,MWI,MYS,NAM,NER,NGA,NIC,NLD,NOR,NPL,NRU,NZL,OMN,PAK,PAN,PER,PHL,PLW,PNG,POL,PRK,PRT,PRY,PSE,QAT,ROU,RUS,RWA,SAU,SDN,SEN,SGP,SLB,SLE,SLV,SMR,SOM,SRB,SSD,STP,SUR,SVK,SVN,SWE,SWZ,SYC,SYR,TCD,TGO,THA,TJK,TKM,TLS,TON,TTO,TUN,TUR,TUV,TWN,TZA,UGA,UKR,URY,USA,UZB,VAT,VCT,VEN,VNM,VUT,WSM,XKX,YEM,ZAF,ZMB,ZWE
AFG,-1,0,0,0,0,0,0,0,0,0,0,0,0,0,0,2,0,0,0,0,0,0,2,0,0,0,0,0,0,0,0,0,0,1,0,0,0,0,2,2,0,0,0,0,0,2,3,0,0,0,0,0,0,0,0,2,0,0,0,3,2,0,0,0,2,0,2,0,0,0,0,0,0,0,0,3,0,0,0,0,0,0,0,0,0,0,0,0,0,0,0,2,0,0,0,0,0,0,0,0,0,0,0,2,0,0,0,2,0,0,0,2,2,0,0,0,0,0,0,0,0,2,2,0,2,0,0,0,2,0,0,0,0,0,0,0,0,0,0,0,2,0,0,0,0,0,0,2,0,0,2,0,0,2,0,0,0,0,0,2,0,0,0,2,0,0,0,0,2,0,0,2,0,0,0,2,0,0,0,0,2,0,0,2,0,0,0,0,0,3,0,0,0,2,0,0,0,0,0
AGO,0,-1,0,0,0,0,0,0,0,0,0,0,0,3,0,2,0,0,0,0,0,0,2,0,0,0,0,3,0,0,0,0,0,1,0,0,0,0,2,3,0,2,0,0,0,2,3,0,0,0,0,0,0,0,0,2,0,0,0,3,2,0,0,2,2,3,2,0,0,0,0,0,0,0,0,3,0,3,1,0,2,0,0,0,0,0,0,0,0,2,0,2,0,0,0,0,2,0,0,0,0,0,1,2,0,0,0,2,0,0,0,2,2,0,0,0,0,0,0,0,0,3,2,3,2,0,3,0,2,2,0,0,2,0,0,0,2,3,0,3,2,0,0,0,0,0,0,2,0,0,3,0,0,2,3,0,0,0,0,2,0,0,3,2,0,0,0,0,2,0,0,2,0,0,0,2,0,0,3,0,2,0,2,3,0,0,0,2,0,3,0,0,0,2,0,0,3,3,3
ALB,0,0,-1,3,0,0,3,3,0,3,2,0,3,0,0,2,3,0,0,3,3,0,2,3,3,0,0,0,0,0,3,3,0,1,0,0,0,3,2,2,0,2,3,3,3,2,3,3,3,0,3,2,0,3,3,2,3,0,3,3,2,0,3,0,2,3,2,0,3,0,0,0,3,0,3,3,3,3,1,0,2,0,3,3,3,2,0,0,0,2,2,2,0,0,3,0,2,0,0,0,0,3,1,2,3,3,3,3,0,3,3,2,2,0,0,3,0,3,2,3,0,2,2,2,2,3,0,0,2,0,3,3,2,0,0,2,0,0,0,0,2,0,3,0,3,0,3,2,3,0,2,0,0,2,3,0,0,3,3,2,3,0,0,2,3,3,3,0,2,0,0,2,0,0,0,2,0,3,0,3,2,0,2,2,3,0,0,2,3,3,0,0,0,2,3,0,0,2,2
AND,0,0,3,-1,3,3,3,3,1,3,2,0,3,0,0,2,3,2,3,3,3,3,3,3,0,0,0,0,0,1,3,3,0,1,0,0,0,3,2,3,3,2,3,3,3,2,3,3,3,0,3,2,0,3,3,2,3,0,3,3,2,3,3,0,2,3,2,0,3,0,3,0,3,3,3,3,3,3,1,3,2,0,3,3,3,2,2,3,0,2,3,2,0,0,3,2,2,2,0,0,3,3,1,2,3,3,3,3,3,3,3,2,2,3,2,3,0,3,0,3,0,2,2,2,2,3,0,0,2,3,3,3,2,0,1,2,0,3,3,3,2,2,3,0,3,3,3,3,3,0,2,2,0,2,3,2,0,3,3,2,3,0,3,2,3,3,3,3,2,0,0,2,3,2,0,2,0,0,3,3,2,3,2,2,3,3,1,3,3,3,3,2,3,2,3,0,3,2,2
ARE,0,2,3,3,-1,3,3,3,2,3,2,2,3,2,3,2,3,3,3,3,3,0,2,3,3,3,0,3,2,1,3,3,3,2,0,2,2,3,2,2,3,3,3,3,3,2,3,3,3,0,3,3,0,3,3,2,3,3,3,3,2,1,3,0,2,3,2,2,3,3,3,2,3,3,3,3,3,3,2,3,2,0,3,0,3,0,3,3,3,2,3,2,0,3,3,3,2,3,2,0,3,3,1,2,3,3,3,2,3,3,3,2,2,3,2,3,3,3,0,3,2,2,2,3,2,3,2,2,2,3,3,3,2,3,1,3,2,3,0,3,2,0,3,0,3,3,3,3,3,3,2,3,3,2,3,3,2,3,3,2,3,3,3,2,3,3,3,3,2,3,3,2,3,2,0,2,3,0,3,2,2,2,2,2,3,3,0,3,3,3,0,2,3,2,3,2,3,2,2
ARG,0,2,3,3,3,-1,3,3,0,3,2,0,3,0,2,2,3,2,3,3,3,3,3,3,3,0,0,3,0,0,3,3,0,1,0,0,0,3,2,2,3,2,3,3,3,2,3,3,3,0,3,2,0,3,3,2,3,3,3,3,2,3,3,0,2,0,2,0,3,3,3,3,3,3,3,3,3,3,1,3,2,0,3,3,3,3,2,3,3,2,3,2,0,3,3,0,2,2,0,0,3,3,1,2,3,3,3,3,3,3,3,2,2,3,2,3,0,3,2,3,3,2,2,3,2,3,0,0,2,3,3,3,2,0,1,2,2,3,3,3,2,2,3,0,3,3,3,3,3,3,2,0,0,2,3,2,0,3,3,2,3,0,0,3,3,3,3,3,2,0,0,2,3,2,0,2,0,3,3,3,2,0,2,2,3,3,0,3,3,3,3,2,3,2,3,0,3,2,2
ARM,0,0,3,0,0,3,-1,3,0,0,0,0,0,0,0,2,0,0,3,0,3,0,2,3,3,0,0,0,0,0,0,0,0,1,0,0,0,0,2,2,0,2,0,0,0,2,3,0,0,0,3,0,0,0,0,2,0,0,0,3,2,0,3,0,2,3,2,0,0,0,0,0,3,0,0,3,0,3,1,0,3,0,0,0,0,2,2,0,3,0,3,2,0,0,0,0,2,2,0,0,0,0,1,2,0,0,0,3,0,0,3,2,2,0,0,0,0,0,0,0,0,2,2,2,2,3,3,0,2,0,0,0,2,0,0,0,0,3,0,0,2,0,0,0,0,0,3,2,0,3,2,0,0,2,0,0,2,0,0,2,3,0,0,2,0,0,0,0,2,0,0,2,0,3,0,2,0,0,0,2,2,0,2,2,3,3,0,3,0,3,0,2,0,2,0,0,0,0,2
ATG,0,0,3,3,0,0,2,-1,0,3,0,0,3,0,0,2,3,0,3,3,3,3,2,3,3,0,0,3,0,0,3,3,0,1,0,0,0,3,2,2,3,3,3,3,3,2,3,3,3,0,3,2,0,3,3,2,3,3,3,3,2,3,3,0,2,3,2,0,3,3,3,3,3,3,3,3,3,3,1,3,2,0,3,0,3,3,2,0,0,2,0,2,3,3,3,0,2,2,0,0,3,3,1,3,3,3,3,2,0,3,3,2,2,0,0,3,0,3,0,3,0,2,2,3,3,3,0,0,2,3,3,3,2,0,0,0,0,3,3,3,2,0,3,0,3,0,3,3,3,3,2,0,0,2,3,2,2,3,3,2,3,0,0,3,3,3,3,3,2,0,0,2,0,0,0,2,0,3,3,2,2,0,3,3,3,0,0,2,3,3,3,0,3,2,3,0,3,3,3
AUS,0,2,3,3,3,3,3,3,-1,3,2,0,3,0,2,2,3,2,3,3,3,3,3,3,3,2,0,3,0,1,3,3,0,1,0,0,0,3,2,2,3,2,3,3,3,2,3,3,3,0,3,2,0,3,3,2,3,3,3,3,2,3,3,0,2,3,2,0,3,3,3,3,3,3,3,3,3,3,1,3,2,0,3,3,3,3,2,3,3,2,3,2,3,3,3,2,2,2,0,0,3,3,1,3,3,3,3,3,3,3,3,2,2,3,2,3,0,3,2,3,0,2,2,3,2,3,3,0,2,3,3,3,2,0,3,2,0,3,3,3,2,2,3,0,3,2,3,3,3,0,2,2,0,2,3,2,2,3,3,2,3,0,0,2,3,3,3,3,2,0,0,2,3,2,0,2,2,2,3,2,2,3,2,2,0,3,1,3,3,3,3,2,3,2,3,0,3,2,2
AUT,0,2,3,3,3,3,3,3,1,-1,2,0,3,0,2,2,3,2,3,3,3,3,3,3,3,3,0,3,0,1,3,3,0,1,0,0,0,3,2,3,3,2,3,3,3,2,3,3,3,0,3,2,0,3,3,2,3,3,3,3,2,3,3,0,2,3,2,0,3,3,3,3,3,3,3,3,3,3,1,3,2,0,3,3,3,3,2,3,3,2,3,2,3,3,3,2,2,2,0,0,3,3,1,3,3,3,3,3,3,3,3,2,2,3,3,3,0,3,2,3,0,2,2,3,2,3,3,0,2,3,3,3,2,0,1,2,2,3,3,3,3,2,3,0,3,3,3,3,3,0,2,2,0,3,3,3,2,3,3,2,3,0,3,2,3,3,3,3,2,0,0,2,3,2,0,3,3,3,3,2,3,3,2,2,3,3,1,3,3,3,3,2,3,3,3,0,3,2,2
AZE,0,0,3,0,0,0,0,3,0,0,-1,0,0,0,0,2,0,0,3,3,3,0,2,0,3,0,0,0,0,0,0,0,0,1,0,0,0,3,2,2,0,2,0,0,0,2,3,0,0,0,3,0,0,0,0,2,0,0,0,3,2,0,3,0,2,3,2,0,0,0,0,0,0,0,0,3,0,3,1,0,3,0,0,0,0,2,2,0,3,0,3,2,0,0,0,0,2,2,0,0,0,0,1,2,0,0,0,2,0,0,3,2,2,0,2,3,0,0,0,3,0,2,2,2,2,3,3,0,2,2,0,0,2,0,0,2,2,0,0,0,2,0,0,0,0,0,3,3,0,3,2,0,0,2,0,0,2,0,0,2,3,0,0,2,0,0,0,0,2,0,0,2,0,3,0,2,0,0,0,3,2,0,0,2,3,0,0,3,0,3,0,2,3,2,0,0,0,0,2
BDI,0,0,0,0,0,0,0,0,0,0,0,-1,0,3,0,2,0,0,0,0,0,0,2,0,3,0,0,0,3,0,0,0,0,1,0,3,0,0,2,2,0,2,0,0,0,2,3,0,0,0,3,0,0,0,0,2,0,0,0,3,2,0,0,2,2,3,2,0,0,0,0,0,0,0,0,3,0,3,1,0,2,0,0,0,0,0,0,0,0,3,0,2,0,0,0,0,0,0,0,0,2,0,1,2,0,0,0,2,0,0,0,2,2,0,0,0,0,0,0,0,0,2,2,3,2,0,2,0,2,2,0,0,2,0,0,0,0,0,0,3,2,0,0,0,0,0,0,2,0,0,3,0,0,2,3,0,0,0,0,2,3,0,0,2,0,0,0,0,2,0,0,2,0,0,0,2,0,0,0,0,2,0,2,3,0,0,0,0,0,3,0,0,0,2,0,0,0,2,2
BEL,0,2,3,3,3,3,3,3,1,3,2,0,-1,0,2,2,3,2,3,3,3,3,3,3,3,3,0,3,0,1,3,3,0,1,0,0,0,3,2,3,3,2,3,3,3,2,3,3,3,0,3,2,0,3,3,2,3,3,3,3,2,3,3,0,2,3,2,0,3,3,3,3,3,3,3,3,3,3,1,3,2,0,3,3,3,3,2,3,3,2,3,2,3,3,3,2,2,2,0,0,3,3,1,3,3,3,3,3,3,3,3,2,2,3,3,3,0,3,2,3,0,2,2,3,2,3,3,0,2,3,3,3,2,0,1,2,0,3,3,3,3,2,3,0,3,3,3,3,3,0,2,2,0,3,3,3,2,3,3,2,3,0,3,2,3,3,3,3,2,0,0,2,3,2,0,3,3,3,3,2,3,3,2,2,3,3,1,3,3,3,3,2,3,3,3,0,3,2,2
BEN,0,0,0,0,0,0,0,0,0,0,0,0,0,-1,3,2,0,0,0,0,0,0,2,0,0,0,0,0,3,0,0,0,0,3,0,0,2,0,2,3,0,2,0,0,0,2,3,0,0,0,3,0,0,0,0,2,0,0,0,3,2,0,0,3,3,3,3,0,0,0,0,0,3,0,0,3,0,3,1,0,2,0,0,0,0,0,0,0,0,2,0,2,0,0,0,0,2,0,3,0,2,0,1,2,0,0,0,2,0,0,0,2,2,0,0,0,3,0,0,0,0,2,2,3,2,3,2,3,3,2,0,0,2,0,0,0,0,0,0,3,2,0,0,0,0,0,0,2,0,0,3,0,0,3,3,0,3,0,0,2,0,0,0,2,0,0,0,0,2,0,2,3,0,0,0,2,0,0,3,0,2,0,2,2,0,0,0,0,0,3,0,0,0,2,0,0,3,0,0
BFA,0,0,0,0,0,0,0,0,0,0,0,0,0,3,-1,3,0,0,0,0,0,0,2,0,3,0,0,0,3,0,0,0,0,3,0,0,2,0,2,3,0,2,0,0,0,2,3,0,0,0,3,0,0,0,0,2,0,0,0,3,2,0,0,3,3,3,3,0,0,0,0,0,3,0,0,3,0,3,0,0,2,0,0,0,0,0,0,0,0,2,0,2,0,0,0,0,2,0,3,0,2,0,1,2,0,0,0,2,0,0,0,2,2,0,0,0,3,0,0,0,0,2,2,2,2,0,2,3,3,2,0,0,2,0,0,0,0,0,0,3,2,0,0,0,0,0,0,2,0,0,2,0,0,3,3,0,3,0,0,2,0,0,0,2,0,0,0,0,2,0,3,3,0,0,0,2,0,0,3,0,2,2,2,2,0,0,0,0,0,3,0,0,0,2,0,0,0,0,0
BGD,0,0,0,0,0,0,0,0,0,0,0,0,0,0,0,-1,0,0,3,0,0,0,2,0,3,0,3,0,0,0,0,0,0,1,0,0,0,0,2,2,0,0,0,0,0,2,3,0,0,0,0,0,0,0,0,2,0,3,0,3,2,0,0,0,2,3,2,0,0,3,0,0,0,0,0,3,0,3,0,0,0,0,0,0,0,3,0,0,0,2,0,2,0,3,0,0,0,0,0,0,0,0,1,3,0,0,0,0,0,0,0,2,2,0,0,0,0,0,2,0,0,2,2,0,2,2,0,0,2,0,0,0,2,0,0,0,0,0,0,0,0,0,0,0,0,0,0,2,0,0,2,0,0,2,0,0,2,0,0,2,0,0,0,2,0,0,0,0,2,0,0,2,0,0,0,2,0,3,0,0,2,0,0,2,0,0,0,2,0,3,0,0,3,2,0,0,0,0,0
BGR,0,2,3,3,3,3,3,3,1,3,2,0,3,0,0,2,-1,2,3,3,3,3,2,3,3,3,0,3,0,1,3,3,0,1,0,0,0,3,2,3,3,2,3,3,3,2,3,3,3,0,3,2,0,3,3,2,3,3,3,3,2,3,3,0,2,3,2,0,3,3,3,0,3,3,3,3,3,3,1,3,2,0,3,3,3,2,2,3,3,2,2,2,3,3,3,2,2,2,0,0,3,3,1,2,3,3,3,3,3,3,3,2,2,3,3,3,0,3,2,3,0,2,2,3,2,3,2,0,2,3,3,3,2,0,1,2,0,3,3,3,3,2,3,0,3,3,3,3,3,0,2,2,0,3,3,3,2,3,3,2,3,0,3,2,3,3,3,0,2,0,0,2,2,2,0,3,3,3,3,3,3,3,2,2,3,3,0,3,3,3,3,2,3,3,3,0,0,2,2
BHR,0,0,0,0,3,0,2,0,0,0,2,0,0,0,0,2,0,-1,3,3,3,0,2,0,3,2,0,3,0,0,0,0,0,1,0,0,0,0,2,2,0,2,0,0,0,2,3,0,3,0,3,3,0,0,0,2,0,0,0,3,2,0,3,0,2,0,2,0,0,0,3,0,3,3,0,3,0,3,0,0,2,0,0,0,0,0,3,0,3,2,3,2,0,3,3,3,2,3,0,0,0,0,1,2,0,0,0,2,3,0,0,2,2,0,0,0,0,0,0,0,0,2,2,3,2,3,0,0,2,3,0,0,2,0,1,3,2,0,0,3,2,0,0,0,0,0,3,3,0,0,2,3,0,2,3,0,2,3,0,2,3,0,0,2,0,0,0,0,2,3,0,2,3,2,0,2,0,0,3,2,2,2,2,2,0,0,0,2,0,3,0,0,3,2,3,2,0,0,2
BHS,0,0,3,3,3,0,2,3,0,3,2,0,3,0,0,2,3,0,-1,3,0,3,2,3,3,0,0,3,0,1,3,3,3,1,0,0,0,3,2,2,3,2,3,3,3,2,3,3,3,0,3,2,0,3,3,2,3,3,3,3,2,3,3,0,2,3,2,0,3,3,3,3,3,3,3,3,3,3,1,3,2,0,3,3,3,3,2,3,0,3,0,2,3,3,3,0,2,2,0,0,3,3,1,3,3,3,3,2,0,3,3,2,2,3,0,3,0,3,0,3,0,2,2,3,3,3,0,0,2,3,3,3,2,0,0,0,2,3,3,3,2,0,3,0,3,0,3,3,3,0,2,0,0,2,3,2,2,3,3,2,3,0,0,3,3,3,3,3,2,0,0,2,0,0,0,2,2,3,0,2,2,0,3,3,0,3,3,2,3,3,0,0,3,2,3,0,3,3,3
BIH,0,0,3,3,0,0,2,0,0,3,2,0,3,0,0,2,3,0,3,-1,3,0,2,3,0,0,0,0,0,0,3,3,3,1,0,0,0,3,2,2,0,3,3,3,3,2,3,3,3,0,3,0,0,3,3,2,3,0,3,3,2,0,3,0,2,3,2,0,3,0,0,0,3,0,3,3,3,3,1,0,2,0,3,0,3,2,2,0,0,2,3,2,0,0,3,0,2,0,0,0,3,3,1,2,3,3,3,3,0,3,3,2,2,0,0,3,0,3,2,3,0,2,2,2,2,3,0,0,2,0,3,3,2,0,0,2,0,3,0,0,2,0,3,0,3,0,3,2,3,3,2,0,0,2,3,0,0,0,3,2,3,0,0,2,3,3,3,3,2,0,0,2,0,0,0,2,0,3,3,3,2,0,2,2,3,0,0,3,3,3,0,2,0,2,0,0,0,2,2
BLR,0,0,0,0,0,3,3,3,0,0,3,0,0,0,0,2,0,0,0,0,-1,0,2,3,3,0,0,0,0,0,0,0,3,1,0,0,0,0,2,2,0,3,0,0,0,2,3,0,0,0,3,0,0,0,0,2,0,0,0,3,2,0,3,0,2,3,2,0,0,0,0,0,3,0,0,3,0,3,1,0,2,0,0,3,0,2,2,0,3,2,3,2,0,3,0,0,2,2,0,0,0,0,1,2,0,0,0,3,0,0,3,2,2,0,0,0,0,0,2,3,3,2,2,2,2,3,3,0,2,3,0,0,2,0,0,2,0,3,3,0,2,0,0,0,0,0,3,3,0,3,2,0,0,2,0,0,2,0,0,2,3,0,0,2,0,0,0,0,2,0,0,2,0,3,0,2,0,0,0,3,2,0,2,2,3,0,0,3,0,3,3,3,3,2,0,0,0,2,2
BLZ,0,0,0,0,0,0,2,3,0,0,0,0,0,0,0,2,0,0,3,0,0,-1,2,3,3,0,0,3,0,0,0,3,0,1,0,0,0,3,2,2,3,2,0,0,0,2,3,0,3,0,3,0,0,0,0,2,0,3,0,3,2,3,3,0,2,3,2,0,0,3,3,3,3,3,0,3,0,3,1,3,2,0,0,3,0,3,0,0,0,3,0,2,3,3,0,0,2,2,0,0,3,0,1,3,0,0,0,2,0,0,0,2,2,3,2,0,0,0,0,0,0,2,2,3,3,3,0,0,2,3,0,0,2,0,0,0,0,3,3,3,2,0,0,0,0,0,3,2,0,0,2,0,0,2,3,2,2,3,0,2,0,0,0,3,0,0,0,3,2,0,0,2,0,0,0,2,0,3,0,3,2,3,3,3,0,3,0,2,0,3,3,0,3,2,3,0,3,3,3
BOL,0,0,0,0,0,3,2,3,0,0,2,0,0,0,0,2,0,2,3,0,0,3,-1,3,0,0,0,0,0,0,0,3,0,1,0,0,0,3,2,2,3,2,0,0,0,2,3,0,3,0,3,2,0,0,0,2,0,0,0,3,2,0,0,0,2,3,2,0,0,0,0,2,3,0,0,3,0,3,1,3,3,0,0,0,0,3,2,0,0,2,0,2,0,3,0,0,2,0,0,0,2,0,1,2,0,0,0,2,0,0,0,2,2,0,0,0,0,0,2,0,0,2,2,2,2,3,0,0,2,2,0,0,2,0,0,2,0,3,3,3,2,0,0,0,0,3,3,3,0,3,2,0,0,2,3,0,2,0,0,2,3,0,0,2,0,0,0,0,2,0,0,2,0,0,0,2,0,0,0,3,2,0,2,2,0,3,0,2,0,3,3,0,0,2,0,0,3,2,0
BRA,0,2,3,3,3,3,3,3,0,3,2,0,3,0,2,0,3,2,3,3,3,3,3,-1,3,0,0,3,0,0,3,3,0,1,0,0,0,3,2,2,3,2,3,3,3,2,3,3,3,0,3,2,0,3,3,2,3,3,3,3,2,3,3,0,2,0,2,0,3,3,3,3,3,3,3,3,3,3,1,3,2,0,3,3,3,3,2,0,3,2,3,2,0,3,3,0,2,2,0,0,3,3,1,2,3,3,3,3,3,3,3,2,2,3,2,3,0,3,2,3,3,2,2,3,2,3,3,0,2,3,3,3,2,0,1,2,0,3,3,3,2,2,3,0,3,3,3,3,3,3,2,0,0,2,3,2,2,3,3,2,3,0,3,3,3,3,3,3,2,0,0,2,3,2,0,2,2,3,3,3,2,0,2,2,3,3,0,3,3,3,3,2,3,2,3,0,3,2,2
BRB,0,0,3,3,3,3,2,3,0,3,2,0,3,0,0,3,3,0,3,3,3,3,2,3,-1,0,0,3,0,1,3,3,3,1,0,0,0,3,2,2,3,3,3,3,3,2,3,3,3,0,3,0,0,3,3,2,3,3,3,3,2,3,3,3,2,3,2,3,3,3,3,3,3,3,3,3,3,3,1,3,2,0,3,3,3,3,2,3,0,3,0,2,3,3,3,0,2,2,0,0,3,3,1,3,3,3,3,2,0,3,3,2,2,3,2,3,0,3,0,3,0,2,2,3,3,3,0,0,2,3,3,3,2,0,0,0,2,3,3,3,2,0,3,0,3,0,3,2,3,0,2,0,0,2,3,2,2,3,3,2,3,0,0,3,3,3,3,3,2,0,0,2,0,0,0,2,2,3,3,2,2,0,3,3,0,3,0,2,3,3,3,0,3,2,3,0,3,3,3
BRN,0,0,3,3,3,0,2,3,1,3,2,0,3,0,0,2,3,2,3,3,0,3,2,0,3,-1,0,3,0,1,3,0,3,1,0,0,0,3,2,2,3,2,3,3,3,2,3,3,3,0,3,2,0,3,3,2,3,3,3,3,2,3,3,0,2,3,2,0,3,3,3,0,3,3,3,3,3,3,1,3,2,0,3,0,3,3,2,3,0,3,3,3,0,3,3,2,3,0,0,0,3,3,1,3,3,3,3,3,0,3,3,2,2,0,2,3,0,3,3,3,0,2,2,3,2,3,0,0,2,3,3,3,2,0,1,2,2,3,3,3,2,2,3,0,3,0,3,3,3,3,2,2,0,2,3,2,2,3,3,2,0,0,0,2,3,3,3,3,2,0,0,2,3,2,0,2,2,3,3,3,2,3,3,2,3,0,1,3,3,3,0,3,3,2,3,0,0,2,2
BTN,0,0,0,0,0,0,2,0,0,0,0,0,0,0,0,3,0,0,0,0,0,0,2,0,0,0,-1,0,0,0,0,0,0,1,0,0,0,3,2,2,0,2,0,0,0,2,3,0,0,0,3,2,0,0,0,2,0,0,0,3,2,0,0,0,2,3,2,0,0,0,0,0,3,0,0,3,0,3,3,0,2,0,0,0,0,0,2,0,0,2,0,2,0,0,0,2,2,2,0,0,2,0,1,2,0,0,0,2,0,0,0,2,2,0,0,0,0,0,2,0,0,2,2,2,2,2,0,0,2,2,0,0,2,0,0,0,0,3,0,3,2,0,0,0,0,0,3,2,0,0,2,0,0,2,3,0,0,0,0,2,0,0,0,2,0,0,0,0,2,0,0,2,2,0,0,2,0,0,0,0,2,0,2,2,0,0,0,0,0,3,0,0,0,2,0,0,0,2,2
BWA,0,3,0,0,0,0,0,3,0,0,0,0,0,3,0,3,0,0,3,0,0,3,2,0,3,0,0,-1,0,0,0,0,0,1,0,0,0,0,2,2,0,2,0,0,0,2,3,0,3,0,3,0,0,0,0,2,0,3,0,3,2,3,3,2,2,3,2,0,0,3,0,3,3,0,0,3,0,3,1,3,2,0,0,3,0,3,0,0,0,3,0,2,0,3,3,0,2,0,0,0,3,0,1,3,0,0,0,2,0,0,0,2,2,0,0,3,0,0,0,0,0,3,2,3,3,3,3,0,2,0,0,0,2,0,0,0,2,3,0,3,2,0,0,0,0,0,0,2,0,3,2,0,0,2,3,0,2,0,0,2,0,2,0,2,0,0,0,3,2,0,0,2,0,0,0,2,0,3,0,0,2,0,3,2,0,0,0,0,0,3,0,0,3,2,3,0,3,3,3
CAF,0,0,0,0,0,0,0,0,0,0,0,0,0,3,3,2,0,0,0,0,0,0,2,0,0,0,0,0,-1,0,0,0,0,3,3,0,3,0,2,2,0,2,0,0,0,2,3,0,0,0,3,0,0,0,0,2,0,0,0,3,2,0,0,2,2,3,2,0,0,0,0,0,0,0,0,3,0,0,0,0,2,0,0,3,0,0,0,0,0,2,0,2,0,0,0,0,2,0,0,0,0,0,1,2,0,0,0,2,0,0,0,2,2,0,0,0,0,0,0,0,0,2,2,2,2,0,2,0,2,2,0,0,2,0,0,0,0,0,0,3,2,0,0,0,0,0,3,2,0,0,3,0,0,3,3,0,0,0,0,2,0,0,0,2,0,0,0,0,2,0,3,2,0,0,0,2,0,0,0,0,2,0,2,2,0,0,0,0,0,3,0,0,0,2,0,0,0,0,0
CAN,0,2,3,3,3,3,2,3,1,3,2,0,3,0,2,2,3,2,3,3,3,3,3,3,3,3,0,3,0,-1,3,3,0,1,0,0,0,3,2,2,3,2,3,3,3,2,3,3,3,0,3,2,0,3,3,2,3,3,3,3,2,3,3,0,2,3,2,0,3,3,3,3,3,3,3,3,3,3,1,3,0,0,3,3,3,3,2,3,3,2,3,2,3,3,3,2,2,2,0,0,3,3,1,3,3,3,3,3,3,3,3,2,2,3,2,3,0,3,2,3,3,2,2,3,2,3,3,0,2,3,3,3,2,0,1,2,0,3,3,3,2,2,3,0,3,2,3,3,3,0,2,2,0,3,3,2,2,3,3,2,3,0,3,2,3,3,3,3,2,0,0,2,3,2,0,2,2,3,3,2,2,3,2,2,3,3,3,3,3,3,0,2,3,2,3,0,3,2,2
CHE,0,2,3,3,3,3,3,3,1,3,2,0,3,0,2,2,3,2,3,3,3,3,3,3,3,3,0,3,0,1,-1,3,0,1,0,0,0,3,2,3,3,2,3,3,3,2,3,3,3,0,3,2,0,3,3,2,3,3,3,3,2,3,3,0,2,3,2,0,3,3,3,3,3,3,3,3,3,3,1,3,2,0,3,3,3,3,2,3,3,2,3,2,3,3,3,2,3,2,0,0,3,3,1,3,3,3,3,3,3,3,3,2,2,3,2,3,0,3,2,3,0,2,2,3,2,3,3,0,2,3,3,3,2,0,1,2,2,3,3,3,2,2,3,0,3,3,3,3,3,0,2,2,0,2,3,3,2,3,3,2,3,0,3,2,3,3,3,3,2,0,0,2,3,2,0,3,3,3,3,3,3,3,2,2,3,3,1,3,3,3,3,2,3,2,3,0,3,2,2
CHL,0,2,3,3,3,3,2,3,0,3,2,0,3,0,0,2,3,2,3,3,3,3,3,3,3,0,0,3,0,1,3,-1,0,1,0,0,0,3,2,2,3,2,3,3,3,2,3,3,3,0,3,2,0,3,3,2,3,3,3,3,2,3,3,0,2,0,2,0,3,3,3,3,3,3,3,3,3,3,1,3,2,0,3,3,3,3,2,3,3,2,3,2,0,3,3,0,2,2,0,0,3,3,1,2,3,3,3,3,3,3,3,2,2,3,2,3,0,3,2,3,3,2,2,3,2,3,2,0,2,3,3,3,2,0,1,2,0,3,3,3,2,2,3,0,3,3,3,3,3,3,2,0,0,2,3,2,0,3,3,2,3,0,0,2,3,3,3,3,2,0,0,2,3,2,0,2,0,3,3,3,2,3,2,2,3,3,1,3,3,3,0,3,3,2,3,0,3,2,2
CHN,0,2,3,0,3,0,2,3,0,0,2,0,0,0,0,2,0,2,3,3,3,0,2,0,3,2,0,0,0,0,0,0,-1,1,0,0,0,0,2,2,0,0,0,0,0,2,3,0,0,0,3,3,0,0,0,2,0,3,0,3,2,0,0,0,2,0,2,3,0,3,0,0,0,0,0,3,0,3,1,0,3,0,0,0,0,3,2,0,0,2,0,2,0,3,0,0,2,2,0,0,3,0,3,2,0,0,0,2,3,0,0,2,2,0,0,0,0,0,2,0,0,2,2,3,2,2,0,0,2,0,0,0,2,0,0,0,0,0,0,0,2,0,0,0,0,0,3,3,0,0,2,2,0,3,0,0,2,0,0,2,3,0,2,2,0,0,0,0,2,0,0,2,2,0,0,2,2,0,3,2,2,0,2,2,0,0,0,2,0,0,0,2,3,2,0,0,0,0,0
CIV,0,0,0,0,0,0,0,0,0,0,0,0,0,3,3,2,0,0,0,0,0,0,2,0,0,0,0,0,3,0,0,0,0,-1,0,0,2,0,2,3,0,2,0,0,0,2,3,0,0,0,3,0,0,0,0,2,0,0,0,3,2,0,0,3,3,3,3,0,0,0,0,0,0,0,0,3,0,3,1,0,2,0,0,0,0,0,0,0,0,2,0,2,0,0,0,0,0,2,3,0,2,0,0,2,0,0,0,2,3,0,0,2,2,0,0,0,3,0,2,0,0,2,3,2,2,0,2,3,3,2,0,0,2,0,0,0,0,0,0,3,2,0,0,0,0,0,0,2,0,0,2,0,0,3,3,0,3,0,0,2,0,0,0,2,0,0,0,0,2,0,3,3,0,0,0,2,0,0,3,0,2,0,2,2,0,0,0,2,0,3,0,0,0,2,0,0,0,0,0
CMR,0,0,0,0,0,0,0,0,0,0,0,0,0,3,0,2,0,0,0,0,0,0,2,0,3,0,0,0,3,0,0,0,0,1,-1,0,3,0,2,2,0,0,0,0,0,2,3,0,0,0,0,0,0,0,0,2,0,0,0,3,2,0,0,2,2,3,2,0,0,3,0,0,0,0,0,3,0,0,1,0,2,0,0,0,0,0,0,0,0,2,0,2,0,0,0,0,0,0,0,0,2,0,0,3,0,0,0,2,0,0,0,2,2,0,0,0,3,0,2,0,0,2,2,2,2,0,2,0,3,0,0,0,0,0,0,0,0,0,0,3,2,0,0,0,0,0,0,2,0,0,2,0,0,2,3,0,2,0,0,2,0,0,0,2,0,0,0,0,2,0,3,2,0,0,0,2,0,0,0,0,2,0,2,2,0,0,0,2,0,3,0,0,3,2,0,0,0,0,0
COD,0,0,0,0,0,0,0,0,0,0,0,3,0,3,2,2,0,0,0,0,0,0,2,0,0,0,0,0,3,0,0,0,0,1,0,-1,0,0,2,2,0,2,0,0,0,2,3,0,0,0,0,0,0,0,0,2,0,0,0,3,2,0,0,2,2,3,2,0,0,0,0,0,0,0,0,3,0,0,0,0,2,0,0,0,0,0,0,0,0,2,0,2,0,0,0,0,2,0,0,0,0,0,0,2,0,0,0,2,0,0,0,2,2,0,0,0,0,0,0,0,0,2,2,3,2,0,0,0,2,0,0,0,2,0,0,0,0,0,0,3,2,0,0,0,0,0,0,2,0,0,3,0,0,3,3,0,0,0,0,2,0,0,0,2,0,0,0,0,2,0,0,2,0,0,0,2,0,0,0,0,2,0,2,2,0,0,0,0,0,3,0,0,0,2,0,0,0,2,3
COG,0,0,0,0,0,0,0,0,0,0,0,0,0,3,0,2,0,0,0,0,0,0,2,0,0,0,0,0,3,0,0,0,0,3,3,3,-1,0,2,2,0,2,0,0,0,2,3,0,0,0,3,0,0,0,0,2,0,0,0,3,2,0,0,2,2,3,2,0,0,0,0,0,0,0,0,3,0,0,0,0,2,0,0,0,0,0,0,0,0,2,0,2,0,0,0,0,0,0,0,0,0,0,0,2,0,0,0,2,0,0,0,2,2,0,0,0,0,0,0,0,0,2,2,3,2,0,0,0,2,0,0,0,2,0,0,0,0,0,0,3,2,0,0,0,0,0,0,2,0,0,2,0,0,2,3,0,0,0,0,2,0,0,0,2,0,0,0,0,2,0,3,2,0,0,0,2,0,0,0,0,2,0,2,2,0,0,0,0,0,3,0,0,0,2,0,0,0,2,0
COL,0,0,3,3,0,3,2,3,0,3,2,0,3,0,2,2,3,2,3,3,0,3,3,3,3,0,0,0,0,0,3,3,0,1,0,0,0,-1,2,2,0,2,3,3,3,2,3,3,3,0,3,2,0,3,3,2,3,3,3,3,2,0,3,0,2,0,2,0,3,0,3,3,3,3,3,0,3,0,1,0,0,0,3,3,3,3,0,0,3,2,0,2,0,3,3,0,2,0,0,0,0,3,1,2,3,3,3,2,0,3,3,2,2,3,2,3,0,3,2,3,0,2,2,2,2,0,0,0,2,2,3,3,2,0,0,2,0,3,3,3,2,0,3,0,3,3,3,3,3,3,2,0,0,2,3,0,0,3,3,2,3,0,0,2,3,3,3,0,2,0,0,2,0,0,0,2,0,3,0,3,2,2,2,2,0,3,0,2,3,3,3,2,0,2,3,0,0,2,0
COM,0,0,0,0,0,0,0,0,0,0,0,0,0,3,2,2,0,0,0,0,0,0,2,0,0,0,0,0,0,0,0,0,0,1,0,0,0,0,-1,2,0,2,0,0,0,2,3,0,0,0,3,0,0,0,0,2,0,0,0,3,2,0,0,2,2,3,2,0,0,0,0,0,3,0,0,3,0,3,1,0,2,0,0,0,0,0,0,0,0,2,0,2,0,0,0,0,2,2,0,0,2,0,1,2,0,0,0,2,0,0,0,2,2,0,0,0,0,0,0,0,0,2,2,2,3,3,2,0,2,2,0,0,2,0,0,0,0,3,0,3,2,0,0,0,0,0,0,2,0,0,2,0,0,2,3,0,0,0,0,2,0,0,0,2,0,0,0,0,2,0,0,2,0,0,0,2,0,0,3,0,2,0,2,3,0,0,0,0,0,3,0,0,0,2,0,0,0,2,2
CPV,0,2,0,0,0,0,0,0,0,0,0,0,0,3,3,2,0,0,3,0,0,0,2,0,0,0,0,0,0,0,0,0,0,3,0,0,0,0,2,-1,0,2,0,0,0,2,3,0,0,0,3,0,0,0,0,2,0,0,0,3,2,0,0,3,3,3,3,0,0,0,0,0,3,0,0,3,0,3,1,0,2,0,0,0,0,0,2,0,0,2,0,2,0,0,0,0,2,0,3,0,2,0,1,2,0,0,0,3,0,0,0,2,2,0,2,0,3,0,0,0,0,2,2,3,2,3,2,3,3,2,0,0,2,0,0,0,0,3,0,3,2,0,0,0,0,0,3,2,0,0,2,0,0,3,3,0,3,0,0,2,0,0,3,2,0,0,0,0,2,0,0,3,0,0,0,2,0,0,3,0,2,0,2,2,0,0,0,2,0,3,0,0,0,2,0,0,3,2,2
CRI,0,0,3,3,3,3,2,0,0,3,2,0,3,0,0,2,3,0,3,3,0,3,3,3,3,3,0,3,0,0,3,3,0,1,0,0,0,3,2,2,-1,2,3,3,3,2,3,3,3,0,3,2,0,3,3,2,3,0,3,3,2,3,3,0,2,0,2,0,3,3,3,3,3,3,3,3,3,3,1,3,2,0,3,3,3,3,2,3,0,2,0,2,0,3,3,0,2,2,0,0,3,3,1,2,3,3,3,2,0,3,3,2,2,3,2,3,0,3,2,3,0,2,2,2,2,3,0,0,2,3,3,3,2,0,0,0,2,3,3,3,2,0,3,0,3,3,3,3,3,3,2,0,0,2,3,0,0,3,3,2,3,0,0,2,3,3,3,0,2,0,0,2,0,0,0,2,0,3,3,3,2,0,2,2,0,3,0,2,3,3,3,0,0,2,3,0,3,2,2
CUB,0,2,0,0,0,0,2,3,0,0,2,0,0,0,2,2,0,0,0,0,3,0,2,0,3,0,0,3,0,0,0,0,0,1,0,0,0,0,2,2,0,-1,0,0,0,2,3,0,0,0,0,2,0,0,0,2,0,0,0,3,2,0,0,0,3,3,2,0,0,3,0,3,0,0,0,0,0,3,1,0,2,0,0,0,0,0,0,0,0,2,3,2,0,3,0,0,2,0,0,0,3,0,1,2,0,0,0,2,0,0,0,2,2,0,2,3,0,0,0,3,3,2,2,2,2,3,3,0,2,0,0,0,2,0,0,0,0,0,0,0,2,0,0,0,0,0,3,3,0,3,2,0,0,2,3,0,0,0,0,2,3,0,0,2,0,0,0,0,2,0,0,2,0,2,0,2,0,3,0,0,2,0,2,2,0,0,0,2,0,3,0,2,3,2,0,0,0,2,2
CYP,0,2,3,3,3,3,3,3,1,3,2,0,3,0,0,2,3,2,3,3,3,3,2,3,3,3,0,3,0,1,3,3,0,1,0,0,0,3,2,3,3,2,-1,3,3,2,3,3,3,0,3,2,0,3,3,2,3,3,3,3,2,3,3,0,2,3,2,0,3,3,3,0,3,3,3,3,3,3,1,3,2,0,3,3,3,3,2,3,3,3,2,2,3,3,3,2,2,2,0,0,3,3,1,2,3,3,3,3,3,3,3,2,2,3,3,3,0,3,2,3,2,2,2,3,2,3,0,0,2,3,3,3,2,0,1,2,0,3,3,3,3,2,3,0,3,3,3,3,3,0,2,2,0,3,3,3,2,3,3,2,3,0,3,2,3,3,3,3,2,0,0,2,2,2,0,3,3,3,0,2,3,3,3,3,3,3,0,3,3,3,3,2,3,3,3,0,3,3,3
CZE,0,2,3,3,3,3,3,3,1,3,2,0,3,0,2,2,3,2,3,3,3,3,3,3,3,3,0,3,0,1,3,3,0,1,0,0,0,3,2,3,3,2,3,-1,3,2,3,3,3,0,3,2,0,3,3,2,3,3,3,3,2,3,3,0,2,3,2,0,3,3,3,0,3,3,3,3,3,3,1,3,2,0,3,3,3,3,2,3,3,2,3,2,3,3,3,2,2,2,0,0,3,3,1,3,3,3,3,3,3,3,3,2,2,3,3,3,0,3,2,3,0,2,2,3,2,3,2,0,2,3,3,3,2,0,1,2,0,3,3,3,3,2,3,0,3,3,3,3,3,0,2,2,0,3,3,3,2,3,3,2,3,0,3,2,3,3,3,3,2,0,0,2,3,2,0,3,3,3,3,3,3,3,2,2,3,3,1,3,3,3,3,2,3,3,3,0,3,2,2
DEU,0,2,3,3,3,3,3,3,1,3,2,0,3,0,2,2,3,2,3,3,3,3,3,3,3,3,0,3,0,1,3,3,0,1,0,0,0,3,2,3,3,2,3,3,-1,2,3,3,3,0,3,2,0,3,3,2,3,3,3,3,2,3,3,0,2,3,2,0,3,3,3,3,3,3,3,3,3,3,1,3,2,0,3,3,3,3,2,3,3,2,3,2,3,3,3,2,2,2,0,0,3,3,1,3,3,3,3,3,3,3,3,2,2,3,3,3,0,3,2,3,3,2,2,3,2,3,3,0,2,3,3,3,2,0,1,2,2,3,3,3,3,2,3,0,3,3,3,3,3,0,2,2,0,3,3,3,2,3,3,2,3,0,3,2,3,3,3,3,2,0,0,2,3,2,0,3,3,3,3,3,3,3,2,2,3,3,1,3,3,3,3,3,3,3,3,0,3,2,2
DJI,0,0,0,0,0,0,0,0,0,0,2,0,0,3,2,2,0,0,0,0,0,0,2,0,0,0,0,0,0,0,0,0,0,1,0,0,0,0,2,2,0,2,0,0,0,-1,3,0,0,0,3,0,0,0,0,3,0,0,0,3,2,0,0,2,2,3,2,0,0,0,0,0,3,0,0,3,0,0,1,0,2,0,0,0,0,0,0,0,0,2,0,2,0,0,0,0,2,2,0,0,2,0,1,2,0,0,0,2,0,0,0,2,2,0,0,0,0,0,0,0,0,2,2,2,2,0,2,0,2,2,0,0,2,0,0,0,0,0,0,3,2,0,0,0,0,0,0,2,0,0,2,0,0,3,3,0,0,0,0,2,0,0,0,2,0,0,0,0,2,0,0,2,0,0,0,2,0,0,0,0,2,0,0,2,0,0,0,0,0,3,0,0,0,2,0,0,0,2,0
DMA,0,0,0,3,0,0,2,3,0,3,0,0,3,0,0,2,3,0,3,3,3,3,2,3,3,0,0,3,0,0,3,0,0,1,0,0,0,3,2,2,3,3,3,3,3,2,-1,3,3,0,3,2,0,3,3,2,3,3,3,3,2,3,0,0,2,3,2,0,3,3,0,3,3,0,3,3,3,3,1,3,2,0,3,3,3,3,2,0,0,3,0,2,0,3,3,0,2,0,0,0,3,3,1,3,3,3,3,3,0,3,3,2,2,0,0,0,0,3,0,3,0,2,2,3,3,3,0,0,2,2,3,3,2,0,0,0,0,3,3,3,2,0,3,0,3,0,3,2,3,3,2,0,0,2,3,2,2,0,3,2,3,0,0,3,3,3,3,3,2,0,0,2,0,0,0,2,2,3,0,2,2,2,3,2,3,3,0,2,3,3,3,0,3,2,3,0,0,3,0
DNK,0,2,3,3,3,3,3,3,1,3,2,0,3,0,2,2,3,2,3,3,3,3,3,3,3,3,0,3,0,1,3,3,0,1,0,0,0,3,2,3,3,2,3,3,3,2,3,-1,3,0,3,2,0,3,3,2,3,3,3,3,2,3,3,0,2,3,2,0,3,3,3,3,3,3,3,3,3,3,1,3,2,0,3,3,3,3,2,3,3,2,3,2,3,3,3,2,2,2,0,0,3,3,1,3,3,3,3,3,3,3,3,2,2,3,3,3,0,3,2,3,2,2,2,3,2,3,3,0,2,3,3,3,2,0,1,2,0,3,3,3,3,2,3,0,3,3,3,3,3,0,2,2,0,3,3,3,2,3,3,2,3,0,3,2,3,3,3,3,2,0,0,2,3,2,0,3,3,3,3,3,3,3,2,2,3,3,1,3,3,3,3,3,3,3,3,0,3,2,2
DOM,0,0,0,0,0,0,2,0,0,0,0,0,0,0,0,2,0,0,0,0,0,3,2,0,0,0,0,3,0,0,0,0,0,1,0,0,0,3,2,2,0,2,0,0,0,2,0,0,-1,0,3,2,0,0,0,2,0,0,0,3,2,0,3,0,2,3,2,0,0,3,3,3,3,3,0,0,0,3,1,0,2,0,0,3,0,0,2,3,0,2,0,2,0,0,3,0,2,2,0,0,0,0,1,2,0,0,0,2,0,0,0,2,2,0,0,0,0,0,0,0,0,2,2,2,2,3,0,0,2,2,0,0,2,0,0,0,0,0,3,3,2,0,0,0,0,3,3,3,0,0,2,0,0,2,3,2,0,3,0,2,0,0,0,2,0,0,0,0,2,0,0,2,0,0,0,2,0,3,0,2,2,3,2,2,0,0,0,2,0,0,0,0,0,2,0,0,0,2,2
DZA,0,2,0,0,0,0,0,0,0,0,2,0,0,3,0,0,0,0,0,0,0,0,2,0,0,0,0,0,0,0,0,0,0,1,0,0,0,0,2,2,0,2,0,0,0,2,3,0,0,-1,3,0,0,0,0,2,0,0,0,3,2,0,0,2,3,3,2,0,0,0,0,0,3,0,0,3,0,3,0,0,2,0,0,0,0,0,2,0,0,2,0,2,0,0,0,0,0,2,0,0,0,0,1,2,0,0,0,2,3,0,0,2,2,0,0,0,3,0,2,0,0,2,3,2,2,3,0,0,2,2,0,0,2,0,0,0,0,0,0,0,2,0,0,0,0,0,3,2,0,0,2,0,0,2,0,0,0,0,0,2,0,0,0,2,0,0,0,0,2,3,0,2,0,2,0,2,0,0,3,0,2,0,2,2,0,0,0,2,0,3,0,0,0,2,0,2,0,0,2
ECU,0,0,0,0,0,3,2,3,0,0,2,0,0,0,0,2,0,2,3,0,3,3,3,3,0,0,0,0,0,0,0,3,3,1,0,0,0,3,2,2,0,2,0,0,0,2,3,0,3,0,-1,2,0,0,0,2,0,0,0,3,2,0,3,0,2,3,2,0,0,0,3,3,3,3,0,3,0,3,1,0,2,0,0,3,0,3,2,0,3,2,0,2,0,3,3,0,2,0,0,0,2,0,1,2,0,0,0,2,0,0,3,2,2,3,0,0,0,0,2,3,0,2,2,2,2,3,0,0,2,3,0,0,2,0,0,2,0,3,3,3,2,2,0,0,0,3,3,3,0,3,2,0,0,2,3,0,0,3,0,2,0,0,0,2,0,0,0,0,2,0,0,2,0,0,0,2,0,3,0,3,2,2,2,2,0,3,0,2,0,3,3,0,0,2,0,0,3,2,2
EGY,0,0,0,0,0,0,0,0,0,0,0,0,0,3,2,0,0,0,0,0,0,0,2,0,0,0,0,0,0,0,0,0,0,1,0,0,0,0,2,2,0,2,0,0,0,2,3,0,0,0,3,-1,0,0,0,2,0,0,0,3,2,0,0,2,3,3,2,0,0,0,0,0,3,0,0,3,0,3,0,0,3,0,0,0,0,0,3,0,0,2,0,2,0,3,0,0,2,2,0,0,0,0,0,2,0,0,0,3,0,0,0,2,2,0,2,0,0,0,2,0,0,2,2,3,2,3,0,0,2,2,0,0,2,0,0,0,0,0,0,0,2,0,0,0,0,0,3,2,0,0,2,0,0,2,0,0,0,0,0,2,0,0,0,2,0,0,0,0,2,0,0,2,0,2,0,2,0,0,0,0,2,0,2,2,0,0,0,2,0,3,0,0,0,2,0,2,0,0,2
ERI,0,0,0,0,0,0,0,0,0,0,0,0,0,3,2,2,0,0,0,0,0,0,2,0,0,0,0,0,0,0,0,0,0,1,0,0,0,0,2,2,0,0,0,0,0,2,3,0,0,0,0,0,-1,0,0,2,0,0,0,3,2,0,0,2,2,3,2,0,0,0,0,0,0,0,0,3,0,0,1,0,2,0,0,0,0,0,0,0,0,0,0,2,0,0,0,0,2,0,0,0,0,0,1,2,0,0,0,2,0,0,0,2,2,0,0,0,0,0,2,0,0,2,2,2,2,0,2,0,2,0,0,0,2,0,0,0,0,0,0,3,2,0,0,0,0,0,0,2,0,0,2,0,0,2,3,0,0,0,0,2,0,0,0,2,0,0,0,0,2,0,0,2,0,0,0,2,0,0,0,0,2,0,0,3,0,0,0,0,0,3,0,0,0,2,0,0,0,2,0
ESP,0,2,3,3,3,3,3,3,1,3,2,0,3,0,2,2,3,2,3,3,3,3,3,3,3,3,0,3,0,1,3,3,0,1,0,0,0,3,2,3,3,2,3,3,3,2,3,3,3,0,3,2,0,-1,3,2,3,3,3,3,2,3,3,0,2,3,2,0,3,3,3,3,3,3,3,3,3,3,1,3,2,0,3,3,3,3,2,3,3,2,3,2,3,3,3,2,2,2,0,0,3,3,1,3,3,3,3,3,3,3,3,2,2,3,3,3,0,3,2,3,2,2,2,3,2,3,3,0,2,3,3,3,2,0,1,2,2,3,3,3,3,2,3,0,3,3,3,3,3,0,2,2,0,3,3,3,2,3,3,2,3,0,3,2,3,3,3,3,2,0,0,2,3,2,0,3,3,3,3,2,3,3,2,2,3,3,1,3,3,3,3,3,3,3,3,0,3,2,2
EST,0,2,3,3,3,3,3,3,1,3,2,0,3,0,2,2,3,2,3,3,3,3,3,3,3,3,0,3,0,1,3,3,0,1,0,0,0,3,2,3,3,2,3,3,3,2,3,3,3,0,3,2,0,3,-1,2,3,3,3,3,2,3,3,0,2,3,2,0,3,3,3,0,3,3,3,3,3,3,1,3,2,0,3,3,3,3,2,3,3,2,3,2,3,3,3,2,2,2,0,0,3,3,1,2,3,3,3,3,3,3,3,2,2,3,3,3,0,3,2,3,2,2,2,3,2,3,0,0,2,3,3,3,2,0,1,2,0,3,3,3,3,2,3,0,3,3,3,3,3,0,2,2,0,3,3,3,2,3,3,2,3,0,3,2,3,3,3,3,2,0,0,2,3,2,0,3,3,3,3,3,3,3,2,2,3,3,1,3,3,3,3,2,3,3,3,0,0,2,2
ETH,0,0,0,0,0,0,0,0,0,0,0,0,0,3,0,2,0,0,0,0,0,0,2,0,3,0,0,0,0,0,0,0,0,1,0,0,0,0,2,2,0,0,0,0,0,2,3,0,0,0,0,0,2,0,0,-1,0,0,0,3,2,0,0,2,2,3,2,0,0,0,0,0,0,0,0,3,0,0,0,0,2,0,0,0,0,0,0,0,0,3,0,2,0,0,0,0,2,0,0,0,2,0,1,2,0,0,0,2,0,0,0,2,2,0,0,0,0,0,0,0,0,2,2,2,2,0,0,0,2,2,0,0,0,0,0,0,0,0,0,3,2,0,0,0,0,0,0,2,0,0,2,0,0,2,3,0,0,0,0,2,0,0,0,2,0,0,0,0,2,0,0,2,2,0,0,2,0,0,0,0,2,0,0,2,0,0,0,0,0,3,0,0,0,2,0,0,0,0,2
FIN,0,2,3,3,3,3,3,3,1,3,2,0,3,0,2,2,3,2,3,3,3,3,3,3,3,3,0,3,0,1,3,3,0,1,0,0,0,3,2,3,3,2,3,3,3,2,3,3,3,0,3,2,0,3,3,2,-1,3,3,3,2,3,3,0,2,3,2,0,3,3,3,3,3,3,3,3,3,3,1,3,2,0,3,3,3,3,2,3,3,2,3,2,3,3,3,2,2,2,0,0,3,3,1,3,3,3,3,3,3,3,3,2,2,3,3,3,0,3,2,3,2,2,2,3,2,3,3,0,2,3,3,3,2,0,1,2,2,3,3,3,3,2,3,0,3,3,3,3,3,0,2,2,0,3,3,3,2,3,3,2,3,0,3,2,3,3,3,3,2,0,0,2,3,2,0,3,3,3,3,3,3,3,2,2,3,3,1,3,3,3,3,3,3,3,3,0,3,2,2
FJI,0,0,0,0,0,3,2,3,0,0,0,0,0,0,0,3,0,0,3,0,0,3,2,3,3,0,0,0,0,0,0,3,3,1,0,0,0,3,2,2,3,2,0,0,0,2,3,0,3,0,3,2,0,0,0,2,0,-1,0,3,2,0,0,0,2,3,2,0,0,0,3,0,3,0,0,3,0,3,1,3,2,0,0,3,0,3,2,0,0,3,0,2,3,3,3,0,2,0,0,0,3,0,1,3,0,0,0,2,0,0,0,2,2,0,2,0,0,0,2,0,0,2,2,3,3,3,0,0,2,3,0,0,2,2,0,0,0,3,3,3,2,2,0,0,0,0,3,2,0,3,2,0,0,2,3,2,2,3,0,2,0,0,0,2,0,0,0,0,2,0,0,2,2,0,0,2,2,0,3,2,2,0,2,3,0,0,0,2,0,3,0,2,3,2,3,0,0,3,3
FRA,0,2,3,3,3,3,3,3,1,3,2,0,3,0,2,2,3,2,3,3,3,3,3,3,3,3,0,3,0,1,3,3,0,1,0,0,0,3,2,3,3,2,3,3,3,2,3,3,3,0,3,2,0,3,3,2,3,3,-1,3,2,3,3,0,2,3,2,0,3,3,3,3,3,3,3,3,3,3,1,3,2,0,3,3,3,3,2,3,3,2,3,2,3,3,3,2,2,2,0,0,3,3,1,3,3,3,3,3,3,3,3,2,2,3,3,3,0,3,2,3,0,2,2,3,2,3,3,0,2,3,3,3,2,0,1,2,0,3,3,3,3,2,3,0,3,3,3,3,3,0,2,2,0,3,3,3,2,3,3,2,3,0,3,2,3,3,3,3,2,0,0,2,3,2,0,3,3,3,3,3,3,3,2,2,3,3,1,3,3,3,3,3,3,3,3,0,3,2,2
FSM,0,0,0,3,0,0,2,0,0,3,0,0,3,0,0,2,3,0,0,3,3,3,2,0,0,0,0,0,0,0,3,0,0,1,0,0,0,3,2,2,3,2,3,3,3,2,3,3,3,0,3,2,0,3,3,2,3,3,3,-1,2,3,0,0,2,3,2,0,3,0,0,0,3,0,3,3,3,0,1,0,2,0,3,3,3,0,0,0,0,2,0,2,3,0,3,0,2,0,0,0,3,3,1,2,3,3,3,2,0,3,3,2,2,3,3,0,0,3,0,0,0,2,2,2,2,0,0,0,2,2,3,3,2,2,0,0,0,3,3,3,3,2,3,0,3,0,3,2,3,0,2,0,0,2,3,2,0,0,3,2,0,0,0,2,3,3,3,0,2,0,0,2,0,0,0,2,2,0,0,2,2,0,2,2,0,0,3,2,3,3,0,2,3,2,3,0,0,2,2
GAB,0,0,0,0,0,0,0,0,0,0,0,0,0,3,0,3,0,0,0,0,0,0,2,0,0,0,0,0,3,0,0,0,0,1,3,0,3,0,2,2,0,2,0,0,0,2,3,0,0,0,3,0,0,0,0,2,0,0,0,3,-1,0,0,2,2,3,2,0,0,0,0,0,3,0,0,3,0,3,1,0,2,0,0,0,0,0,0,0,0,2,0,2,0,0,0,0,2,0,0,0,2,0,0,2,0,0,0,2,3,0,0,2,2,0,0,0,0,0,0,0,0,2,2,3,2,3,2,0,2,2,0,0,2,0,0,0,0,3,0,3,2,0,0,0,0,0,0,2,0,0,2,0,0,2,3,0,0,0,0,2,0,0,3,2,0,0,0,0,2,0,3,2,0,0,0,2,0,0,3,0,2,0,2,2,0,0,0,2,0,3,0,0,0,2,0,0,3,0,0
GBR,0,2,3,3,3,3,3,3,1,3,2,0,3,0,2,2,3,2,3,3,3,3,3,3,3,3,0,3,0,1,3,3,0,1,0,0,0,3,2,3,3,2,3,3,3,2,3,3,3,0,3,2,0,3,3,2,3,3,3,3,2,-1,3,0,2,3,2,0,3,3,3,3,3,3,3,3,3,3,1,3,0,0,3,3,3,3,2,3,3,2,3,2,3,3,3,2,2,2,0,0,3,3,1,3,3,3,3,3,3,3,3,2,2,3,3,3,0,3,2,3,0,2,2,3,2,3,3,0,2,3,3,3,2,0,1,2,0,3,3,3,2,2,3,0,3,3,3,3,3,0,2,2,0,3,3,2,2,3,3,2,3,0,3,2,3,3,3,3,2,0,0,2,3,2,0,2,2,3,3,2,2,3,2,2,3,3,1,3,3,3,3,3,3,2,3,0,3,2,2
GEO,0,0,3,3,0,3,3,3,0,3,3,0,3,0,0,2,3,2,3,3,3,0,2,3,3,0,0,0,0,0,3,3,0,1,0,0,0,3,2,2,0,2,3,3,3,2,3,3,0,0,3,2,0,3,3,2,3,0,3,3,2,0,-1,0,2,0,2,0,3,0,0,0,0,0,3,3,3,3,1,0,3,0,3,3,3,2,2,0,3,2,3,2,0,0,0,2,2,2,0,0,3,3,1,2,3,3,3,2,0,3,3,2,2,0,2,0,0,3,2,3,0,2,2,3,2,3,0,0,2,2,3,3,2,0,0,2,0,3,0,0,2,0,3,0,3,0,3,3,3,0,2,0,0,2,0,0,2,0,3,2,3,0,0,2,3,3,3,0,2,0,0,2,2,3,3,2,0,0,0,3,2,0,0,2,3,3,0,3,3,3,0,2,0,2,0,0,0,2,2
GHA,0,0,0,0,0,0,0,0,0,0,0,0,0,3,3,3,0,0,0,0,0,3,2,0,3,0,0,0,0,0,0,0,0,3,0,0,0,0,2,3,0,0,0,0,0,2,3,0,0,0,0,0,0,0,0,2,0,3,0,3,2,0,0,-1,3,3,3,0,0,3,0,0,0,0,0,3,0,3,1,0,2,0,0,0,0,3,2,0,0,3,0,2,0,3,0,0,0,2,3,0,2,0,0,2,0,0,0,2,0,0,0,2,2,0,0,0,3,0,2,0,0,2,2,3,2,0,0,3,3,2,0,0,0,0,0,0,2,0,0,3,2,0,0,0,0,0,0,2,0,0,3,0,0,3,3,0,3,0,0,2,0,0,0,2,0,0,0,3,2,0,0,3,0,0,0,2,0,3,0,0,2,0,3,3,0,0,0,2,0,3,0,0,3,2,0,0,0,2,3
GIN,0,0,0,0,0,0,0,0,0,0,0,0,0,3,3,3,0,0,0,0,0,0,2,0,0,0,0,0,0,0,0,0,0,3,0,0,0,0,2,3,0,0,0,0,0,2,3,0,0,0,0,2,0,0,0,2,0,0,0,3,2,0,0,3,-1,3,3,0,0,0,0,0,3,0,0,3,0,0,1,0,2,0,0,0,0,0,0,0,0,2,0,2,0,0,0,0,2,0,3,0,2,0,0,2,0,0,0,2,0,0,0,2,2,0,0,0,3,0,2,0,0,2,2,2,2,3,2,3,3,2,0,0,2,0,0,0,0,0,0,3,2,0,0,0,0,0,0,2,0,0,3,0,0,3,3,0,3,0,0,2,0,0,0,2,0,0,0,0,2,0,0,3,0,0,0,2,0,0,3,0,2,0,2,2,0,0,0,0,0,3,0,0,0,2,0,0,0,0,0
GMB,0,0,0,0,0,0,0,0,0,0,0,0,0,3,3,3,0,0,3,0,0,3,2,0,3,0,0,3,0,0,0,0,0,3,0,0,0,0,2,3,0,2,0,0,0,2,3,0,0,0,0,0,0,0,0,2,0,3,0,3,2,0,0,3,3,-1,3,0,0,3,0,0,0,0,0,3,0,3,1,0,2,0,0,0,0,3,0,0,0,3,0,2,0,3,0,0,2,0,3,0,2,0,1,3,0,0,0,2,0,0,0,2,2,0,0,0,3,0,0,0,0,2,3,3,3,3,2,3,3,2,0,0,2,0,0,0,0,0,0,3,2,0,0,0,0,0,0,2,0,0,2,0,0,3,3,0,3,0,0,2,0,0,0,2,0,0,0,3,2,0,0,3,0,0,0,2,0,3,3,2,2,0,3,3,0,0,0,0,0,3,0,0,3,2,0,0,0,0,0
GNB,0,0,0,0,0,0,0,0,0,0,0,0,0,3,3,3,0,0,0,0,0,0,2,0,0,0,0,0,0,0,0,0,0,3,0,0,0,0,2,3,0,2,0,0,0,2,3,0,0,0,3,0,0,0,0,2,0,0,0,3,2,0,0,3,3,3,-1,0,0,0,0,0,0,0,0,3,0,0,0,0,2,0,0,0,0,0,0,0,0,2,0,2,0,0,0,0,0,0,3,0,2,0,0,2,0,0,0,2,0,0,0,2,2,0,0,0,3,0,0,0,0,2,2,2,2,0,2,3,3,2,0,0,2,0,0,0,0,0,0,3,2,0,0,0,0,0,0,2,0,0,2,0,0,3,3,0,3,0,0,2,3,0,3,2,0,0,0,0,2,0,0,3,0,0,0,2,0,0,3,0,2,0,2,2,0,0,0,0,0,3,0,0,0,2,0,0,0,0,0
GNQ,0,0,0,0,0,0,0,0,0,0,0,0,0,3,0,2,0,0,0,0,0,0,2,0,0,0,0,0,3,0,0,0,0,1,3,0,3,0,2,2,0,2,0,0,0,2,3,0,0,0,3,0,0,0,0,2,0,0,0,3,2,0,0,2,2,3,2,-1,0,0,0,0,3,0,0,3,0,0,0,0,2,0,0,0,0,0,0,0,0,2,0,2,0,0,0,0,2,0,0,0,2,0,1,2,0,0,0,2,0,0,0,2,2,0,0,0,0,0,0,0,0,2,2,2,2,0,2,0,2,2,0,0,2,0,0,0,0,0,0,3,2,0,0,0,0,0,3,2,0,0,2,0,0,2,3,0,0,0,0,2,0,0,3,2,0,0,0,0,2,0,3,2,0,0,0,2,0,0,3,0,2,0,0,2,0,0,0,0,0,3,0,0,0,2,0,0,0,0,2
GRC,0,2,3,3,3,3,3,3,1,3,2,0,3,0,2,2,3,2,3,3,3,3,3,3,3,3,0,3,0,1,3,3,0,1,0,0,0,3,2,3,3,2,3,3,3,2,3,3,3,0,3,2,0,3,3,2,3,3,3,3,2,3,3,0,2,3,2,0,-1,3,3,3,3,3,3,3,3,3,1,3,2,0,3,3,3,3,2,3,3,2,3,2,3,3,3,2,2,2,0,0,3,3,1,2,3,3,3,3,3,3,3,2,2,3,3,3,0,3,2,3,2,2,2,3,2,3,0,0,2,3,3,3,2,0,1,2,0,3,3,3,3,2,3,0,3,3,3,3,3,0,2,2,0,3,3,3,2,3,3,2,3,0,3,2,3,3,3,3,2,0,0,2,3,2,0,3,3,3,3,3,3,3,2,2,3,3,1,3,3,3,3,2,3,3,3,0,3,2,2
GRD,0,0,0,3,0,3,2,3,0,3,0,0,3,0,0,3,3,0,3,3,0,3,2,3,3,0,0,3,0,0,3,3,3,1,0,0,0,3,2,2,3,3,3,3,3,2,3,3,3,0,3,2,0,3,3,2,3,3,3,3,2,3,0,0,2,3,2,0,3,-1,0,3,3,0,3,3,3,3,1,3,2,0,3,3,3,3,2,0,0,3,0,2,3,3,3,0,2,0,0,0,3,3,1,3,3,3,3,3,0,3,3,2,2,0,0,0,0,3,0,3,0,2,2,3,3,3,0,0,2,2,3,3,2,0,0,0,0,3,3,3,2,0,3,0,3,0,3,2,3,3,2,0,0,2,3,2,2,0,3,2,3,0,0,3,3,3,3,3,2,0,0,2,0,0,0,2,0,3,0,2,2,0,3,3,0,3,0,2,3,3,3,0,3,2,3,0,0,3,3
GTM,0,0,3,3,0,3,2,0,0,3,2,0,3,0,0,2,3,0,3,3,0,3,2,3,3,0,0,0,0,0,3,3,0,1,0,0,0,3,2,2,3,2,3,3,3,2,3,3,3,0,3,0,0,3,3,2,3,0,3,3,2,3,0,0,2,0,2,0,3,0,-1,0,3,3,3,3,3,3,1,3,2,0,3,3,3,3,2,3,0,2,0,2,0,3,3,0,2,0,0,0,2,3,1,2,3,3,3,2,0,3,3,2,2,0,2,3,0,3,2,3,0,2,2,2,2,3,0,0,2,3,3,3,2,0,0,0,0,3,3,3,2,0,3,0,3,3,3,2,3,3,2,0,0,2,3,0,0,3,3,2,0,0,0,2,3,3,3,0,2,0,0,2,0,0,0,2,0,3,0,3,2,3,2,2,0,3,0,2,3,3,0,0,0,2,3,0,0,2,2
GUY,0,0,0,0,0,3,2,3,0,0,0,0,0,0,0,2,0,2,3,0,0,3,2,3,3,0,0,3,0,0,0,3,0,1,0,0,0,3,2,2,3,2,0,0,0,2,3,0,3,0,3,2,0,0,0,2,0,3,0,3,2,0,0,0,2,3,2,0,0,3,0,-1,3,0,0,3,0,3,1,3,2,0,0,0,0,3,2,0,0,2,0,2,0,3,3,0,2,0,0,0,3,0,1,3,0,0,0,2,0,0,0,2,2,0,0,0,0,0,0,0,0,2,2,3,2,3,0,0,2,2,0,0,2,0,0,0,0,3,3,3,2,0,0,0,0,0,3,3,0,3,2,0,0,2,3,2,2,0,0,2,0,0,0,3,0,0,0,3,2,0,0,2,0,0,0,2,0,3,0,0,2,0,3,2,0,3,0,2,0,3,0,0,3,2,3,0,3,2,2
HKG,0,0,3,3,3,3,3,3,1,3,2,0,3,3,2,0,3,2,3,3,3,3,2,3,3,3,0,3,0,1,3,3,0,1,0,0,0,3,2,3,0,2,3,3,3,2,3,3,3,0,3,3,0,3,3,2,3,3,3,3,2,3,0,0,2,0,2,0,3,3,0,3,-1,0,3,3,3,3,1,3,3,0,3,3,3,3,2,3,3,2,0,2,3,3,3,2,2,2,0,0,3,3,1,3,3,3,3,3,3,3,3,2,2,3,0,3,0,3,3,3,3,2,2,3,3,3,3,3,2,3,3,3,2,0,1,2,0,3,3,3,2,2,3,0,3,0,3,3,3,3,2,2,0,0,3,0,0,0,3,2,3,0,0,3,3,3,3,0,2,0,0,2,3,0,0,2,2,3,3,3,2,2,3,3,3,3,0,2,3,3,3,2,3,2,3,3,3,3,3
HND,0,0,3,3,3,3,2,0,0,3,2,0,3,0,0,2,3,0,3,3,0,3,2,3,0,0,0,0,0,0,3,3,0,1,0,0,0,3,2,2,3,2,3,3,3,2,3,3,3,0,3,0,0,3,3,2,3,0,3,3,2,3,3,0,2,3,2,0,3,0,3,0,3,-1,3,3,3,3,1,3,2,0,3,3,3,0,2,3,0,2,0,2,0,3,3,0,2,0,0,0,2,3,1,2,3,3,3,2,0,3,3,2,2,0,0,3,0,3,0,3,0,2,2,2,2,3,0,0,2,3,3,3,2,0,0,0,0,3,3,3,2,0,3,0,3,3,3,2,3,3,2,0,0,2,3,0,0,3,3,2,0,0,0,2,3,3,3,0,2,0,0,2,0,0,0,2,0,3,3,3,2,3,2,2,0,3,0,2,3,3,0,0,0,2,3,0,0,2,2
HRV,0,2,3,3,3,3,3,3,1,3,2,0,3,0,0,2,3,2,3,3,3,3,3,3,3,3,0,3,0,1,3,3,0,1,0,0,0,3,2,3,3,2,3,3,3,2,3,3,3,0,3,2,0,3,3,2,3,0,3,3,2,3,3,0,2,3,2,0,3,3,3,0,3,3,-1,3,3,3,1,3,2,0,3,3,3,2,2,3,3,2,3,2,3,3,3,2,2,2,0,0,3,3,1,2,3,3,3,3,3,3,3,2,2,3,3,3,0,3,2,3,2,2,2,3,2,3,0,0,2,3,3,3,2,0,1,2,0,3,3,3,3,2,3,0,3,3,3,3,3,0,2,2,0,3,3,3,2,3,3,2,3,0,3,2,3,3,3,3,2,0,0,2,0,2,0,3,3,3,3,2,3,3,2,2,3,3,0,3,3,3,3,2,3,3,3,0,0,2,2
HTI,0,0,0,0,0,0,2,0,0,0,0,0,0,3,0,2,0,0,0,0,0,0,2,0,0,0,0,0,0,0,0,0,0,1,0,0,0,0,2,2,0,2,0,0,0,2,3,0,0,0,2,2,0,0,0,2,0,0,0,3,2,0,0,0,2,3,2,0,0,0,0,0,3,0,0,-1,0,3,1,0,2,0,0,3,0,0,2,0,0,2,0,2,0,0,3,0,2,0,0,0,0,0,1,2,0,0,0,2,0,0,0,2,2,0,0,0,0,0,0,0,0,2,2,2,2,3,0,0,2,0,0,0,2,0,0,0,0,0,0,3,2,0,0,0,0,0,3,2,0,0,3,0,0,2,3,0,0,0,0,2,0,0,0,0,0,0,0,0,2,0,0,2,0,0,0,2,0,0,0,2,2,3,2,2,0,0,0,0,0,3,0,0,0,2,0,0,0,2,2
HUN,0,2,3,3,3,3,3,3,1,3,2,0,3,0,2,2,3,2,3,3,3,3,3,3,3,3,0,3,0,1,3,3,0,1,0,0,0,3,2,3,3,2,3,3,3,2,3,3,3,0,3,2,0,3,3,2,3,3,3,3,2,3,3,0,2,3,2,0,3,3,3,0,3,3,3,3,-1,3,1,3,2,0,3,3,3,3,2,3,3,2,3,2,3,3,3,2,2,2,0,0,3,3,1,2,3,3,3,3,3,3,3,2,2,3,3,3,0,3,2,3,0,2,2,3,2,3,2,0,2,3,3,3,2,0,1,2,0,3,3,3,3,2,3,0,3,3,3,3,3,0,2,2,0,3,3,3,2,3,3,2,3,0,3,2,3,3,3,3,2,0,0,2,3,2,0,3,3,3,3,3,3,3,2,2,3,3,1,3,3,3,3,2,3,3,3,0,3,2,2
IDN,0,2,0,0,0,0,2,0,0,0,2,0,0,0,0,0,0,0,0,0,3,0,2,3,3,3,0,0,0,0,0,3,0,1,0,0,0,3,2,2,0,2,0,0,0,2,3,0,0,0,3,0,0,0,0,2,0,3,0,3,2,0,0,0,2,3,2,0,0,0,0,3,3,0,0,3,0,-1,1,0,2,0,0,0,0,0,2,3,3,2,2,3,0,3,0,0,3,0,0,0,0,0,1,2,0,0,0,3,3,0,0,2,2,0,2,0,3,0,3,0,0,2,2,2,2,3,3,0,2,2,0,0,2,0,0,2,2,0,3,3,2,2,0,0,0,0,3,3,0,0,3,0,0,2,3,0,2,0,0,2,3,0,0,2,0,0,0,0,2,0,0,2,3,2,0,2,0,0,0,2,2,0,2,2,0,0,0,3,0,3,0,3,0,2,0,0,0,0,2
IND,0,2,0,0,0,0,2,0,0,0,2,0,0,0,0,0,0,0,0,0,0,0,2,0,3,0,3,2,0,0,0,0,0,1,0,0,0,0,2,2,0,0,0,0,0,2,3,0,0,0,0,0,0,0,0,2,0,3,0,3,2,0,0,0,2,3,2,0,0,3,0,0,1,0,0,3,0,3,-1,0,2,0,0,0,0,3,2,0,0,2,0,2,0,3,0,0,2,0,0,0,2,0,1,2,0,0,0,3,0,0,0,2,2,0,2,0,0,0,2,0,0,2,2,3,2,2,0,0,2,0,0,0,3,0,0,0,0,0,0,0,2,0,0,0,0,0,3,3,0,0,2,0,0,3,0,0,2,3,0,2,3,0,0,2,0,0,0,0,2,0,0,2,2,0,0,2,0,3,3,0,2,0,2,2,0,0,0,2,0,3,0,2,3,2,0,0,0,0,2
IRL,0,2,3,3,3,3,3,3,1,3,2,0,3,0,2,2,3,2,3,3,3,3,3,3,3,3,0,3,0,1,3,3,0,1,0,0,0,3,2,3,3,2,3,3,3,2,3,3,3,0,3,2,0,3,3,2,3,3,3,3,2,3,3,0,2,3,2,0,3,3,3,3,3,3,3,3,3,3,1,-1,2,0,3,3,3,3,2,3,3,2,3,2,3,3,3,2,2,2,0,0,3,3,1,3,3,3,3,3,3,3,3,2,2,3,3,3,0,3,2,3,2,2,2,3,2,3,3,0,2,3,3,3,2,0,1,2,0,3,3,3,2,2,3,0,3,3,3,3,3,0,2,2,0,3,3,2,2,3,3,2,3,0,3,2,3,3,3,3,2,0,0,2,3,2,0,2,2,3,3,2,2,3,2,2,3,3,1,3,3,3,3,2,3,2,3,0,3,3,2
IRN,0,0,0,0,0,0,3,0,0,0,2,0,0,0,0,0,0,0,0,0,0,0,2,0,0,0,0,0,0,0,0,0,0,1,0,0,0,0,2,2,0,0,0,0,0,2,3,0,0,0,3,0,0,0,0,2,0,0,0,3,2,0,3,0,2,0,2,0,0,0,0,0,0,0,0,3,0,0,1,0,-1,0,0,0,0,0,0,0,0,2,0,2,0,0,0,0,2,2,0,0,0,0,1,2,0,0,0,2,0,0,0,2,2,0,0,0,0,0,0,0,0,2,2,0,2,3,0,0,2,0,0,0,2,0,0,2,0,0,0,0,2,0,0,0,0,0,0,2,0,0,2,0,0,2,0,0,2,0,0,2,0,0,0,2,0,0,0,0,2,0,0,2,0,0,0,2,0,0,0,3,2,0,0,2,0,0,0,0,0,0,3,0,0,2,0,0,0,0,2
IRQ,0,0,0,0,0,0,0,0,0,0,0,0,0,0,0,0,0,0,0,0,0,0,2,0,0,0,0,0,0,0,0,0,0,1,0,0,0,0,2,2,0,0,0,0,0,2,3,0,0,0,0,0,0,0,0,2,0,0,0,3,2,0,0,0,2,0,2,0,0,0,0,0,0,0,0,3,0,0,0,0,0,-1,0,0,0,0,0,0,0,0,0,2,0,0,0,0,2,2,0,0,0,0,1,2,0,0,0,2,0,0,0,2,2,0,0,0,0,0,0,0,0,2,2,0,2,3,0,0,2,0,0,0,0,0,0,0,0,0,0,0,2,0,0,0,0,0,0,2,0,0,2,0,0,2,0,0,0,0,0,2,0,0,0,2,0,0,0,0,2,0,0,2,0,0,0,2,0,0,0,0,2,0,0,2,0,0,0,0,0,0,0,0,0,2,0,0,0,0,0
ISL,0,2,3,3,3,3,3,3,1,3,2,0,3,0,2,2,3,2,3,3,3,3,3,3,3,3,0,3,0,1,3,3,0,1,0,0,0,3,2,3,3,2,3,3,3,2,3,3,3,0,3,2,0,3,3,2,3,3,3,3,2,3,3,0,2,3,2,0,3,3,3,0,3,3,3,3,3,3,1,3,2,0,-1,3,3,3,2,3,3,2,3,2,3,3,3,2,2,2,0,0,3,3,1,3,3,3,3,3,3,3,3,2,2,3,2,3,0,3,2,3,0,2,2,3,2,3,3,0,2,3,3,3,2,0,1,2,2,3,3,3,2,2,3,0,3,3,3,3,3,0,2,2,0,2,3,3,0,3,3,2,3,0,3,2,3,3,3,0,2,0,0,2,3,2,0,3,3,3,3,3,3,3,2,2,3,3,1,3,3,3,3,2,3,2,3,0,3,2,2
ISR,0,2,3,3,0,3,2,0,0,3,2,0,3,0,0,2,3,0,3,3,3,3,2,3,3,0,0,3,3,1,3,3,0,1,0,0,0,3,2,2,3,2,3,3,3,2,3,3,3,0,3,0,0,3,3,2,3,3,3,3,2,3,3,0,2,0,2,0,3,3,3,0,3,3,3,3,3,0,1,3,0,0,3,-1,3,3,2,3,3,2,2,2,0,3,3,0,2,0,0,0,3,3,1,3,3,3,3,3,0,3,3,2,2,3,2,3,0,3,2,3,3,2,2,3,3,0,0,0,2,3,3,3,2,2,1,0,0,3,3,3,3,2,3,0,3,3,3,2,3,3,2,0,0,2,3,2,2,3,3,2,3,0,0,3,3,3,3,3,2,0,0,2,3,2,0,2,2,3,0,3,2,3,2,2,3,3,0,3,3,3,0,0,3,2,3,0,3,2,2
ITA,0,2,3,3,3,3,3,3,1,3,2,0,3,0,2,2,3,2,3,3,3,3,3,3,3,3,0,3,0,1,3,3,0,1,0,0,0,3,2,3,3,2,3,3,3,2,3,3,3,0,3,2,0,3,3,2,3,3,3,3,2,3,3,0,2,3,2,0,3,3,3,3,3,3,3,3,3,3,1,3,2,0,3,3,-1,3,2,3,3,2,3,2,3,3,3,2,2,2,0,0,3,3,1,3,3,3,3,3,3,3,3,2,2,3,3,3,0,3,2,3,0,2,2,3,2,3,3,0,2,3,3,3,2,0,1,2,2,3,3,3,3,2,3,0,3,3,3,3,3,0,2,2,0,3,3,3,2,3,3,2,3,0,3,2,3,3,3,3,2,0,0,2,3,2,0,3,3,3,3,3,3,3,2,2,3,3,1,3,3,3,3,3,3,3,3,0,3,2,2
JAM,0,0,0,0,0,3,2,3,0,0,2,0,0,0,0,3,0,0,3,0,0,3,2,3,3,0,0,3,0,0,0,3,0,1,0,0,0,3,2,2,0,2,0,0,0,2,3,0,3,0,3,2,0,0,0,2,0,3,0,3,2,0,0,3,2,3,2,0,0,3,0,3,3,0,0,3,0,3,1,0,2,0,0,3,0,-1,2,0,0,3,0,2,3,3,3,0,2,0,0,0,3,0,1,3,0,0,0,2,0,0,0,2,2,3,0,0,0,0,2,0,0,2,2,3,3,3,3,0,2,2,0,0,2,0,0,0,0,3,3,3,2,0,0,0,0,0,3,2,0,3,2,0,0,2,3,0,2,0,0,2,3,0,0,3,0,0,0,3,2,0,0,2,0,0,0,2,0,3,0,2,2,0,3,3,0,3,0,2,0,3,3,0,3,2,0,0,3,3,3
JOR,0,0,0,0,0,0,2,0,0,0,2,0,0,0,0,0,0,0,0,0,0,0,2,0,3,0,0,0,0,0,0,0,0,1,0,0,0,0,2,2,0,0,0,0,0,2,3,0,0,0,3,3,0,0,0,2,0,0,0,3,2,0,3,0,2,0,2,0,0,0,0,0,3,0,0,3,0,3,1,0,0,0,0,0,0,0,-1,0,0,2,0,2,0,3,0,0,0,3,0,3,0,0,1,2,0,0,0,2,0,0,0,2,2,0,0,0,0,0,2,0,0,2,2,2,2,3,0,0,2,2,0,0,2,0,0,0,2,0,0,0,2,0,0,0,0,0,0,2,0,0,2,0,0,2,0,0,0,0,0,2,0,0,0,2,0,0,0,0,2,3,0,2,0,2,0,2,0,0,3,3,2,0,2,2,0,0,0,2,0,0,0,0,0,2,3,2,3,0,0
JPN,0,2,3,3,3,3,3,3,1,3,2,0,3,0,0,2,3,2,3,3,3,3,3,3,3,3,0,3,0,1,3,3,3,1,0,0,0,3,2,2,3,2,3,3,3,2,3,3,3,0,3,2,0,3,3,2,3,3,3,3,2,3,3,0,2,0,2,0,3,3,3,3,3,3,3,3,3,3,1,3,2,0,3,3,3,3,2,-1,3,2,3,2,3,3,3,2,3,2,0,0,3,3,1,3,3,3,3,3,3,3,3,2,2,3,2,3,0,3,3,3,3,2,2,3,2,3,3,0,2,3,3,3,2,0,1,2,2,3,3,3,2,2,3,0,3,3,3,3,3,0,2,2,0,3,3,2,2,3,3,2,3,0,3,3,3,3,3,3,2,0,0,2,3,2,0,2,2,3,3,3,2,3,2,2,3,3,1,3,3,3,3,3,3,2,3,0,3,2,2
KAZ,0,0,3,0,2,3,3,3,0,0,3,0,0,0,0,2,0,2,0,0,3,0,2,3,3,0,0,0,0,0,0,0,0,1,0,0,0,3,2,2,3,2,0,0,0,2,3,0,3,0,3,2,0,0,0,2,0,0,0,3,2,0,3,0,2,3,2,0,0,0,0,0,3,0,0,3,0,3,1,0,2,0,0,0,0,2,2,0,-1,2,3,2,0,0,3,0,2,2,0,0,0,0,1,2,0,0,0,2,0,0,3,2,2,0,2,0,0,0,2,0,3,2,2,2,2,3,3,0,2,2,0,0,2,0,0,0,0,0,0,3,2,0,0,0,0,0,3,3,0,3,2,2,0,2,0,0,2,0,0,2,3,0,0,2,0,0,0,0,2,0,0,2,2,3,0,2,0,0,0,3,2,0,0,2,3,0,0,3,0,3,0,2,0,2,0,0,0,2,2
KEN,0,0,0,0,0,0,0,3,0,0,0,3,0,3,2,0,0,0,3,0,0,0,2,0,3,0,0,3,0,0,0,0,0,1,0,2,0,0,2,2,0,3,0,0,0,2,3,0,0,0,0,0,0,0,0,3,0,3,0,3,2,0,0,3,2,3,2,0,0,3,0,0,3,0,0,3,0,3,1,0,2,0,0,0,0,3,2,0,0,-1,0,2,3,3,0,0,2,0,0,0,2,0,0,3,0,0,0,2,0,0,0,2,2,0,0,0,0,0,2,0,0,2,2,3,3,3,3,0,2,0,0,0,2,0,0,0,0,3,0,3,2,0,0,0,0,0,0,2,0,0,3,0,2,2,3,0,2,0,0,2,0,2,0,2,0,0,0,3,2,0,0,2,0,0,0,2,0,3,0,0,2,0,3,3,0,0,0,0,0,3,0,0,3,2,0,0,0,3,3
KGZ,0,0,0,0,0,0,3,3,0,0,3,0,0,0,0,2,0,0,0,0,3,0,2,0,3,0,0,0,0,0,0,0,0,1,0,0,0,0,2,2,0,2,0,0,0,2,3,0,0,0,3,0,0,0,0,2,0,0,0,3,2,0,3,0,2,0,2,0,0,0,0,0,0,0,0,3,0,3,1,0,2,0,0,0,0,2,2,0,3,2,-1,2,0,0,0,0,2,2,0,0,2,0,1,2,0,0,0,2,0,0,3,2,2,0,2,0,0,0,2,0,3,2,2,2,2,3,3,0,2,2,0,0,2,0,0,0,0,0,0,3,2,0,0,0,0,0,3,2,0,3,2,0,0,2,0,0,2,0,0,2,3,0,0,2,0,0,0,0,2,0,0,2,0,3,0,2,0,0,0,3,2,0,0,2,3,0,0,3,0,3,0,3,0,2,0,0,0,0,2
KHM,0,0,0,0,0,0,2,0,0,0,0,0,0,0,0,2,0,0,0,0,0,0,2,0,0,3,0,0,0,0,0,0,0,1,0,0,0,0,2,2,0,2,0,0,0,2,3,0,0,0,3,2,0,0,0,2,0,0,0,3,2,0,0,0,2,3,2,0,0,0,0,0,0,0,0,3,0,3,1,0,2,0,0,0,0,0,0,0,0,2,0,-1,0,0,0,2,3,0,0,0,2,0,1,2,0,0,0,2,0,0,0,2,2,0,2,0,0,0,3,0,0,2,2,2,2,3,2,0,2,2,0,0,2,0,0,0,0,3,0,3,2,0,0,0,0,0,3,2,0,0,2,0,0,2,3,0,2,0,0,2,0,0,0,2,0,0,0,0,2,0,0,2,3,0,0,2,0,0,0,0,2,0,2,2,0,0,0,2,0,3,0,3,0,2,0,0,0,2,0
KIR,0,0,0,3,3,0,2,3,0,3,0,0,3,0,0,2,3,0,3,3,0,3,2,0,3,0,0,3,0,0,3,0,0,1,0,0,0,0,2,2,3,2,3,3,3,2,3,3,3,0,3,2,0,3,3,2,3,3,3,3,2,3,0,0,2,3,2,0,3,3,0,0,3,0,3,3,3,3,1,3,2,0,3,0,3,3,2,0,0,3,0,2,-1,3,3,0,2,0,0,0,3,3,1,3,3,3,3,3,0,3,3,2,2,0,2,0,0,3,0,0,0,2,2,3,3,3,0,0,2,2,3,3,2,0,0,0,0,3,3,3,2,2,3,0,3,0,3,2,3,0,2,0,0,2,3,2,2,0,3,2,0,0,0,2,3,3,3,0,2,0,0,2,0,0,0,2,2,3,3,0,2,2,3,2,0,0,0,2,3,3,0,0,3,2,3,0,0,3,3
KNA,0,0,3,3,0,3,2,3,0,3,0,0,3,0,0,3,3,0,3,3,3,3,2,3,3,0,0,3,0,0,3,3,0,1,0,0,0,3,2,2,3,3,3,3,3,2,3,3,3,0,3,2,0,3,3,2,3,3,3,3,2,3,3,0,2,3,2,0,3,3,3,3,3,3,3,3,3,3,1,3,2,0,3,3,3,3,2,0,0,3,0,2,3,-1,3,0,2,2,0,0,3,3,1,3,3,3,3,2,0,3,3,2,2,0,0,3,0,3,0,3,0,2,2,3,3,3,0,0,2,3,3,3,2,0,0,0,2,3,3,3,2,0,3,0,3,0,3,2,3,3,3,0,0,2,3,2,0,3,3,2,3,0,0,3,3,3,3,0,2,0,0,2,0,0,0,2,2,3,3,3,2,3,3,2,3,3,0,2,3,3,3,0,3,2,3,0,0,3,3
KOR,0,2,3,3,3,3,3,3,1,3,2,0,3,0,0,2,3,2,3,3,3,3,2,3,3,3,0,3,0,1,3,3,0,1,0,0,0,3,2,2,3,2,3,3,3,2,3,3,3,0,3,2,0,3,3,2,3,3,3,3,2,3,3,0,2,3,2,0,3,3,3,3,3,3,3,3,3,3,1,3,2,0,3,3,3,3,2,3,3,2,3,2,3,3,-1,2,3,2,0,0,3,3,1,3,3,3,3,3,3,3,3,2,2,3,2,3,0,3,3,3,0,2,2,3,2,3,2,0,2,3,3,3,2,0,1,2,2,3,3,3,2,2,3,0,3,3,3,3,3,3,2,2,0,3,3,2,2,3,3,2,3,0,3,3,3,3,3,3,2,0,0,2,3,2,0,2,2,3,3,3,2,3,2,2,3,3,1,3,3,3,3,3,3,2,3,0,3,2,2
KWT,0,0,3,0,3,0,2,0,0,0,2,0,0,0,0,2,0,3,3,3,3,0,2,0,0,2,0,3,0,0,0,0,0,1,0,0,0,0,2,2,0,2,0,0,0,2,3,0,3,0,3,3,0,0,0,2,0,0,0,3,2,1,3,0,2,0,2,0,0,0,3,0,3,3,0,3,0,3,0,0,2,0,0,0,0,0,3,0,3,2,3,2,0,3,3,-1,2,3,0,0,3,0,1,2,0,0,0,2,3,0,0,2,2,0,2,0,0,0,2,3,2,2,2,3,2,3,0,0,2,3,0,0,2,0,1,3,2,3,0,3,2,0,0,0,0,0,3,3,0,0,2,3,3,2,3,2,2,3,0,2,3,0,3,2,0,0,0,3,2,3,0,2,3,2,0,2,0,0,3,3,2,2,2,2,0,0,0,2,0,3,0,0,3,2,3,2,0,0,2
LAO,0,0,0,0,0,0,2,0,0,0,0,0,0,0,0,2,0,0,0,0,0,0,2,0,0,3,0,0,0,0,0,0,0,1,0,0,0,0,2,2,0,2,0,0,0,2,3,0,0,0,3,2,0,0,0,2,0,0,0,3,2,0,0,0,2,3,2,0,0,0,0,0,0,0,0,3,0,3,1,0,2,0,0,0,0,0,0,0,0,2,0,3,0,0,0,2,-1,0,0,0,0,0,1,2,0,0,0,2,0,0,0,2,2,0,0,0,0,0,3,0,3,2,2,0,2,3,0,0,2,0,0,0,2,0,0,0,0,0,0,3,2,0,0,0,0,0,3,2,0,3,2,0,0,2,3,0,0,0,0,2,0,0,0,2,0,0,0,0,2,0,0,2,3,0,0,2,0,0,0,0,2,0,2,2,0,0,0,2,0,3,0,3,0,2,0,0,0,2,0
LBN,0,0,0,0,0,0,2,0,0,0,0,0,0,0,0,0,0,0,0,0,0,0,2,0,0,0,0,0,0,0,0,0,0,1,0,0,0,0,2,2,0,2,0,0,0,2,3,0,0,0,3,0,0,0,0,2,0,0,0,3,2,0,3,0,2,0,2,0,0,0,0,0,0,0,0,3,0,3,0,0,3,2,0,0,0,0,3,0,0,0,0,2,0,0,0,0,0,-1,0,0,0,0,1,2,0,0,0,3,0,0,0,2,2,0,0,0,0,0,0,0,0,2,2,2,2,3,0,0,2,0,0,0,2,0,0,2,0,0,0,0,2,0,0,0,0,0,3,3,0,0,2,0,0,2,0,0,2,0,0,2,0,0,0,2,0,0,0,0,2,3,0,2,0,2,0,2,0,0,0,3,2,0,0,2,0,0,0,2,0,0,0,0,0,2,0,0,0,0,0
LBR,0,0,0,0,3,0,0,0,0,0,0,0,0,3,3,2,0,0,0,0,0,0,2,0,3,0,0,0,3,0,0,0,0,3,0,0,0,0,2,3,0,2,0,0,0,2,3,0,0,0,3,0,0,0,0,2,0,0,0,3,2,0,0,3,3,3,3,0,0,0,0,0,0,0,0,3,0,0,1,0,2,0,0,0,0,0,0,0,0,2,0,2,0,0,0,0,0,0,-1,0,0,0,0,2,0,0,0,2,0,0,0,2,2,0,0,0,3,0,0,0,0,2,2,2,2,0,2,3,3,0,0,0,0,0,0,0,0,0,0,3,2,0,0,0,0,0,0,2,0,0,2,0,0,3,3,0,3,0,0,2,0,0,0,2,0,0,0,0,2,0,0,3,0,0,0,2,0,0,0,0,2,0,2,2,0,0,0,0,0,3,0,0,0,2,0,0,0,0,0
LBY,0,0,0,0,0,0,0,0,0,0,0,0,0,3,2,0,0,0,0,0,0,0,2,0,0,0,0,0,0,0,0,0,0,1,0,0,0,0,2,2,0,2,0,0,0,2,3,0,0,3,0,0,0,0,0,2,0,0,0,3,2,0,0,2,2,3,2,0,0,0,0,0,0,0,0,3,0,2,0,0,2,0,0,0,0,0,0,0,0,0,0,2,0,0,0,0,0,2,0,-1,0,0,1,2,0,0,0,2,0,0,0,2,2,0,0,0,0,0,0,0,0,2,3,0,2,3,0,0,2,0,0,0,2,0,0,0,0,0,0,0,2,0,0,0,0,0,3,2,0,0,2,0,0,2,0,0,0,0,0,2,0,0,0,2,0,0,0,0,2,0,0,2,0,0,0,2,0,0,3,0,2,0,2,2,0,0,0,0,0,3,0,0,0,2,0,0,0,0,0
LCA,0,0,0,3,0,3,2,3,0,3,0,0,3,0,0,2,3,0,3,3,0,3,2,0,3,0,0,3,0,0,3,3,0,1,0,0,0,3,2,2,3,3,3,3,3,2,3,3,3,0,3,2,0,3,3,2,3,3,3,3,2,3,0,0,2,3,2,0,3,3,3,3,3,3,3,3,3,3,1,3,2,0,3,3,3,3,2,0,0,3,0,2,3,3,3,0,2,0,0,0,-1,3,1,3,3,3,3,2,0,3,3,2,2,0,0,0,0,3,0,3,0,2,2,3,3,3,0,0,2,3,3,3,2,0,0,0,2,3,3,3,2,0,3,0,3,0,3,2,3,0,2,0,0,2,3,2,2,3,3,2,0,0,0,3,3,3,3,3,2,0,0,2,0,0,0,2,2,3,3,2,2,3,3,2,0,0,0,2,3,3,3,0,3,2,3,0,0,3,3
LIE,0,0,3,3,3,3,3,3,1,3,2,0,3,0,2,2,3,2,3,3,3,0,3,3,3,3,0,3,0,1,3,3,0,1,0,0,0,3,2,3,3,2,3,3,3,2,3,3,3,0,3,2,0,3,3,2,3,3,3,3,2,3,3,0,2,3,2,0,3,3,3,0,3,3,3,3,3,3,1,3,2,0,3,3,3,3,2,3,3,2,3,2,3,3,3,2,2,2,0,0,3,-1,1,2,3,3,3,3,3,3,3,2,2,3,0,3,0,3,0,3,0,2,2,3,2,3,3,0,2,3,3,3,2,0,1,2,0,3,3,3,2,2,3,0,3,3,3,3,3,0,2,2,0,2,3,3,2,3,3,2,3,0,3,2,3,3,3,0,2,0,0,2,3,2,0,3,3,3,3,3,3,3,2,2,3,3,1,3,3,3,3,2,3,2,3,0,3,2,2
LKA,0,0,0,0,0,0,0,0,0,0,2,0,0,0,0,0,0,0,3,0,0,0,2,0,3,0,0,0,0,0,0,0,0,1,0,0,0,0,2,2,0,0,0,0,0,2,3,0,0,0,0,0,0,0,0,2,0,0,0,3,2,0,0,0,2,3,2,0,0,3,0,0,0,0,0,3,0,3,1,0,2,0,0,0,0,0,0,0,0,2,0,2,0,3,0,0,2,0,0,0,0,0,-1,3,0,0,0,0,0,0,0,2,2,0,0,0,0,0,2,0,0,2,2,2,2,2,0,0,2,0,0,0,2,0,0,0,2,0,0,0,2,0,0,0,0,0,0,2,0,0,2,0,0,2,3,0,2,0,0,2,0,0,0,2,0,0,0,0,2,0,0,2,0,0,0,2,0,0,0,0,2,0,0,2,0,0,0,2,0,3,0,0,3,2,0,0,0,0,0
LSO,0,2,0,0,0,0,0,3,0,0,0,0,0,3,0,3,0,0,3,0,0,3,2,0,3,0,0,3,0,0,0,0,0,1,0,0,0,0,2,2,0,2,0,0,0,2,3,0,0,0,3,0,0,0,0,2,0,3,0,3,2,0,0,3,2,3,2,0,0,3,0,3,3,0,0,3,0,3,1,3,2,0,0,3,0,3,2,3,0,3,0,2,3,3,3,0,0,0,0,0,3,0,1,-1,0,0,0,2,0,0,0,2,2,0,0,0,0,0,0,0,0,2,2,3,3,3,3,0,2,2,0,0,2,0,0,0,0,0,0,3,2,0,0,0,0,0,3,2,0,0,2,0,0,2,3,0,2,0,0,2,0,0,0,2,0,0,0,3,2,0,0,2,0,0,0,2,0,3,0,0,2,0,3,3,0,0,0,0,0,3,0,0,3,2,3,0,3,3,3
LTU,0,2,3,3,3,3,3,3,1,3,2,0,3,0,2,2,3,2,3,3,3,3,3,3,3,3,0,3,0,1,3,3,0,1,0,0,0,3,2,3,3,2,3,3,3,2,3,3,3,0,3,2,0,3,3,2,3,3,3,3,2,3,3,0,2,3,2,0,3,3,3,0,3,3,3,3,3,3,1,3,2,0,3,3,3,3,2,3,3,2,3,2,3,3,3,2,2,2,0,0,3,3,1,2,-1,3,3,3,3,3,3,2,2,3,3,3,0,3,2,3,2,2,2,3,2,3,0,0,2,3,3,3,2,0,1,2,2,3,3,3,3,2,3,0,3,3,3,3,3,0,2,2,0,3,3,3,2,3,3,2,3,0,3,2,3,3,3,3,2,0,0,2,3,2,0,3,3,3,3,3,3,3,2,2,3,3,1,3,3,3,3,2,3,3,3,0,0,2,2
LUX,0,2,3,3,3,3,3,3,1,3,2,0,3,0,2,2,3,2,3,3,3,3,3,3,3,3,0,3,0,1,3,3,0,1,0,0,0,3,2,3,3,2,3,3,3,2,3,3,3,0,3,2,0,3,3,2,3,3,3,3,2,3,3,0,2,3,2,0,3,3,3,3,3,3,3,3,3,3,1,3,2,0,3,3,3,3,2,3,3,2,3,2,3,3,3,2,3,2,0,0,3,3,1,3,3,-1,3,3,3,3,3,2,2,3,3,3,0,3,2,3,2,2,2,3,2,3,3,0,2,3,3,3,2,0,1,2,2,3,3,3,3,2,3,0,3,3,3,3,3,0,2,2,0,3,3,3,2,3,3,2,3,0,3,2,3,3,3,3,2,0,0,2,3,2,0,3,3,3,3,3,3,3,2,2,3,3,1,3,3,3,3,2,3,3,3,0,3,2,2
LVA,0,2,3,3,3,3,3,3,1,3,2,0,3,0,2,2,3,2,3,3,3,3,3,3,3,3,0,3,0,1,3,3,0,1,0,0,0,3,2,3,3,2,3,3,3,2,3,3,3,0,3,2,0,3,3,2,3,3,3,3,2,3,3,0,2,3,2,0,3,3,3,0,3,3,3,3,3,3,1,3,2,0,3,3,3,3,2,3,3,2,3,2,3,3,3,2,2,2,0,0,3,3,1,2,3,3,-1,3,3,3,3,2,2,3,3,3,0,3,2,3,2,2,2,3,2,3,0,0,2,3,3,3,2,0,1,2,0,3,3,3,3,2,3,0,3,3,3,3,3,0,2,2,0,3,3,3,2,3,3,2,3,0,3,2,3,3,3,3,2,0,0,2,3,2,0,3,3,3,3,3,3,3,2,2,3,3,1,3,3,3,3,0,3,3,3,0,0,2,2
MAC,0,0,3,3,3,3,3,3,0,3,2,0,3,0,0,2,3,2,0,3,3,0,2,3,3,3,0,0,0,0,3,3,3,1,0,0,0,0,2,3,0,2,3,3,3,2,3,3,3,0,3,3,0,3,3,2,3,3,3,3,2,3,0,0,2,0,2,0,3,3,0,0,3,0,3,3,3,3,1,3,3,0,3,3,3,0,2,3,0,2,0,2,3,3,3,0,2,2,0,0,2,3,1,2,3,3,3,-1,3,3,3,2,2,3,0,3,3,3,3,3,3,2,2,3,2,3,3,0,2,3,3,3,2,0,1,2,0,0,0,3,2,2,3,0,3,0,3,2,3,3,2,2,0,0,3,0,2,0,3,2,3,0,0,2,3,3,3,0,2,0,0,2,3,0,0,2,2,0,0,3,2,2,3,2,0,3,0,0,3,3,0,2,3,3,3,0,3,0,2
MAR,0,2,0,0,0,0,0,0,0,0,2,0,0,3,0,0,0,0,0,0,0,3,2,3,3,0,0,0,0,0,0,0,0,3,0,0,2,0,2,0,0,2,0,0,0,2,3,0,0,3,3,0,0,0,0,2,0,0,0,3,3,0,0,0,3,3,2,0,0,3,0,0,3,0,0,3,0,3,0,0,2,0,0,0,0,0,2,0,0,2,0,2,0,0,3,0,2,2,0,0,0,0,1,2,0,0,0,3,-1,0,0,2,2,0,2,0,3,0,2,0,0,2,2,2,2,3,0,3,2,2,0,0,2,0,0,0,0,0,0,3,2,0,0,0,0,0,3,2,0,0,2,0,0,3,0,0,0,0,0,2,0,0,3,2,0,0,0,0,2,3,0,2,0,2,0,2,0,0,3,3,2,0,2,2,0,0,0,2,0,3,0,0,3,2,0,0,0,0,0
MCO,0,2,3,3,3,3,3,3,1,3,2,0,3,0,0,2,3,2,3,3,3,3,3,3,3,0,0,3,0,1,3,3,0,1,0,0,0,3,2,3,3,2,3,3,3,2,3,3,3,0,3,2,0,3,3,2,3,3,3,3,2,3,3,0,2,3,2,0,3,3,3,0,3,3,3,3,3,3,1,3,2,0,3,3,3,3,2,3,3,2,3,2,0,3,3,2,2,2,0,0,3,3,1,2,3,3,3,3,3,-1,3,2,2,3,2,3,0,3,2,3,0,2,2,3,2,3,0,0,2,3,3,3,2,0,1,2,2,3,3,3,2,2,3,0,3,3,3,3,3,0,2,2,0,2,3,2,0,3,3,2,3,0,3,2,3,3,3,3,2,0,0,2,3,2,0,2,2,0,3,3,2,3,2,2,3,3,1,3,3,3,3,2,3,2,3,0,3,2,2
MDA,0,0,3,3,0,0,3,3,0,3,3,0,3,0,0,2,3,0,3,3,3,0,2,0,3,0,0,0,0,0,3,3,0,1,0,0,0,3,2,2,0,2,3,3,3,2,3,3,0,0,3,0,0,3,3,2,3,3,3,3,2,0,3,0,2,3,2,0,3,0,0,0,0,0,3,3,3,3,1,0,2,0,3,3,3,2,0,0,3,2,3,2,0,3,0,0,2,2,0,0,0,3,1,2,3,3,3,3,0,3,-1,2,2,0,0,3,0,3,0,3,0,2,2,2,2,3,3,0,2,2,3,3,2,0,0,2,0,3,3,0,2,0,3,0,3,0,3,3,3,3,2,0,0,2,0,0,2,0,3,2,3,0,0,2,3,3,3,0,2,0,0,2,0,3,0,2,0,0,3,3,2,0,2,2,3,0,0,3,3,3,0,2,0,2,0,0,0,2,2
MDG,0,2,0,0,0,0,0,3,0,0,0,0,0,3,0,2,0,0,0,0,0,0,2,0,0,0,0,0,0,0,0,0,0,1,0,0,0,0,2,2,0,2,0,0,0,2,3,0,0,0,3,0,0,0,0,2,0,0,0,3,2,0,0,2,2,3,2,0,0,0,3,0,3,3,0,3,0,3,1,0,2,0,0,0,0,0,0,0,0,2,0,2,0,0,0,0,2,0,0,0,2,0,1,2,0,0,0,2,0,0,0,-1,2,0,0,0,0,0,0,0,0,2,2,2,2,3,2,0,2,3,0,0,2,0,1,0,0,3,0,3,2,0,0,0,0,0,0,2,0,0,2,0,0,2,3,0,0,3,0,2,0,0,0,2,0,0,0,3,2,0,0,2,0,0,0,2,0,0,0,0,2,0,3,3,0,0,0,0,0,3,0,0,0,2,0,0,3,2,3
MDV,0,0,0,0,3,0,2,3,0,0,2,0,0,0,0,3,0,0,3,0,0,3,2,0,3,3,3,3,0,0,0,0,0,1,0,0,0,0,2,2,3,2,0,0,0,2,3,0,0,0,3,2,0,0,0,2,0,3,0,3,2,3,0,0,2,3,2,0,0,3,0,0,3,0,0,3,0,3,3,3,2,0,0,0,0,3,2,0,0,3,0,2,0,3,0,0,2,0,0,0,3,0,2,3,0,0,0,2,0,0,0,2,-1,0,2,0,0,0,2,0,0,2,2,3,2,3,0,0,2,2,0,0,2,0,0,0,3,3,0,3,2,2,0,0,0,0,3,3,0,3,2,0,0,2,3,2,0,0,0,2,0,0,0,2,0,0,0,3,2,0,0,2,3,0,0,2,0,3,3,2,2,0,2,2,0,0,0,2,0,3,0,0,3,2,3,0,3,3,3
MEX,0,0,3,3,3,3,2,3,0,3,2,0,3,0,0,0,3,2,3,3,3,3,3,3,3,0,0,3,0,1,3,3,0,1,0,0,0,3,2,2,3,2,3,3,3,2,3,3,3,0,3,2,0,3,3,2,3,3,3,3,2,3,3,0,2,0,2,0,3,3,3,0,3,3,3,3,3,3,1,3,2,0,3,3,3,3,2,3,3,2,2,2,0,3,3,0,2,2,0,0,3,3,1,2,3,3,3,3,3,3,3,2,2,-1,2,3,0,3,2,3,0,2,2,3,2,3,2,0,2,3,3,3,2,0,1,0,0,3,3,3,2,2,3,0,3,3,3,3,3,0,2,0,0,2,3,0,0,3,3,2,3,0,0,2,3,3,3,0,2,0,0,2,2,2,0,2,0,3,3,2,2,0,2,2,0,3,0,2,3,3,3,2,3,2,3,0,0,2,2
MHL,0,0,0,3,0,0,2,3,0,3,0,0,3,0,0,2,3,0,3,3,0,3,2,0,0,0,0,0,0,0,3,0,0,1,0,0,0,3,2,2,3,2,3,3,3,2,3,3,3,0,3,2,0,3,3,2,3,3,3,3,2,3,0,0,2,0,2,0,3,0,3,0,3,3,3,3,3,3,1,0,2,0,3,0,3,0,2,0,0,2,0,2,3,0,3,0,2,0,0,0,3,3,1,2,3,3,3,2,0,3,3,2,2,3,-1,0,0,3,0,0,0,2,2,2,2,3,0,0,2,3,3,3,2,2,0,0,0,3,3,3,3,2,3,0,3,0,3,2,3,0,2,0,0,2,3,2,0,3,3,2,0,0,0,2,3,3,3,0,2,0,0,2,0,0,0,2,2,0,0,0,2,3,2,2,0,0,3,2,3,3,0,2,3,2,3,0,0,3,2
MKD,0,0,3,3,0,3,2,3,0,3,2,0,3,0,0,2,3,0,3,3,3,0,2,3,0,0,0,0,0,0,3,3,0,1,0,0,0,3,2,2,0,3,3,3,3,2,3,3,3,0,3,2,0,3,3,2,3,0,3,3,2,0,0,0,2,3,2,0,3,0,3,0,3,3,3,3,3,3,1,0,2,0,3,3,3,2,2,3,0,2,2,2,0,0,0,0,2,2,0,0,0,3,1,2,3,3,3,3,0,3,3,2,2,0,0,-1,0,3,0,3,0,2,2,2,2,3,0,0,2,3,3,3,2,0,0,2,0,3,3,0,2,0,3,0,3,0,3,3,3,0,2,0,0,2,3,0,0,3,3,2,3,0,0,2,3,3,3,0,2,0,0,2,0,0,0,2,0,0,3,3,2,3,2,2,3,0,0,2,3,3,0,2,0,2,3,0,0,2,2
MLI,0,0,0,0,0,0,0,0,0,0,0,0,0,3,3,2,0,0,3,0,0,0,2,0,3,0,0,0,0,0,0,0,0,3,3,0,0,0,2,3,0,2,0,0,0,2,3,0,0,3,3,0,0,0,0,2,0,0,0,3,2,0,0,3,3,3,3,0,0,0,0,0,3,0,0,3,0,3,1,0,2,0,0,0,0,0,0,0,0,2,0,2,0,0,0,0,2,0,3,0,2,0,0,2,0,0,0,3,0,0,0,2,2,0,0,0,-1,0,0,0,0,2,3,0,2,0,0,3,3,0,0,0,2,0,0,0,0,0,0,3,2,0,0,0,0,0,0,2,0,0,2,0,0,3,0,0,3,0,0,2,0,0,0,2,0,0,0,0,2,0,3,3,0,0,0,2,0,0,3,0,2,0,0,2,0,0,0,0,0,3,0,0,0,2,0,0,0,0,0
MLT,0,2,3,3,3,3,3,3,1,3,2,0,3,0,2,2,3,2,3,3,3,3,2,3,3,3,0,3,0,1,3,3,0,1,0,0,0,3,2,3,3,2,3,3,3,2,3,3,3,0,3,2,0,3,3,2,3,3,3,3,2,3,3,0,2,3,2,0,3,3,3,0,3,3,3,3,3,3,1,3,2,0,3,3,3,3,2,3,3,2,3,2,3,3,3,2,2,2,0,0,3,3,1,2,3,3,3,3,3,3,3,2,2,3,3,3,0,-1,2,3,2,2,2,3,2,3,0,0,2,3,3,3,2,0,1,2,2,3,3,3,3,2,3,0,3,3,3,3,3,0,2,2,0,3,3,3,2,3,3,2,3,0,3,2,3,3,3,3,2,0,0,2,2,2,0,3,3,3,3,2,3,3,3,3,3,3,1,3,3,3,3,2,3,3,3,0,3,3,3
MMR,0,0,0,0,0,0,2,0,0,0,0,0,0,0,0,0,0,0,0,0,0,0,2,0,0,3,0,0,0,0,0,0,0,1,0,0,0,0,2,2,0,2,0,0,0,2,3,0,0,0,3,0,0,0,0,2,0,0,0,3,2,0,0,0,2,0,2,0,0,0,0,0,0,0,0,3,0,3,1,0,2,0,0,0,0,0,2,0,0,2,0,2,0,0,0,0,3,0,0,0,0,0,1,2,0,0,0,2,0,0,0,2,2,0,0,0,0,0,-1,0,0,2,2,2,2,2,0,0,2,2,0,0,2,0,0,0,0,0,0,3,0,0,0,0,0,0,0,2,0,0,2,0,0,2,3,0,0,0,0,2,0,0,0,0,0,0,0,0,2,0,0,2,3,0,0,2,0,0,0,0,2,0,2,2,0,0,0,0,0,3,0,3,0,2,0,0,0,2,0
MNE,0,0,3,3,3,3,3,0,0,3,0,0,3,0,0,2,3,0,0,3,3,0,2,3,0,0,0,0,0,0,3,3,0,1,0,0,0,3,2,2,3,3,3,3,3,2,3,3,0,0,3,2,0,3,3,2,3,0,3,3,2,0,3,0,2,3,2,0,3,0,0,0,3,0,3,3,3,0,1,0,2,0,3,3,3,2,2,0,0,2,3,2,0,0,3,0,2,2,0,0,3,3,1,2,3,3,3,3,0,3,3,2,2,0,0,3,0,3,0,-1,0,2,2,2,2,2,0,0,2,2,3,3,2,0,0,2,0,3,3,0,2,0,3,0,3,0,3,2,3,3,2,2,0,2,3,0,0,0,3,2,3,0,0,2,3,3,3,3,2,0,0,2,0,0,0,2,0,3,3,3,2,2,2,2,3,3,0,3,3,3,0,2,0,2,3,0,0,3,0
MNG,0,0,0,0,2,0,2,0,0,0,0,0,0,0,0,2,0,0,0,0,3,0,2,3,0,0,0,0,0,0,0,3,3,1,0,0,0,0,2,2,0,3,0,0,0,2,3,0,0,0,3,0,0,0,0,2,0,0,0,3,2,0,0,0,2,0,2,0,0,0,0,0,3,0,0,3,0,3,1,0,2,0,0,3,0,0,0,0,3,2,3,2,0,0,0,0,3,0,0,0,2,0,1,2,0,0,0,3,0,0,0,2,2,0,2,0,0,0,2,0,-1,2,2,2,2,3,0,0,2,0,0,0,2,0,0,0,0,3,0,3,2,0,0,0,0,0,3,2,0,3,2,0,0,2,3,0,0,0,0,2,3,0,0,2,0,0,0,0,2,0,0,2,3,2,0,2,0,0,0,3,2,0,2,2,3,3,0,3,0,3,0,2,0,2,0,0,0,2,0
MOZ,0,3,0,0,0,0,0,0,0,0,0,0,0,3,0,2,0,0,0,0,0,0,2,0,0,0,0,3,0,0,0,0,0,1,0,0,0,0,2,2,0,2,0,0,0,2,3,0,0,0,3,0,0,0,0,2,0,0,0,3,2,0,0,2,2,3,2,0,0,3,0,0,3,0,0,3,0,3,1,0,2,0,0,0,0,3,0,0,0,2,0,2,0,0,0,0,0,0,0,0,2,0,1,2,0,0,0,2,0,0,0,2,2,0,0,0,0,0,0,0,0,-1,2,3,3,0,3,0,2,2,0,0,2,0,0,0,2,0,0,3,2,0,0,0,0,0,0,2,0,0,2,0,0,2,3,0,2,0,0,2,0,0,3,2,0,0,0,3,2,0,0,2,0,0,0,2,0,0,0,0,2,0,3,2,0,0,0,0,0,3,0,0,3,2,0,0,3,3,3
MRT,0,0,0,0,0,0,0,0,0,0,0,0,0,3,3,2,0,0,0,0,0,0,2,0,3,0,0,0,0,0,0,0,0,3,0,0,2,0,2,3,0,2,0,0,0,2,3,0,0,3,3,0,0,0,0,2,0,0,0,3,2,0,0,2,3,3,2,0,0,0,0,0,3,0,0,3,0,3,0,0,2,0,0,0,0,0,0,0,0,2,0,2,0,0,0,0,2,2,0,0,2,0,1,2,0,0,0,2,0,0,0,2,2,0,0,0,3,0,0,0,0,2,-1,2,2,3,0,3,2,2,0,0,2,0,0,0,0,0,0,3,2,0,0,0,0,0,0,2,0,0,2,0,0,3,3,0,3,0,0,2,0,0,0,2,0,0,0,0,2,3,3,0,0,0,0,2,0,0,3,0,2,0,0,2,0,0,0,0,0,3,0,0,0,2,0,0,0,0,0
MUS,0,3,3,3,2,0,0,3,0,3,2,0,3,3,0,0,3,0,3,3,0,3,2,0,3,0,0,3,0,0,3,3,3,1,0,2,0,0,2,2,3,2,3,3,3,2,3,3,3,0,3,0,0,3,3,2,3,3,3,3,3,3,3,3,2,3,2,0,3,3,0,0,3,0,3,3,3,3,1,0,2,0,3,3,3,3,2,3,0,3,0,2,3,3,3,0,2,0,0,0,3,3,1,3,3,3,3,3,0,3,3,2,2,0,2,3,0,3,2,3,0,3,2,-1,3,3,3,0,2,2,3,3,2,0,1,0,0,3,0,3,2,0,3,0,3,0,3,2,3,3,3,0,0,3,3,0,2,0,3,2,0,0,0,2,3,3,3,3,2,0,0,2,3,0,0,2,0,3,3,2,2,2,3,3,0,0,0,2,3,3,0,0,3,2,3,0,3,3,3
MWI,0,2,0,0,0,0,0,3,0,0,0,0,0,3,0,3,0,0,3,0,0,3,2,0,3,0,0,3,0,0,0,0,0,1,0,0,0,0,2,2,0,2,0,0,0,2,3,0,0,0,3,0,0,0,0,2,0,3,0,3,2,0,0,2,2,3,2,0,0,3,0,0,3,0,0,3,0,3,1,0,2,0,0,3,0,3,2,0,0,3,0,2,3,3,0,0,2,0,0,0,3,0,1,3,0,0,0,2,0,0,0,2,2,0,0,0,0,0,0,0,0,3,2,3,-1,3,3,0,2,2,0,0,2,0,0,0,0,0,0,3,2,0,0,0,0,0,3,2,0,0,2,0,0,2,3,0,2,0,0,2,0,0,0,2,0,0,0,3,2,0,0,2,0,0,0,2,0,3,0,0,2,0,3,3,0,0,0,0,0,3,0,0,3,2,3,0,3,3,3
MYS,0,0,3,3,3,3,2,3,1,3,2,0,3,0,0,2,3,2,3,3,3,3,2,3,3,3,0,3,0,0,3,3,0,1,0,0,0,0,2,2,3,3,3,3,3,2,3,3,3,3,3,2,0,3,3,2,3,3,3,3,2,3,3,0,2,3,2,0,3,3,3,3,3,3,3,3,3,3,1,3,3,0,3,0,3,3,2,3,3,3,3,3,3,3,3,2,3,2,0,0,2,3,1,3,3,3,3,3,3,3,3,2,2,3,2,3,0,3,2,3,3,2,2,3,3,-1,3,0,2,3,3,3,2,0,1,2,2,3,3,3,2,2,3,0,3,0,3,3,3,0,2,2,2,2,3,2,2,3,3,2,0,0,0,3,3,3,3,3,2,0,0,2,3,2,0,2,2,3,3,3,2,3,3,2,0,3,0,3,3,3,3,3,3,2,3,2,3,3,3
NAM,0,3,0,0,0,0,0,3,0,0,0,0,0,3,0,2,0,0,3,0,0,3,2,3,0,0,0,3,0,0,0,0,0,1,0,0,0,0,2,2,0,3,0,0,0,2,3,0,3,0,3,0,0,0,0,2,0,0,0,3,2,3,0,2,3,3,2,0,0,3,0,0,3,0,0,3,0,3,1,0,2,0,0,0,0,3,0,0,0,3,0,2,0,0,0,0,2,0,0,0,0,0,1,3,0,0,0,3,0,0,0,2,2,0,0,0,0,0,0,0,0,2,2,3,3,3,-1,0,2,2,0,0,2,0,0,0,0,3,0,3,2,0,0,0,0,0,0,2,0,0,2,0,0,2,3,0,2,0,0,2,0,0,0,2,0,0,0,3,2,0,0,2,0,0,0,2,0,3,3,2,2,0,3,2,0,0,0,0,0,3,0,0,3,2,3,0,3,3,3
NER,0,0,0,0,0,0,0,0,0,0,0,0,0,3,3,2,0,0,0,0,0,0,2,0,0,0,0,0,3,0,0,0,0,3,0,0,2,0,2,3,0,2,0,0,0,2,3,0,0,0,3,0,0,0,0,2,0,0,0,3,2,0,0,3,3,3,3,0,0,0,0,0,3,0,0,3,0,0,1,0,2,0,0,0,0,0,0,0,0,2,0,2,0,0,0,0,0,0,3,0,0,0,1,2,0,0,0,2,3,0,0,2,2,0,0,0,3,0,0,0,0,2,3,2,2,0,0,-1,3,2,0,0,2,0,0,0,0,0,0,3,2,0,0,0,0,0,0,2,0,0,2,0,0,3,3,0,3,0,0,2,0,0,0,2,0,0,0,0,2,0,3,3,0,0,0,2,0,0,3,0,2,0,0,2,0,0,0,0,0,3,0,0,0,2,0,0,0,0,0
NGA,0,0,0,0,0,0,0,0,0,0,0,0,0,3,3,0,0,0,0,0,0,0,2,0,3,0,0,0,0,0,0,0,0,3,3,0,0,0,2,3,0,0,0,0,0,2,3,0,0,0,0,0,0,0,0,2,0,3,0,3,2,0,0,3,3,3,3,0,0,0,0,0,0,0,0,3,0,0,0,0,2,0,0,0,0,0,0,0,0,2,0,2,0,3,0,0,0,2,3,0,0,0,0,2,0,0,0,0,0,0,0,2,2,0,0,0,3,0,0,0,0,2,2,2,2,0,2,3,-1,0,0,0,0,0,0,0,0,0,0,0,2,0,0,0,0,0,0,2,0,0,2,0,0,3,0,0,3,0,0,2,0,0,0,2,0,0,0,0,2,0,3,3,0,0,0,2,0,0,0,0,2,0,0,2,0,0,0,0,0,0,0,0,3,2,0,0,0,0,0
NIC,0,0,3,3,0,3,2,0,0,3,0,0,3,0,0,2,3,0,3,3,3,3,2,3,3,0,0,0,0,0,3,3,0,1,0,0,0,0,2,2,0,2,3,3,3,2,3,3,3,0,3,2,0,3,3,2,3,0,3,3,2,3,0,0,2,0,2,0,3,0,3,0,0,3,3,3,3,3,1,3,2,0,3,0,3,0,2,0,0,2,0,2,0,3,3,0,2,0,0,0,2,3,1,2,3,3,3,2,0,3,3,2,2,0,0,3,0,3,0,3,0,2,2,2,2,3,2,0,2,-1,3,3,2,0,0,0,0,3,0,3,2,0,3,0,3,3,3,2,3,3,2,0,0,2,3,0,0,3,3,2,0,0,0,2,3,3,3,0,2,0,0,2,0,0,0,2,0,3,0,3,2,3,2,2,0,3,0,2,3,3,3,0,0,2,3,0,0,2,2
NLD,0,2,3,3,3,3,3,3,1,3,2,0,3,0,2,2,3,2,3,3,3,3,3,3,3,3,0,3,0,1,3,3,0,1,0,0,0,3,2,3,3,2,3,3,3,2,3,3,3,0,3,2,0,3,3,2,3,3,3,3,2,3,3,0,2,3,2,0,3,3,3,3,3,3,3,3,3,3,1,3,2,0,3,3,3,3,2,3,3,2,3,2,3,3,3,2,2,2,0,0,3,3,1,3,3,3,3,3,3,3,3,2,2,3,3,3,0,3,2,3,2,2,2,3,2,3,3,0,2,3,-1,3,2,0,1,2,0,3,3,3,3,2,3,0,3,3,3,3,3,0,2,2,0,3,3,3,2,3,3,2,3,0,3,2,3,3,3,3,2,0,0,2,3,2,0,3,3,3,3,2,3,3,2,2,3,3,1,3,3,3,3,2,3,3,3,0,3,2,2
NOR,0,2,3,3,3,3,3,3,1,3,2,0,3,0,2,2,3,2,3,3,3,3,3,3,3,3,0,3,0,1,3,3,0,1,0,0,0,3,2,3,3,2,3,3,3,2,3,3,3,0,3,2,0,3,3,2,3,3,3,3,2,3,3,0,2,3,2,0,3,3,3,3,3,3,3,3,3,3,1,3,2,0,3,3,3,3,2,3,3,2,3,2,3,3,3,2,2,2,0,0,3,3,1,3,3,3,3,3,3,3,3,2,2,3,3,3,0,3,2,3,0,2,2,3,2,3,3,0,2,3,3,-1,2,0,1,2,0,3,3,3,2,2,3,0,3,3,3,3,3,0,2,2,0,2,3,3,2,3,3,2,3,0,3,2,3,3,3,3,2,0,0,2,3,2,0,3,3,3,3,2,3,3,2,2,3,3,1,3,3,3,3,3,3,2,3,0,3,2,2
NPL,0,0,0,0,0,0,0,0,0,0,2,0,0,0,0,2,0,0,0,0,0,0,2,0,0,0,0,0,0,0,0,0,0,1,0,0,0,0,2,2,0,0,0,0,0,2,3,0,0,0,0,2,0,0,0,2,0,0,0,3,2,0,0,0,2,3,2,0,0,0,0,0,0,0,0,3,0,3,3,0,2,0,0,0,0,0,0,0,0,2,0,2,0,0,0,0,2,0,0,0,0,0,1,2,0,0,0,0,0,0,0,2,2,0,0,0,0,0,2,0,0,2,2,2,2,2,0,0,2,0,0,0,-1,0,0,0,3,0,0,3,2,0,0,0,0,0,3,2,0,0,2,0,0,2,3,0,0,0,0,2,0,0,0,2,0,0,0,0,2,0,0,2,0,0,0,2,0,0,0,0,2,0,2,2,0,0,0,2,0,3,0,0,0,2,0,0,0,0,0
NRU,0,0,0,0,3,0,2,3,0,0,0,0,0,0,0,2,0,0,3,0,0,0,2,0,0,0,0,3,0,0,0,0,0,1,0,0,0,0,2,2,3,2,0,0,0,2,3,0,3,0,3,2,0,0,0,2,0,3,0,3,2,3,0,0,2,3,2,0,0,3,0,0,3,0,0,3,0,3,1,3,2,0,0,3,0,3,2,0,0,3,0,2,3,3,3,0,0,0,0,0,3,0,1,3,0,0,0,2,0,0,0,2,2,0,2,0,0,0,0,0,0,2,2,3,3,3,0,0,2,2,0,0,2,-1,0,0,0,3,3,0,2,2,0,0,0,0,3,2,0,3,2,0,0,2,3,2,2,0,0,2,0,0,0,2,0,0,0,3,2,0,0,2,2,0,0,2,2,3,0,0,2,3,3,2,0,0,0,2,0,3,0,2,3,2,3,0,0,2,3
NZL,0,2,3,3,3,3,3,3,3,3,2,0,3,0,2,2,3,2,3,3,3,3,3,3,3,3,0,3,0,1,3,3,0,1,0,0,0,3,2,2,3,2,3,3,3,2,3,3,3,0,3,2,0,3,3,2,3,3,3,3,2,3,3,0,2,3,2,0,3,3,3,3,3,3,3,3,3,3,1,3,2,0,3,3,3,3,2,3,3,2,3,2,3,3,3,2,2,2,0,0,3,3,1,3,3,3,3,3,3,3,3,2,2,3,2,3,0,3,2,3,0,2,2,3,2,3,3,0,2,3,3,3,2,0,-1,3,2,3,3,3,2,2,3,0,3,2,3,3,3,0,2,2,0,2,3,2,2,3,3,2,3,0,0,2,3,3,3,3,2,0,0,2,3,2,0,2,2,2,3,3,2,3,2,2,0,3,1,3,3,3,3,2,3,2,3,0,3,2,2
OMN,0,0,0,0,3,0,2,0,0,0,2,0,0,0,0,2,0,3,3,3,3,0,2,0,3,3,0,3,0,0,0,0,0,1,0,0,0,0,2,2,0,2,0,0,0,2,3,0,0,0,3,3,0,0,0,2,0,0,0,3,2,1,3,0,2,0,2,0,0,0,0,0,3,0,0,3,0,3,1,0,3,0,0,0,0,0,3,0,3,2,3,2,0,0,3,3,2,3,0,0,0,0,1,2,0,0,0,2,3,0,0,2,2,0,0,0,0,0,0,0,0,2,2,3,2,3,0,0,2,2,0,0,2,0,1,-1,2,0,0,3,2,0,0,0,0,2,3,3,0,0,2,3,0,2,3,0,2,0,0,2,3,0,0,2,0,0,0,0,2,3,0,2,3,2,0,2,0,0,3,2,2,2,2,2,0,0,0,2,0,3,0,0,3,2,3,2,0,0,0
PAK,0,0,0,0,0,0,0,0,0,0,2,0,0,0,0,0,0,0,0,0,0,0,2,0,0,0,0,0,0,0,0,0,0,1,0,0,0,0,2,2,0,0,0,0,0,2,3,0,0,0,0,0,0,0,0,2,0,0,0,3,2,0,0,0,2,3,2,0,0,0,0,0,0,0,0,3,0,0,0,0,0,0,0,0,0,0,0,0,0,2,0,2,0,0,0,0,0,0,0,0,0,0,0,2,0,0,0,0,0,0,0,2,2,0,0,0,0,0,2,0,0,2,2,0,2,2,0,0,2,0,0,0,2,0,0,0,-1,0,0,0,2,0,0,0,0,0,0,3,0,0,2,0,0,2,0,0,2,0,0,2,0,0,0,2,0,0,0,0,2,0,0,2,0,0,0,2,0,3,0,0,2,0,0,2,0,0,0,0,0,3,0,0,3,2,0,0,0,0,0
PAN,0,0,3,3,0,3,2,3,0,3,2,0,3,0,0,2,3,0,3,3,3,3,3,3,3,0,0,0,0,0,3,3,0,1,0,0,0,3,2,2,3,2,3,3,3,2,3,3,3,0,3,2,0,3,3,2,3,0,3,3,2,3,3,0,2,0,2,0,3,0,3,3,3,3,3,0,3,3,1,3,2,0,3,3,3,3,2,0,0,2,0,2,0,3,3,0,2,2,0,0,3,3,1,2,3,3,3,2,0,3,3,2,2,3,0,3,0,3,2,3,0,2,2,2,2,3,0,0,2,3,3,3,2,0,0,0,0,-1,3,3,2,0,3,0,3,3,3,3,3,3,2,0,0,2,3,0,0,3,3,2,0,0,0,2,3,3,3,0,2,0,0,2,0,0,0,2,0,3,0,3,2,2,2,2,3,3,0,2,3,3,0,2,0,2,3,0,3,2,2
PER,0,0,3,3,0,3,2,3,0,3,2,0,3,0,0,2,3,2,3,3,3,3,3,3,3,3,0,3,0,0,3,3,0,1,0,0,0,3,2,2,3,2,3,3,3,2,3,3,3,0,3,2,0,3,3,2,3,3,3,3,2,0,0,0,2,0,2,0,3,0,3,3,3,3,3,3,3,3,1,0,2,0,3,3,3,3,2,0,0,2,0,2,0,3,3,0,2,2,0,0,2,3,1,2,3,3,3,2,3,3,3,2,2,3,2,3,0,3,2,3,0,2,2,2,2,3,0,0,2,2,3,3,2,0,0,0,0,3,-1,3,2,2,3,0,3,3,3,3,3,3,2,0,0,2,3,0,0,0,3,2,3,0,0,2,3,3,3,0,2,0,0,2,3,0,0,2,0,3,0,3,2,2,2,2,0,3,0,2,3,3,0,2,3,2,0,0,3,2,2
PHL,0,0,0,0,0,0,2,0,0,0,0,0,0,0,0,0,0,0,0,0,0,0,3,3,3,3,0,0,0,0,0,0,0,3,0,0,0,3,2,2,3,0,0,0,0,2,3,0,0,0,3,0,0,0,0,2,0,3,0,3,2,0,0,0,2,3,2,0,0,0,0,0,3,0,0,3,0,3,1,0,2,0,0,3,0,0,0,0,3,2,2,3,0,0,0,0,3,0,0,0,2,0,1,2,0,0,0,3,3,0,0,2,2,0,2,0,0,0,3,0,3,2,2,2,2,3,0,0,2,2,0,0,2,0,0,0,0,0,3,-1,2,2,0,0,0,0,3,2,0,0,3,0,0,2,3,0,0,0,0,2,0,0,0,3,0,0,0,0,2,0,0,2,3,2,0,2,0,2,0,0,2,3,2,2,0,0,0,2,0,3,0,3,3,2,0,0,0,0,0
PLW,0,0,0,3,0,0,2,0,0,3,0,0,3,0,0,2,3,0,0,3,0,3,2,0,0,0,0,0,0,0,3,0,0,1,0,0,0,3,2,2,3,2,3,3,3,2,3,3,0,0,3,2,0,3,3,2,3,3,3,3,2,3,0,0,2,3,2,0,3,0,0,0,3,0,3,3,3,3,1,0,2,0,3,3,3,0,2,0,0,2,0,2,3,0,3,0,2,0,0,0,2,3,1,2,3,3,3,2,0,3,3,2,2,3,3,0,0,3,0,0,0,2,2,2,2,3,0,0,2,2,3,3,2,2,0,0,0,3,3,3,-1,2,3,0,3,0,3,2,3,3,2,0,0,2,3,2,0,0,3,2,0,0,0,2,3,3,3,0,2,0,0,2,0,0,0,2,2,0,0,0,2,3,2,2,0,0,3,2,3,3,0,2,3,2,3,0,0,0,2
PNG,0,0,0,0,0,0,2,3,0,0,0,0,0,0,0,3,0,0,3,0,0,3,2,0,0,0,0,3,0,1,0,0,0,1,0,0,0,3,2,2,0,2,0,0,0,2,3,0,3,0,3,2,0,0,0,2,0,3,0,3,2,3,0,0,2,3,2,0,0,3,0,0,3,0,0,3,0,3,1,0,2,0,0,3,0,3,0,0,0,3,0,2,0,3,0,0,2,0,0,0,2,0,1,3,0,0,0,2,0,0,0,2,2,0,2,0,0,0,0,0,0,2,2,3,2,3,0,0,2,2,0,0,2,2,0,0,0,3,3,3,2,-1,0,0,0,0,3,2,0,0,2,0,0,2,3,2,2,0,0,2,0,0,0,2,0,0,0,3,2,0,0,2,2,0,0,2,2,0,0,0,2,0,3,2,0,0,0,0,0,3,0,2,3,2,3,0,0,0,2
POL,0,2,3,3,3,3,3,3,1,3,2,0,3,0,2,2,3,2,3,3,3,3,3,3,3,3,0,3,0,1,3,3,0,1,0,0,0,3,2,3,3,2,3,3,3,2,3,3,3,0,3,2,0,3,3,2,3,3,3,3,2,3,3,0,2,3,2,0,3,3,3,0,3,3,3,3,3,3,1,3,2,0,3,3,3,3,2,3,3,2,3,2,3,3,3,2,2,2,0,0,3,3,1,2,3,3,3,3,3,3,3,2,2,3,3,3,0,3,2,3,0,2,2,3,2,3,2,0,2,3,3,3,2,0,1,2,0,3,3,3,3,2,-1,0,3,3,3,3,3,0,2,2,0,3,3,3,2,3,3,2,3,0,3,2,3,3,3,3,2,0,0,2,3,2,0,3,3,3,3,2,3,3,2,2,3,3,1,3,3,3,3,2,3,3,3,0,3,2,2
PRK,0,0,0,0,0,0,2,0,0,0,0,0,0,0,0,2,0,0,0,0,3,0,2,0,0,0,0,0,0,0,0,0,0,1,0,0,0,0,2,2,0,2,0,0,0,2,3,0,0,0,0,0,0,0,0,2,0,0,0,3,2,0,0,0,2,3,2,0,0,0,0,3,0,0,0,3,0,0,0,0,2,0,0,0,0,0,2,0,0,0,3,2,0,0,0,0,2,0,0,0,0,0,1,2,0,0,0,2,0,0,0,2,2,0,0,0,0,0,2,0,0,2,2,0,2,0,0,0,2,2,0,0,2,0,0,0,0,0,0,0,2,0,0,-1,0,0,3,2,0,0,2,0,0,2,0,0,0,0,0,2,0,0,0,2,0,0,0,0,2,0,0,2,0,0,0,2,0,0,0,0,2,0,2,2,0,0,0,0,0,3,0,0,0,2,0,0,0,0,0
PRT,0,2,3,3,3,3,3,3,1,3,2,0,3,0,2,2,3,2,3,3,3,3,3,3,3,3,0,3,0,1,3,3,0,1,0,0,0,3,2,3,3,2,3,3,3,2,3,3,3,0,3,2,0,3,3,2,3,3,3,3,2,3,3,0,2,3,2,0,3,3,3,3,3,3,3,3,3,3,1,3,2,0,3,3,3,3,2,3,3,2,3,2,3,3,3,2,2,2,0,0,3,3,1,3,3,3,3,3,3,3,3,2,2,3,3,3,0,3,2,3,2,2,2,3,2,3,3,0,2,3,3,3,2,0,1,2,0,3,3,3,3,2,3,0,-1,3,3,3,3,0,2,2,0,3,3,3,2,3,3,2,3,0,3,2,3,3,3,3,2,0,0,2,3,2,0,3,3,3,3,2,3,3,2,2,3,3,1,3,3,3,3,2,3,3,3,0,3,2,2
PRY,0,0,3,3,3,3,2,0,0,3,2,0,3,0,2,2,3,2,3,3,0,3,3,3,0,0,0,3,0,0,3,3,0,1,0,0,0,3,2,2,3,2,3,3,3,2,3,3,3,0,3,2,0,3,3,2,3,3,3,3,2,3,0,0,2,0,2,0,3,0,3,0,3,3,3,3,3,3,1,3,2,0,3,3,3,3,2,0,0,2,0,2,0,3,3,0,2,2,0,0,2,3,1,2,3,3,3,2,0,3,3,2,2,3,0,3,0,3,0,3,0,2,2,3,2,3,0,0,2,3,3,3,2,0,0,2,2,3,3,3,2,0,3,0,3,-1,3,3,3,3,2,0,0,2,3,0,0,3,3,2,3,0,0,2,3,3,3,0,2,0,0,2,0,0,0,2,0,0,0,3,2,3,2,2,3,3,0,2,3,3,3,0,0,2,3,0,3,2,2
PSE,0,0,0,0,0,0,0,0,0,0,0,0,0,0,0,2,0,0,0,0,0,0,3,0,0,0,0,0,0,0,0,0,0,1,0,0,0,0,2,2,0,2,0,0,0,2,3,0,0,0,3,0,0,0,0,2,0,0,0,3,2,0,0,0,2,0,2,0,0,0,0,0,0,0,0,0,0,3,1,0,2,0,0,0,0,0,3,0,0,0,0,2,0,0,0,0,2,0,0,0,2,0,1,2,0,0,0,2,0,0,0,2,2,0,0,0,0,0,0,0,0,2,2,0,2,3,0,0,2,3,0,0,0,0,0,0,0,0,0,0,2,0,0,0,0,0,-1,2,0,0,2,0,0,2,0,0,0,0,0,2,0,0,0,2,0,0,0,3,2,0,0,2,0,0,0,2,0,0,0,0,2,0,0,2,0,0,0,0,0,3,3,0,0,2,0,0,0,0,2
QAT,0,0,0,0,0,3,3,0,0,0,2,0,0,0,0,2,0,0,3,3,3,0,2,0,3,2,0,3,0,0,0,0,3,1,0,0,0,3,2,2,3,2,0,0,0,2,3,0,3,0,3,0,0,0,0,2,0,0,0,3,2,1,3,0,2,0,2,0,0,0,3,0,3,3,0,3,0,3,1,0,2,0,0,0,0,0,3,0,3,2,0,2,0,3,3,3,2,3,0,0,0,0,1,2,0,0,0,2,3,0,0,2,2,0,0,0,0,0,2,3,2,2,2,3,2,3,0,0,2,3,0,0,2,0,1,3,2,3,0,3,2,0,0,0,0,2,3,-1,0,0,2,0,3,2,3,0,2,3,0,2,3,0,3,2,0,0,0,3,2,3,0,2,3,2,0,2,0,0,3,3,2,2,2,2,3,0,0,2,0,3,0,2,3,2,3,2,3,0,0
ROU,0,2,3,3,3,3,3,3,1,3,2,0,3,0,0,2,3,2,3,3,3,3,2,3,3,3,0,3,0,1,3,3,0,1,0,0,0,3,2,3,3,2,3,3,3,2,3,3,3,0,3,2,0,3,3,2,3,3,3,3,2,3,3,0,2,3,2,0,3,3,3,0,3,3,3,3,3,3,1,3,2,0,3,3,3,2,2,3,3,2,2,2,3,3,3,2,2,2,0,0,3,3,1,2,3,3,3,3,3,3,3,2,2,3,3,3,0,3,2,3,2,2,2,3,2,3,2,0,2,3,3,3,2,0,1,2,0,3,3,3,3,2,3,0,3,3,3,3,-1,0,2,2,0,3,3,3,2,3,3,2,3,0,3,2,3,3,3,0,2,0,0,2,2,2,0,3,3,3,3,3,3,3,3,2,3,3,0,3,3,3,3,2,3,3,3,0,0,3,2
RUS,0,2,0,0,3,3,3,3,0,0,3,0,0,0,0,2,0,2,3,3,3,0,3,3,3,3,0,3,0,0,0,3,0,1,0,0,0,3,2,2,3,3,0,0,0,2,3,0,3,0,3,2,0,0,0,2,0,3,0,3,2,0,3,0,2,3,2,0,0,3,3,3,3,3,0,3,0,3,1,0,2,0,0,3,0,3,2,0,3,2,3,2,0,3,3,0,3,2,0,0,3,0,1,2,0,0,0,3,3,0,3,2,3,1,2,3,0,0,2,3,3,2,2,3,2,3,3,0,2,3,0,0,2,2,0,2,0,3,3,3,3,0,0,0,0,3,3,3,0,-1,2,2,0,2,0,0,2,3,0,2,3,0,3,0,0,0,0,3,2,0,0,2,3,3,0,2,2,3,3,3,2,3,2,2,3,3,0,3,0,3,3,3,3,3,0,0,3,2,2
RWA,0,3,0,0,0,0,0,0,0,0,0,3,0,3,0,2,0,0,0,0,0,0,2,0,3,0,0,0,3,0,0,0,0,1,0,3,2,0,2,2,0,2,0,0,0,2,3,0,0,0,3,0,0,0,0,2,0,0,0,3,2,0,0,3,3,3,2,0,0,3,0,0,0,0,0,3,0,3,1,0,2,0,0,0,0,0,2,0,0,3,0,2,0,0,0,0,2,0,0,0,0,0,1,2,0,0,0,2,0,0,0,2,2,0,0,0,2,0,0,0,0,2,2,3,2,0,2,0,2,2,0,0,2,0,0,0,2,0,0,3,2,0,0,0,0,0,3,2,0,0,-1,0,0,2,3,0,2,0,0,2,0,2,3,2,0,0,0,0,2,0,0,2,0,0,0,2,0,0,0,0,2,0,3,3,0,0,0,0,0,3,0,0,3,2,0,0,0,2,2
SAU,0,0,0,0,3,0,0,0,0,0,2,0,0,0,0,2,0,3,0,0,3,0,2,0,3,2,0,3,0,0,0,0,0,1,0,0,0,0,2,2,0,2,0,0,0,2,3,0,0,0,3,3,0,0,0,2,0,0,0,3,2,0,3,0,2,0,2,0,0,0,3,0,3,3,0,3,0,3,1,0,2,0,0,0,0,0,3,0,3,2,3,2,0,3,3,3,2,3,0,0,0,0,1,2,0,0,0,2,3,0,0,2,2,0,0,0,0,0,2,0,0,2,2,3,2,3,0,0,2,3,0,0,2,0,1,3,2,3,0,3,2,0,0,0,0,0,3,3,0,0,2,-1,0,2,0,0,2,3,0,2,0,0,0,2,0,0,0,0,2,3,0,2,2,2,0,2,0,0,3,2,2,2,2,2,0,0,0,2,0,3,0,0,3,2,3,2,3,0,0
SDN,0,0,0,0,0,0,0,0,0,0,0,0,0,3,0,2,0,0,0,0,0,0,2,0,0,0,0,0,0,0,0,0,0,1,0,0,0,0,2,2,0,0,0,0,0,2,3,0,0,0,3,0,2,0,0,2,0,0,0,3,2,0,0,3,2,3,2,0,0,0,0,0,0,0,0,3,0,0,0,0,2,0,0,0,0,0,0,0,0,2,0,2,0,0,0,0,0,2,0,0,2,0,0,2,0,0,0,2,0,0,0,2,2,0,0,0,0,0,0,0,0,2,2,0,2,3,0,0,2,0,0,0,2,0,0,0,0,0,0,0,2,0,0,0,0,0,0,2,0,0,2,0,-1,2,0,0,0,0,0,2,0,0,0,2,0,0,0,0,2,3,0,2,0,0,0,2,0,0,0,0,2,0,2,2,0,0,0,0,0,3,0,0,0,2,0,0,0,0,0
SEN,0,0,0,0,0,0,0,0,0,0,0,0,0,3,3,2,0,0,0,0,0,0,2,0,3,0,0,0,3,0,0,0,0,3,0,0,2,0,2,3,0,2,0,0,0,2,3,0,0,0,0,0,0,0,0,2,0,0,0,3,2,0,0,3,3,3,3,0,0,0,0,0,0,0,0,3,0,3,1,0,2,0,0,0,0,0,0,0,0,2,0,2,0,0,0,0,0,0,3,0,2,0,1,2,0,0,0,2,3,0,0,2,2,0,0,0,3,0,0,0,0,2,3,2,2,3,0,3,3,2,0,0,2,0,0,0,0,0,0,3,2,0,0,0,0,0,3,2,0,0,3,0,0,-1,3,0,3,0,0,2,0,0,0,2,0,0,0,0,2,0,3,3,0,0,0,2,0,0,3,0,2,0,0,2,0,0,0,2,0,3,0,0,0,2,0,0,0,0,2
SGP,0,3,3,3,3,3,3,3,1,3,2,0,3,0,3,2,3,2,3,3,3,3,2,3,3,3,0,3,0,1,3,3,3,3,0,0,0,3,2,3,3,3,3,3,3,3,3,3,3,0,3,2,0,3,3,2,3,3,3,3,2,3,3,3,3,3,2,0,3,3,3,0,3,3,3,3,3,3,1,3,2,0,3,3,3,3,2,3,3,3,3,3,3,3,3,2,3,2,0,0,3,3,2,3,3,3,3,3,3,3,3,2,2,3,2,3,0,3,3,3,3,2,2,3,2,3,3,0,2,3,3,3,2,0,1,2,2,3,3,3,2,2,3,0,3,3,3,3,3,0,3,2,0,3,-1,2,2,3,3,2,3,0,0,2,3,3,3,3,2,0,0,2,3,2,0,2,2,3,3,3,2,3,3,3,0,3,1,3,3,3,0,3,3,2,3,0,3,3,3
SLB,0,0,0,3,3,0,2,3,0,3,0,0,3,0,0,2,3,0,3,3,0,3,2,0,3,0,0,3,0,1,3,0,0,1,0,0,0,3,2,2,3,2,3,3,3,2,3,3,3,0,3,2,0,3,3,2,3,3,3,3,2,3,0,0,2,3,2,0,3,3,3,0,0,3,3,3,3,3,1,3,2,0,3,3,3,3,2,0,0,3,0,2,3,3,3,0,2,0,0,0,3,3,1,3,3,3,3,2,0,3,3,2,2,0,2,0,0,3,0,0,0,2,2,3,2,3,0,0,2,3,3,3,2,2,0,0,0,3,3,3,2,2,3,0,3,0,3,2,3,0,2,0,0,2,3,-1,2,3,3,2,0,0,0,2,3,3,3,3,2,0,0,2,0,0,0,2,2,3,0,0,2,2,3,3,0,0,0,2,3,3,0,2,3,2,3,0,0,3,3
SLE,0,0,0,0,0,0,0,0,0,0,0,0,0,3,3,3,0,0,3,0,0,3,2,0,3,0,0,3,0,0,0,0,0,3,0,0,0,0,2,3,0,0,0,0,0,2,3,0,0,0,3,0,0,0,0,2,0,3,0,3,2,0,0,3,3,3,3,0,0,3,0,0,0,0,0,3,0,0,1,0,2,0,0,0,0,3,0,0,0,3,0,2,3,3,0,0,0,0,3,0,2,0,0,3,0,0,0,2,0,0,0,2,2,0,0,0,3,0,0,0,0,2,2,3,2,3,2,3,3,0,0,0,2,0,0,0,0,0,0,0,2,0,0,0,0,0,0,2,0,0,2,0,0,3,3,0,-1,0,0,2,0,0,0,2,0,0,0,3,2,0,0,3,0,0,0,2,0,3,0,0,2,0,0,3,0,0,0,0,0,3,0,0,3,2,0,0,0,0,0
SLV,0,0,3,3,3,3,2,0,0,3,0,0,3,0,0,2,3,0,3,3,3,3,3,3,3,0,0,0,0,0,3,3,0,1,0,0,0,3,2,2,3,2,3,3,3,2,3,3,3,0,3,0,0,3,3,2,3,0,3,3,2,3,3,0,2,0,2,0,3,0,3,0,3,3,3,3,3,3,1,3,2,0,3,3,3,3,2,3,0,2,0,2,0,3,3,0,2,0,0,0,2,3,1,2,3,3,3,2,0,3,3,2,2,0,0,3,0,3,0,3,0,2,2,2,2,3,0,0,2,3,3,3,2,0,0,0,0,3,0,3,2,0,3,0,3,3,3,2,3,3,2,0,0,2,3,0,0,-1,3,2,0,0,0,2,3,3,3,0,2,0,0,2,0,0,0,2,0,3,0,3,2,0,2,2,0,3,0,2,3,3,0,0,0,2,3,0,0,2,2
SMR,0,0,3,3,3,3,3,3,1,3,2,0,3,0,0,2,3,2,3,3,3,0,2,3,3,0,0,3,0,1,3,3,3,1,0,0,0,3,2,3,3,2,3,3,3,2,3,3,3,0,3,2,0,3,3,2,3,0,3,3,2,3,3,0,2,3,2,0,3,3,3,0,3,3,3,3,3,3,1,3,2,0,3,3,3,3,2,3,0,3,3,2,0,0,3,2,2,2,0,0,3,3,1,3,3,3,3,3,3,3,3,2,2,3,0,3,0,3,0,3,0,2,2,3,2,3,0,0,2,3,3,3,2,0,1,2,0,3,3,3,2,2,3,0,3,0,3,3,3,0,2,2,0,2,3,2,0,3,-1,2,3,0,3,2,3,3,3,3,2,0,0,2,3,0,0,2,0,0,3,3,2,3,2,2,3,3,1,3,3,3,3,2,3,2,3,0,3,2,2
SOM,0,0,0,0,0,0,0,0,0,0,0,0,0,3,2,2,0,0,0,0,0,0,2,0,0,0,0,0,0,0,0,0,0,1,0,0,0,0,2,2,0,0,0,0,0,2,3,0,0,0,0,0,0,0,0,2,0,0,0,3,2,0,0,2,2,3,2,0,0,0,0,0,0,0,0,3,0,0,0,0,0,0,0,0,0,0,0,0,0,0,0,2,0,0,0,0,2,2,0,0,0,0,1,2,0,0,0,2,0,0,0,2,2,0,0,0,0,0,0,0,0,2,2,0,2,3,0,0,2,0,0,0,0,0,0,0,0,0,0,0,2,0,0,0,0,0,3,2,0,0,2,0,0,2,0,0,0,0,0,-1,0,0,0,2,0,0,0,0,2,0,0,2,0,0,0,2,0,0,0,0,2,0,0,0,0,0,0,0,0,3,0,0,0,2,0,0,0,0,0
SRB,0,0,3,3,3,3,2,0,0,3,2,0,3,0,0,2,3,0,0,3,3,0,2,3,3,0,0,0,0,0,3,3,3,1,0,0,0,3,2,2,3,3,3,3,3,2,3,3,3,0,3,2,0,3,3,2,3,3,3,3,2,0,3,0,2,3,2,0,3,0,0,0,3,0,3,3,3,3,1,0,2,0,3,3,3,2,2,3,3,2,3,2,0,0,3,2,2,2,0,0,0,3,1,2,3,3,3,3,0,3,3,2,2,0,0,3,0,3,2,3,3,2,2,2,2,2,0,0,2,2,3,3,2,0,0,2,0,3,3,0,2,0,3,0,3,0,3,2,3,3,2,0,0,2,3,0,0,0,3,2,-1,0,0,3,3,3,3,3,2,0,0,2,0,0,0,2,0,3,3,3,2,0,2,2,3,3,0,3,3,3,0,2,3,2,3,0,0,3,2
SSD,0,0,0,0,0,0,0,0,0,0,0,3,0,3,0,2,0,0,0,0,0,0,2,0,0,0,0,3,0,0,0,0,0,1,0,0,0,0,2,2,0,2,0,0,0,2,3,0,0,0,3,2,0,0,0,2,0,0,0,3,2,0,0,2,2,3,2,0,0,0,0,0,0,0,0,3,0,0,0,0,2,0,0,0,0,0,0,0,0,2,0,2,0,0,0,0,2,0,0,0,0,0,1,2,0,0,0,2,0,0,0,2,2,0,0,0,0,0,0,0,0,2,2,0,2,3,0,0,2,0,0,0,2,0,0,0,0,0,0,0,2,0,0,0,0,0,3,2,0,0,3,0,0,2,3,0,0,0,0,2,0,-1,0,2,0,0,0,0,2,0,0,2,0,0,0,2,0,0,0,0,2,0,2,2,0,0,0,0,0,3,0,0,0,2,0,0,0,0,0
STP,0,2,0,0,0,0,0,0,0,0,0,0,0,3,2,2,0,0,3,0,0,0,2,0,0,0,0,0,0,0,0,0,0,1,0,0,0,0,2,2,3,2,0,0,0,2,3,0,0,0,3,2,0,0,0,2,0,0,0,3,2,0,0,2,2,3,2,0,0,0,3,0,3,3,0,3,0,3,0,0,2,0,0,0,0,0,2,0,0,2,0,2,0,0,0,0,2,0,0,0,2,0,1,2,0,0,0,2,0,0,0,2,2,0,0,0,0,0,0,0,0,2,2,2,2,3,2,0,2,3,0,0,2,0,0,0,0,3,0,3,2,0,0,0,0,0,3,2,0,0,3,0,0,2,3,0,0,3,0,2,0,0,-1,2,0,0,0,0,2,0,0,2,0,0,0,2,0,0,0,0,2,0,2,2,0,0,0,0,0,3,0,0,0,2,3,0,3,2,2
SUR,0,0,0,0,0,3,2,3,0,0,0,0,0,0,0,2,0,2,3,0,0,3,2,3,3,0,0,0,0,0,0,0,0,1,0,0,0,3,2,2,3,2,0,0,0,2,3,0,3,0,3,2,0,0,0,2,0,0,0,3,2,0,0,0,2,3,2,0,0,3,0,3,3,0,0,3,0,3,1,0,2,0,0,3,0,3,2,3,0,2,0,2,0,3,3,0,0,0,0,0,3,0,1,2,0,0,0,2,0,0,0,2,2,0,0,0,0,0,0,0,0,2,2,3,2,3,0,0,2,2,0,0,2,0,0,2,0,0,3,3,2,0,0,0,0,0,3,3,0,3,2,0,0,2,3,0,0,0,0,2,3,0,0,-1,0,0,0,0,2,0,0,2,0,0,0,2,0,3,0,2,2,0,2,2,0,0,0,2,0,3,0,0,0,2,0,0,0,2,2
SVK,0,2,3,3,3,3,3,3,1,3,2,0,3,0,2,2,3,2,3,3,3,3,3,3,3,3,0,3,0,1,3,3,0,1,0,0,0,3,2,3,3,2,3,3,3,2,3,3,3,0,3,2,0,3,3,2,3,3,3,3,2,3,3,0,2,3,2,0,3,3,3,0,3,3,3,3,3,3,1,3,2,0,3,3,3,3,2,3,3,2,3,2,3,3,3,2,2,2,0,0,3,3,1,2,3,3,3,3,3,3,3,2,2,3,3,3,0,3,2,3,2,2,2,3,2,3,2,0,2,3,3,3,2,0,1,2,0,3,3,3,3,2,3,0,3,3,3,3,3,0,2,2,0,3,3,3,2,3,3,2,3,0,3,2,-1,3,3,3,2,0,0,2,3,2,0,3,3,3,3,3,3,3,2,2,3,3,1,3,3,3,3,2,3,3,3,0,0,2,2
SVN,0,2,3,3,3,3,3,3,1,3,2,0,3,0,2,2,3,2,3,3,3,3,3,3,3,3,0,3,0,1,3,3,0,1,0,0,0,3,2,3,3,2,3,3,3,2,3,3,3,0,3,2,0,3,3,2,3,3,3,3,2,3,3,0,2,3,2,0,3,3,3,0,3,3,3,3,3,3,1,3,2,0,3,3,3,3,2,3,3,2,3,2,3,3,3,2,2,2,0,0,3,3,1,2,3,3,3,3,3,3,3,2,2,3,3,3,0,3,2,3,2,2,2,3,2,3,0,0,2,3,3,3,2,0,1,2,0,3,3,3,3,2,3,0,3,3,3,3,3,0,2,2,0,3,3,3,2,3,3,2,3,0,3,2,3,-1,3,3,2,0,0,2,3,2,0,3,3,3,3,3,3,3,2,2,3,3,1,3,3,3,3,2,3,3,3,0,0,2,2
SWE,0,2,3,3,3,3,3,3,1,3,2,0,3,0,2,2,3,2,3,3,3,3,3,3,3,3,0,3,0,1,3,3,0,1,0,0,0,3,2,3,3,2,3,3,3,2,3,3,3,0,3,2,0,3,3,2,3,3,3,3,2,3,3,0,2,3,2,0,3,3,3,3,3,3,3,3,3,3,1,3,2,0,3,3,3,3,2,3,3,2,3,2,3,3,3,2,2,2,0,0,3,3,1,3,3,3,3,3,3,3,3,2,2,3,3,3,0,3,2,3,0,2,2,3,2,3,3,0,2,3,3,3,2,0,1,2,0,3,3,3,3,2,3,0,3,3,3,3,3,0,2,2,0,3,3,3,2,3,3,2,3,0,3,2,3,3,-1,3,2,0,0,2,3,2,0,3,3,3,3,3,3,3,2,2,3,3,1,3,3,3,3,3,3,3,3,0,3,2,2
SWZ,0,2,0,0,0,0,0,3,0,0,0,0,0,3,0,2,0,0,3,0,0,3,2,0,3,0,0,3,0,0,0,0,0,1,0,0,0,0,2,2,0,2,0,0,0,2,3,0,0,0,3,0,0,0,0,2,0,3,0,3,2,0,0,3,2,3,2,0,0,3,0,3,3,0,0,3,0,3,1,3,2,0,0,3,0,3,2,0,0,3,0,2,0,3,3,2,0,0,0,0,3,0,1,3,0,0,0,2,0,0,0,2,2,0,0,0,0,0,0,0,0,3,2,3,3,3,3,0,2,2,0,0,0,0,0,0,0,0,0,3,2,0,0,0,0,0,3,2,0,0,2,0,0,2,3,0,2,0,0,2,0,0,0,2,0,0,0,-1,2,0,0,2,0,0,0,2,0,3,0,0,2,3,3,3,0,0,0,0,0,3,0,0,3,2,3,0,3,3,3
SYC,0,3,3,3,3,0,0,3,0,3,2,0,3,3,0,3,3,0,3,3,3,3,2,3,3,0,0,3,0,0,3,0,3,3,0,0,0,0,2,2,3,2,3,3,3,2,3,3,3,3,3,2,0,3,3,2,3,3,3,3,2,3,3,3,2,3,2,0,3,3,0,0,3,0,3,3,3,3,1,3,2,0,3,0,3,3,2,0,0,3,0,2,3,3,3,0,2,0,0,0,3,3,2,3,3,3,3,3,0,3,3,2,2,0,2,3,0,3,0,3,0,2,2,3,3,3,3,0,3,2,3,3,2,0,1,2,0,3,0,3,2,0,3,0,3,0,3,3,3,3,3,0,0,2,3,0,2,0,3,2,3,0,0,2,3,3,3,3,-1,0,0,2,0,0,0,2,2,3,3,3,2,0,3,3,0,3,0,2,3,3,0,0,3,2,3,0,3,3,3
SYR,0,0,0,0,0,0,0,0,0,0,0,0,0,0,0,2,0,0,0,0,0,0,2,0,0,0,0,0,0,0,0,0,0,1,0,0,0,0,2,2,0,2,0,0,0,2,3,0,0,0,0,0,0,0,0,2,0,0,0,3,2,0,0,0,2,0,2,0,0,0,0,0,0,0,0,3,0,0,0,0,3,0,0,0,0,0,0,0,0,0,0,2,0,0,0,0,0,2,0,0,0,0,0,2,0,0,0,2,0,0,0,2,2,0,0,0,0,0,0,0,0,2,0,0,2,3,0,0,2,0,0,0,0,0,0,0,0,0,0,0,2,0,0,0,0,0,3,2,0,0,2,0,3,2,0,0,0,0,0,2,0,0,0,2,0,0,0,0,2,-1,0,2,0,0,0,2,0,0,0,0,2,0,0,2,0,0,0,0,0,0,0,0,0,2,0,2,0,0,0
TCD,0,0,0,0,0,0,0,0,0,0,0,0,0,3,2,2,0,0,0,0,0,0,2,0,0,0,0,0,3,0,0,0,0,3,3,0,3,0,2,2,0,2,0,0,0,2,3,0,0,0,3,0,0,0,0,2,0,0,0,3,2,0,0,2,2,3,2,0,0,0,0,0,3,0,0,3,0,3,0,0,2,0,0,0,0,0,0,0,0,2,0,2,0,0,0,0,2,0,0,0,0,0,1,2,0,0,0,2,0,0,0,2,2,0,0,0,3,0,0,0,0,2,2,3,2,3,2,3,3,2,0,0,2,0,0,0,0,0,0,3,2,0,0,0,0,0,0,2,0,0,3,0,0,3,3,0,0,0,0,2,0,0,0,2,0,0,0,0,2,0,-1,2,0,0,0,2,0,0,0,0,2,0,0,2,0,0,0,0,0,3,0,0,0,2,0,0,0,0,0
TGO,0,0,0,0,0,0,0,0,0,0,0,0,0,3,3,2,0,0,0,0,0,0,2,0,0,0,0,0,0,0,0,0,0,3,0,0,2,0,2,3,0,2,0,0,0,2,3,0,0,0,3,0,0,0,0,2,0,0,0,3,2,0,0,3,3,3,3,0,0,0,0,0,0,0,0,3,0,3,0,0,2,0,0,0,0,0,0,0,0,2,0,2,0,0,0,0,2,0,3,0,2,0,1,2,0,0,0,2,0,0,0,2,2,0,0,0,3,0,0,0,0,2,2,2,2,3,2,3,3,2,0,0,2,0,0,0,0,0,0,3,2,0,0,0,0,0,0,2,0,0,2,0,0,3,3,0,3,0,0,2,0,0,0,2,0,0,0,0,2,0,3,-1,0,0,0,2,0,0,0,0,2,0,2,2,0,0,0,0,0,3,0,0,0,2,0,0,0,0,0
THA,0,0,0,0,0,3,2,0,0,0,2,0,0,0,0,0,0,2,0,0,0,0,2,3,3,3,0,0,0,0,0,3,0,1,0,0,0,0,2,2,0,2,0,0,0,2,3,0,3,0,3,0,0,0,0,2,0,3,0,3,2,0,3,0,2,0,2,0,0,0,0,0,3,0,0,3,0,3,1,0,2,0,0,0,0,0,2,3,3,2,2,3,0,0,3,0,3,0,0,0,2,0,1,2,0,0,0,3,0,0,0,2,2,0,2,0,0,0,3,0,3,2,2,2,2,3,2,0,2,2,0,0,2,0,0,2,2,3,3,3,2,2,0,0,0,0,3,3,0,3,2,0,0,2,3,2,2,0,0,2,0,0,0,2,0,0,0,0,2,0,0,2,-1,2,0,2,0,0,0,3,2,3,2,2,0,0,0,2,0,3,0,3,3,2,0,0,3,2,0
TJK,0,0,0,0,0,0,3,3,0,0,3,0,0,0,0,2,0,0,0,0,3,0,2,0,3,0,0,0,0,0,0,0,0,1,0,0,0,0,2,2,0,2,0,0,0,2,3,0,0,0,3,0,0,0,0,2,0,0,0,3,2,0,3,0,2,3,2,0,0,0,0,0,0,0,0,3,0,3,1,0,2,0,0,0,0,2,2,0,3,0,3,2,0,0,0,0,2,2,0,0,0,0,1,2,0,0,0,2,0,0,3,2,2,0,2,0,0,0,0,0,0,2,2,2,2,3,3,0,2,2,0,0,2,0,0,0,2,0,0,3,2,0,0,0,0,0,3,2,0,3,2,0,0,2,0,0,2,0,0,2,0,0,0,2,0,0,0,0,2,0,0,2,0,-1,0,2,0,0,0,3,2,0,0,2,3,0,0,3,0,3,0,0,0,2,0,0,0,0,2
TKM,0,0,0,0,0,0,2,3,0,0,2,0,0,0,0,2,0,0,0,0,0,0,2,0,3,0,0,0,0,0,0,0,0,1,0,0,0,0,2,2,0,2,0,0,0,2,3,0,0,0,3,0,0,0,0,2,0,0,0,3,2,0,3,0,2,3,2,0,0,0,0,0,0,0,0,3,0,3,0,0,2,0,0,0,0,2,2,0,0,2,0,2,0,0,0,0,2,2,0,0,0,0,1,2,0,0,0,2,0,0,0,2,2,0,2,0,0,0,0,0,0,2,2,2,2,3,3,0,2,2,0,0,2,0,0,0,0,0,0,3,2,0,0,0,0,0,3,2,0,0,2,0,0,2,0,0,2,0,0,2,0,0,0,2,0,0,0,0,2,0,0,2,0,2,-1,2,0,0,0,3,2,0,0,2,0,0,0,0,0,3,0,0,0,2,0,0,0,0,2
TLS,0,2,0,3,0,0,2,0,0,3,0,0,3,0,0,2,3,0,0,3,0,0,2,0,3,0,0,0,0,0,3,0,0,1,0,0,0,0,2,2,0,2,3,3,3,2,3,3,0,0,3,2,0,3,3,2,3,0,3,3,2,3,0,0,2,3,2,0,3,0,0,0,3,0,3,3,3,3,1,0,2,0,3,0,3,0,2,0,0,2,0,2,0,0,0,0,2,0,0,0,2,3,1,2,3,3,3,2,0,3,3,2,2,0,0,0,0,3,0,3,0,2,2,2,2,3,0,0,2,0,3,3,2,0,0,0,0,0,0,0,2,0,3,0,3,0,3,2,3,0,2,0,0,2,3,0,2,0,3,2,0,0,3,2,3,3,3,3,2,0,0,2,0,0,0,-1,0,0,0,2,2,0,2,2,0,0,0,0,3,3,0,2,0,2,3,0,0,0,0
TON,0,0,0,3,0,0,2,0,0,3,0,0,3,0,0,3,3,0,3,3,0,3,2,0,3,0,0,3,0,0,3,3,3,1,0,0,0,0,2,2,3,2,3,3,3,2,3,3,3,0,3,2,0,3,3,2,3,3,3,3,2,3,0,0,2,3,2,0,3,3,0,0,3,0,3,3,3,3,1,3,2,0,3,3,3,3,2,0,0,3,0,2,3,3,3,0,0,0,0,0,3,3,1,3,3,3,3,2,0,3,3,2,2,0,2,0,0,3,0,0,0,2,2,3,2,3,0,0,2,2,3,3,2,2,0,0,3,3,3,0,2,2,3,0,3,0,3,2,3,0,2,0,0,2,3,2,2,0,3,2,0,0,0,2,3,3,3,3,2,0,0,2,0,0,0,2,-1,3,0,0,2,0,3,3,0,0,0,2,3,3,0,0,3,2,3,0,0,3,3
TTO,0,0,3,3,0,3,2,3,0,3,2,0,3,0,0,2,3,0,3,3,0,3,2,3,3,0,0,3,0,0,3,3,0,1,0,0,0,3,2,2,3,2,3,3,3,2,3,3,3,0,3,2,0,3,3,2,3,3,3,3,2,3,0,3,2,3,2,0,3,3,3,3,3,3,3,3,3,3,1,3,2,0,3,3,3,3,2,0,0,3,0,2,3,3,3,0,2,0,0,0,3,3,1,3,3,3,3,2,0,3,3,2,2,3,0,0,0,3,0,3,0,2,2,3,3,3,0,0,2,3,3,3,2,0,0,0,3,3,3,3,2,0,3,0,3,0,3,2,3,0,2,0,0,2,3,2,2,3,3,2,3,0,0,3,3,3,3,3,2,0,0,2,0,0,0,2,0,-1,0,3,2,0,3,2,0,3,0,2,3,3,3,0,3,2,3,0,3,3,3
TUN,0,0,0,0,0,0,0,0,0,0,0,0,0,3,2,2,0,0,0,0,0,3,2,3,3,0,0,0,0,0,0,0,0,3,0,0,0,0,2,2,0,2,0,0,0,2,3,0,0,3,3,0,0,0,0,2,0,3,0,3,3,0,0,2,3,3,2,0,0,0,0,0,3,0,0,3,0,3,0,0,2,0,0,0,0,0,2,3,0,2,0,2,3,0,3,0,2,2,0,3,0,0,1,2,0,0,0,2,3,0,0,2,2,0,0,0,3,0,0,0,0,2,3,3,2,3,2,3,2,2,0,0,2,0,0,0,2,0,0,3,2,0,0,0,0,0,3,2,0,0,2,0,0,3,0,0,0,0,0,2,3,0,0,2,0,0,0,0,2,3,0,2,0,2,0,2,0,0,-1,3,2,0,2,2,0,0,0,2,0,3,0,0,3,2,0,0,3,0,0
TUR,0,0,3,0,0,3,2,3,0,0,3,0,0,0,0,2,0,2,3,3,3,3,3,3,3,3,0,3,0,0,0,3,0,1,0,0,0,3,2,2,3,2,0,0,0,2,3,0,3,0,3,0,0,0,0,2,0,3,0,3,2,0,3,0,2,3,2,0,0,0,3,0,3,3,0,3,0,3,0,0,3,3,0,0,0,3,3,3,3,2,3,2,0,3,3,2,2,2,0,2,3,0,1,2,0,0,0,3,3,0,3,2,2,1,2,3,0,0,2,3,3,2,2,3,2,3,2,0,2,3,0,0,2,0,0,2,2,3,3,3,2,0,0,0,0,3,3,3,0,0,2,0,2,2,3,0,2,3,0,2,3,0,3,2,0,0,0,3,2,0,0,2,3,2,0,2,2,3,3,-1,2,2,2,2,3,3,0,3,0,3,3,0,3,2,3,0,3,2,2
TUV,0,0,0,3,0,0,2,3,0,3,0,0,3,0,0,2,3,0,3,3,0,3,2,0,3,0,0,3,0,0,3,0,0,1,0,0,0,0,2,2,3,2,3,3,3,2,3,3,3,0,3,2,0,3,3,2,3,3,3,3,2,3,0,0,2,3,2,0,3,3,3,0,3,3,3,3,3,3,1,3,2,0,3,0,3,3,2,0,0,3,0,2,3,3,3,0,2,0,0,0,3,3,1,3,3,3,3,2,0,3,0,2,2,0,2,0,0,3,0,0,0,2,2,3,3,3,0,0,2,3,3,3,2,2,0,0,0,3,3,2,2,2,3,0,3,0,3,2,3,0,2,0,0,2,3,2,2,3,3,2,0,0,0,2,3,3,3,3,2,0,0,2,0,0,0,2,2,3,0,0,-1,3,3,2,0,0,0,0,3,3,0,0,3,2,3,0,0,3,3
TWN,0,0,3,3,0,0,2,3,1,3,0,0,3,0,2,2,3,0,0,3,0,3,2,0,0,2,0,0,0,1,3,3,2,1,0,0,0,3,2,2,3,2,3,3,3,2,3,3,3,0,3,2,0,3,3,2,3,3,3,3,2,3,0,0,2,3,2,0,3,0,3,0,1,3,3,3,3,3,1,3,2,0,3,3,3,2,2,3,0,2,0,2,3,3,3,0,2,0,0,0,3,3,1,2,3,3,3,3,0,3,0,2,2,0,3,3,0,3,2,3,0,2,2,2,2,3,0,0,2,3,3,3,2,2,1,2,0,3,3,1,2,2,3,0,3,3,3,2,3,0,2,2,0,2,3,2,0,0,3,2,0,0,0,2,3,3,3,3,2,0,0,2,2,0,0,2,0,0,0,2,3,-1,2,2,0,0,1,0,3,3,0,0,3,2,3,0,0,0,0
TZA,0,0,0,0,0,0,0,3,0,0,0,3,0,3,0,3,0,0,3,0,0,3,2,0,3,0,0,3,0,0,0,0,0,1,0,2,0,0,2,2,0,2,0,0,0,2,3,0,0,0,3,0,0,0,0,2,0,3,0,3,2,0,0,3,3,3,2,0,0,3,0,0,3,0,0,3,0,3,1,0,2,0,0,0,0,3,0,0,0,3,0,2,0,3,0,0,2,0,0,0,3,0,1,3,0,0,0,3,0,0,0,2,2,0,0,0,0,0,0,0,0,3,2,3,3,3,3,0,2,2,0,0,2,0,0,0,2,0,0,3,2,0,0,0,0,0,0,2,0,0,3,0,0,2,3,0,2,0,0,2,0,2,0,2,0,0,0,3,2,0,0,2,0,0,0,2,0,0,0,0,2,0,-1,3,0,0,0,0,0,3,0,0,3,2,0,0,3,3,3
UGA,0,0,0,0,0,0,0,3,0,0,0,3,0,3,0,2,0,0,3,0,0,3,2,0,3,0,0,3,0,0,0,0,0,1,0,0,0,0,2,2,0,2,0,0,0,2,3,0,0,0,3,0,3,0,0,2,0,3,0,3,2,0,0,3,2,3,2,0,0,3,0,0,3,0,0,3,0,3,1,0,2,0,0,0,0,3,0,0,0,3,0,2,0,3,0,0,2,0,0,0,2,0,0,3,0,0,0,2,0,0,0,2,2,0,0,0,0,0,2,0,0,2,2,3,3,3,2,0,2,2,0,0,2,0,0,0,0,0,0,3,2,0,0,0,0,0,0,2,0,0,3,0,0,2,3,0,2,0,0,2,0,2,0,2,0,0,0,3,2,0,0,2,0,0,0,2,0,0,0,0,2,0,3,-1,0,0,0,0,0,3,0,0,3,2,0,0,0,3,3
UKR,0,0,3,3,3,3,3,3,0,3,3,0,3,0,0,2,3,2,0,3,3,0,2,3,3,3,0,0,0,0,3,3,0,1,0,0,0,0,2,2,3,2,3,3,3,2,3,3,3,0,3,2,0,3,3,2,3,3,3,3,2,0,3,0,2,3,2,0,3,0,3,0,3,3,3,3,3,3,1,0,2,0,3,3,3,3,2,0,3,2,3,2,0,3,0,2,2,2,0,0,0,3,1,2,3,3,3,2,0,3,3,2,2,1,2,3,0,3,2,3,3,2,2,3,2,3,3,0,2,3,3,3,2,0,0,2,0,3,3,0,2,0,3,0,3,3,3,3,3,3,2,2,0,2,0,0,2,3,3,2,3,0,0,2,3,3,3,3,2,0,0,2,3,3,0,2,2,0,0,3,2,0,2,2,-1,3,0,3,3,3,0,0,3,2,0,0,0,2,2
URY,0,2,3,3,3,3,3,0,0,3,0,0,3,0,0,2,3,2,3,3,3,3,3,3,3,0,0,3,0,0,3,3,0,1,0,0,0,3,2,2,3,2,3,3,3,2,3,3,3,0,3,2,0,3,3,2,3,3,3,3,2,3,3,0,2,0,2,0,3,0,3,3,3,3,3,3,3,3,1,3,2,0,3,3,3,3,2,3,0,2,0,2,0,3,3,0,2,2,0,0,3,3,1,2,3,3,3,3,0,3,3,2,2,3,2,3,0,3,2,3,3,2,2,2,2,3,0,0,2,3,3,3,2,0,1,2,0,3,3,3,2,2,3,0,3,3,3,3,3,3,2,0,0,2,3,0,0,3,3,2,3,0,0,2,3,3,3,3,2,0,0,2,0,0,0,2,0,3,0,3,2,0,2,2,3,-1,0,2,3,3,3,2,3,2,3,0,3,2,2
USA,0,2,3,3,3,3,3,3,1,3,2,0,3,0,2,2,3,2,3,3,3,3,2,3,3,3,0,3,3,3,3,3,0,1,0,0,0,3,2,2,3,2,3,3,3,2,3,3,3,0,3,2,0,3,3,2,3,3,3,3,2,3,3,0,2,2,2,3,3,3,3,3,3,3,3,3,3,3,1,3,0,0,3,3,3,3,2,3,3,2,3,2,3,3,3,2,2,2,0,0,3,3,1,3,3,3,3,3,3,3,3,2,2,3,3,3,0,3,2,3,3,2,2,3,2,3,3,0,2,3,3,3,2,0,1,2,0,3,3,3,3,2,3,0,3,2,3,3,3,0,2,2,0,3,3,2,2,3,3,2,3,0,3,2,3,3,3,3,2,0,0,2,3,2,0,2,2,3,3,2,2,3,2,2,3,3,-1,2,3,3,0,2,3,2,3,0,3,2,2
UZB,0,0,0,0,0,0,3,3,0,0,3,0,0,0,0,0,0,0,0,0,3,0,2,0,3,0,0,0,0,0,0,0,0,1,0,0,0,0,2,2,0,2,0,0,0,2,3,0,0,0,3,0,0,0,0,2,0,0,0,3,2,0,3,0,2,3,2,0,0,0,0,0,0,0,0,3,0,3,1,0,2,0,0,0,0,2,2,0,3,2,3,2,0,0,0,0,2,2,0,0,0,0,1,2,0,0,0,2,0,0,3,2,2,0,0,0,0,0,2,0,0,2,2,2,2,3,3,0,2,2,0,0,2,0,0,0,0,0,0,3,2,0,0,0,0,0,3,2,0,3,2,0,0,2,0,0,2,0,0,2,0,0,0,2,0,0,0,0,2,0,0,2,2,3,0,2,0,0,0,3,2,0,0,2,3,0,0,-1,0,3,0,0,0,2,0,0,0,0,2
VAT,0,2,3,3,3,3,3,3,1,3,2,0,3,0,0,2,3,2,3,3,3,3,3,3,0,0,0,3,0,1,3,3,0,1,0,0,0,3,2,3,3,2,3,3,3,2,3,3,3,0,3,2,0,3,3,2,3,3,3,3,2,3,3,0,2,3,2,0,3,3,3,0,3,3,3,3,3,3,1,3,2,0,3,3,3,0,2,0,3,2,3,2,0,3,3,2,2,0,0,0,0,3,1,2,3,3,3,2,0,3,3,2,2,0,2,3,0,3,0,3,0,2,2,3,2,3,0,0,2,3,3,3,2,0,1,2,0,3,3,3,2,2,3,0,3,0,3,3,3,0,2,0,0,2,3,0,0,3,3,2,3,0,3,2,3,3,3,3,2,0,0,2,0,2,0,2,0,0,3,3,2,3,2,2,3,3,0,3,-1,3,0,0,3,2,3,0,0,2,2
VCT,0,0,0,3,3,3,2,3,0,3,0,0,3,0,0,2,3,0,3,3,3,3,2,3,3,0,0,3,0,0,3,3,0,1,0,0,0,3,2,2,3,3,3,3,3,2,3,3,3,0,3,2,0,3,3,2,3,3,3,3,2,3,3,0,2,3,2,0,3,3,3,3,3,3,3,3,3,3,1,3,2,0,3,3,3,3,2,0,0,3,0,2,3,3,3,0,2,0,0,0,3,3,1,3,3,3,3,2,0,3,3,2,2,0,2,0,0,3,0,3,0,2,2,3,3,3,0,0,2,3,3,3,2,0,0,0,0,3,3,3,2,0,3,0,3,0,3,2,3,3,2,0,0,2,3,2,2,3,3,2,3,0,0,3,3,3,3,0,2,0,0,2,0,0,0,2,2,3,0,2,2,3,3,3,0,3,0,2,3,-1,3,0,3,2,3,0,3,3,3
VEN,0,2,3,3,0,3,2,3,0,3,0,0,3,0,2,2,3,2,3,3,3,3,3,3,3,0,0,3,0,0,3,0,0,1,0,0,0,3,2,2,3,2,3,3,3,2,3,3,0,0,0,2,0,3,3,2,3,3,3,3,2,0,0,0,2,3,2,0,3,3,0,0,3,0,3,3,3,3,1,0,3,0,3,0,3,3,2,0,0,2,2,2,0,3,3,0,2,2,0,0,0,3,1,2,3,3,3,2,0,3,3,2,2,3,0,3,0,3,2,3,0,2,2,2,2,3,2,0,2,3,3,3,2,0,0,2,0,0,0,3,2,0,3,0,3,3,3,3,3,3,2,0,0,2,3,0,0,0,3,2,0,0,0,2,3,3,3,0,2,0,0,2,0,2,0,2,0,0,0,3,2,0,2,2,0,3,0,2,3,3,-1,2,0,2,3,0,3,2,2
VNM,0,0,0,0,0,0,0,0,0,0,2,0,0,0,0,0,0,0,0,0,0,0,2,0,3,3,0,0,0,0,0,3,0,1,0,0,0,0,2,2,0,2,0,0,0,2,3,0,0,0,3,0,0,0,0,2,0,0,0,3,2,0,0,0,2,0,2,0,0,0,0,0,0,0,0,3,0,3,1,0,2,0,0,0,0,0,0,0,3,2,3,3,0,0,0,2,3,0,0,0,2,0,1,2,0,0,0,0,0,0,0,2,2,0,2,0,0,0,3,0,0,2,2,2,2,3,2,0,2,0,0,0,2,0,0,0,0,3,0,3,2,0,0,0,0,0,3,2,0,0,2,0,0,2,3,0,2,0,0,2,0,0,0,2,0,0,0,0,2,0,0,2,3,2,0,2,0,0,0,0,2,0,2,2,0,0,0,2,0,3,0,-1,0,2,0,0,0,2,0
VUT,0,0,0,3,0,0,2,3,0,3,0,0,3,0,0,2,3,0,3,3,3,3,2,0,3,0,0,3,0,0,3,0,0,1,0,0,0,0,2,2,3,2,3,3,3,2,3,3,3,0,3,2,0,3,3,2,3,3,3,3,2,3,0,0,2,3,2,0,3,3,3,0,3,3,3,3,3,3,1,3,2,0,3,3,3,3,0,0,0,3,0,2,3,3,0,0,2,0,0,0,3,3,1,3,3,3,3,2,0,3,3,2,2,0,2,0,0,3,0,3,0,2,2,3,2,3,0,0,2,3,3,3,2,2,0,0,0,3,3,3,2,2,3,0,3,0,3,2,3,3,2,0,0,2,3,2,2,3,3,2,0,0,0,2,3,3,3,3,2,0,0,2,2,0,0,2,2,3,0,0,2,0,3,3,0,0,0,2,3,3,0,2,-1,2,3,0,0,3,3
WSM,0,0,0,3,0,0,2,3,0,3,0,0,3,0,0,3,3,0,3,3,0,3,2,0,3,0,0,3,0,1,3,0,0,1,0,0,0,3,2,2,3,2,3,3,3,2,3,3,0,0,3,2,0,3,3,2,3,3,3,3,2,3,0,0,2,3,2,0,3,3,0,0,3,0,3,3,3,3,1,3,2,0,3,0,3,3,2,0,0,3,0,2,3,0,3,0,2,2,0,0,3,3,1,3,3,3,3,3,0,3,3,2,2,0,2,0,0,3,0,3,0,2,2,3,3,3,0,0,2,2,3,3,2,2,0,0,3,3,3,3,2,2,3,0,3,0,3,2,3,3,2,0,0,2,3,2,2,0,3,2,0,0,0,2,3,3,3,3,2,0,0,2,0,0,0,2,2,3,0,0,2,0,3,2,0,0,0,2,3,3,0,0,3,-1,3,0,0,3,3
XKX,0,0,3,0,0,0,0,3,0,0,0,0,0,0,0,2,0,0,0,0,0,0,2,0,0,0,0,0,0,0,0,0,0,1,0,0,0,0,2,2,0,2,0,0,0,2,3,0,0,0,3,0,0,0,0,2,0,0,0,3,2,0,0,0,2,3,2,0,0,0,0,0,0,0,0,3,0,0,0,0,2,0,0,0,0,2,2,0,0,0,0,2,0,0,0,0,2,0,0,0,0,0,1,2,0,0,0,2,0,0,0,2,2,0,2,3,0,0,0,3,0,2,2,0,2,0,0,0,2,0,0,0,2,0,0,2,0,0,0,0,2,0,0,0,0,0,3,2,0,0,2,0,0,0,0,0,0,0,0,2,3,0,0,2,0,0,0,0,2,0,0,2,0,0,0,2,0,0,0,3,2,0,2,2,0,0,0,0,0,3,0,0,0,2,-1,0,0,0,0
YEM,0,0,0,0,0,0,0,0,0,0,0,0,0,0,0,0,0,0,0,0,0,0,2,0,0,0,0,0,0,0,0,0,0,1,0,0,0,0,2,2,0,2,0,0,0,2,3,0,0,0,3,0,0,0,0,2,0,0,0,3,2,0,0,0,2,0,2,0,0,0,0,0,0,0,0,3,0,0,0,0,0,0,0,0,0,0,0,0,0,0,0,2,0,0,0,0,2,2,0,0,0,0,1,2,0,0,0,2,0,0,0,2,2,0,0,0,0,0,0,0,0,2,2,0,2,3,0,0,2,0,0,0,2,0,0,0,0,0,0,0,2,0,0,0,0,0,3,2,0,0,2,0,3,0,0,0,0,0,0,2,0,0,0,2,0,0,0,0,2,3,0,2,0,2,0,2,0,0,0,0,2,0,0,2,0,0,0,0,0,3,0,0,0,2,0,-1,0,0,0
ZAF,0,3,0,0,0,3,2,3,0,0,2,0,0,3,0,0,0,0,3,0,0,3,2,3,3,0,0,3,0,0,0,3,0,1,0,0,0,0,2,2,3,2,0,0,0,2,3,0,3,0,3,0,0,0,0,2,0,3,0,3,2,0,3,2,2,3,2,0,0,3,3,3,3,3,0,3,0,3,1,3,2,0,0,3,0,3,2,0,0,3,2,2,0,3,3,0,2,0,0,0,3,0,1,3,0,0,0,3,0,0,0,2,2,0,2,0,0,0,2,0,0,3,2,3,3,3,3,0,2,3,0,0,2,0,0,2,0,3,3,3,2,0,0,0,0,3,3,3,0,3,2,0,0,2,3,0,2,3,0,2,0,0,0,2,0,0,0,3,2,0,0,2,3,2,0,2,0,3,3,2,2,0,3,2,0,3,0,0,0,3,3,0,3,2,3,0,-1,3,3
ZMB,0,3,0,0,0,0,0,3,0,0,0,0,0,3,0,3,0,0,3,0,0,3,2,0,3,0,0,3,0,0,0,0,0,1,0,0,0,0,2,2,0,2,0,0,0,2,3,0,0,0,3,0,0,0,0,2,0,3,0,3,2,0,0,2,2,3,2,0,0,3,0,0,3,0,0,3,0,3,1,0,2,0,0,0,0,3,0,0,0,3,0,2,3,3,0,0,0,0,0,0,3,0,1,3,0,0,0,2,0,0,0,2,2,0,0,0,0,0,0,0,0,3,2,3,3,3,3,0,2,2,0,0,2,0,0,0,2,0,0,3,2,0,0,0,0,0,0,2,0,0,2,0,0,2,3,0,2,0,0,2,0,0,0,2,0,0,0,3,2,0,0,2,0,0,0,2,0,3,0,2,2,0,3,3,0,0,0,0,0,3,0,0,3,2,0,0,3,-1,3
ZWE,0,3,0,0,0,0,0,0,0,0,0,0,0,3,0,2,0,0,3,0,0,3,2,0,3,0,0,3,0,0,0,0,0,1,0,3,0,0,2,2,0,2,0,0,0,2,3,0,0,0,3,0,0,0,0,2,0,3,0,3,2,0,0,3,2,3,2,0,0,0,0,0,3,0,0,3,0,3,1,0,2,0,0,0,0,0,2,0,0,3,0,2,3,3,0,0,0,0,0,0,2,0,1,3,0,0,0,2,0,0,0,2,2,0,0,0,0,0,0,0,0,3,2,3,3,3,3,0,2,2,0,0,0,0,0,0,0,0,0,3,2,0,0,0,0,0,3,2,0,0,2,0,0,2,3,0,0,0,0,2,0,0,0,2,0,0,0,3,2,0,0,2,0,0,0,2,0,3,0,0,2,0,3,3,0,0,0,0,0,3,0,0,3,2,0,0,3,3,-1
